-- MySQL dump 10.13  Distrib 5.7.9, for Win64 (x86_64)
--
-- Host: localhost    Database: eb
-- ------------------------------------------------------
-- Server version	5.7.9-log

/*!40101 SET @OLD_CHARACTER_SET_CLIENT=@@CHARACTER_SET_CLIENT */;
/*!40101 SET @OLD_CHARACTER_SET_RESULTS=@@CHARACTER_SET_RESULTS */;
/*!40101 SET @OLD_COLLATION_CONNECTION=@@COLLATION_CONNECTION */;
/*!40101 SET NAMES utf8 */;
/*!40103 SET @OLD_TIME_ZONE=@@TIME_ZONE */;
/*!40103 SET TIME_ZONE='+00:00' */;
/*!40014 SET @OLD_UNIQUE_CHECKS=@@UNIQUE_CHECKS, UNIQUE_CHECKS=0 */;
/*!40014 SET @OLD_FOREIGN_KEY_CHECKS=@@FOREIGN_KEY_CHECKS, FOREIGN_KEY_CHECKS=0 */;
/*!40101 SET @OLD_SQL_MODE=@@SQL_MODE, SQL_MODE='NO_AUTO_VALUE_ON_ZERO' */;
/*!40111 SET @OLD_SQL_NOTES=@@SQL_NOTES, SQL_NOTES=0 */;

--
-- Table structure for table `auth_group`
--

DROP TABLE IF EXISTS `auth_group`;
/*!40101 SET @saved_cs_client     = @@character_set_client */;
/*!40101 SET character_set_client = utf8 */;
CREATE TABLE `auth_group` (
  `id` int(11) NOT NULL AUTO_INCREMENT,
  `name` varchar(80) NOT NULL,
  PRIMARY KEY (`id`),
  UNIQUE KEY `name` (`name`)
) ENGINE=InnoDB AUTO_INCREMENT=2 DEFAULT CHARSET=utf8;
/*!40101 SET character_set_client = @saved_cs_client */;

--
-- Dumping data for table `auth_group`
--

LOCK TABLES `auth_group` WRITE;
/*!40000 ALTER TABLE `auth_group` DISABLE KEYS */;
INSERT INTO `auth_group` VALUES (1,'Salesperson');
/*!40000 ALTER TABLE `auth_group` ENABLE KEYS */;
UNLOCK TABLES;

--
-- Table structure for table `auth_group_permissions`
--

DROP TABLE IF EXISTS `auth_group_permissions`;
/*!40101 SET @saved_cs_client     = @@character_set_client */;
/*!40101 SET character_set_client = utf8 */;
CREATE TABLE `auth_group_permissions` (
  `id` int(11) NOT NULL AUTO_INCREMENT,
  `group_id` int(11) NOT NULL,
  `permission_id` int(11) NOT NULL,
  PRIMARY KEY (`id`),
  UNIQUE KEY `group_id` (`group_id`,`permission_id`),
  KEY `auth_group_permissi_permission_id_23962d04_fk_auth_permission_id` (`permission_id`),
  CONSTRAINT `auth_group_permissi_permission_id_23962d04_fk_auth_permission_id` FOREIGN KEY (`permission_id`) REFERENCES `auth_permission` (`id`),
  CONSTRAINT `auth_group_permissions_group_id_58c48ba9_fk_auth_group_id` FOREIGN KEY (`group_id`) REFERENCES `auth_group` (`id`)
) ENGINE=InnoDB AUTO_INCREMENT=37 DEFAULT CHARSET=utf8;
/*!40101 SET character_set_client = @saved_cs_client */;

--
-- Dumping data for table `auth_group_permissions`
--

LOCK TABLES `auth_group_permissions` WRITE;
/*!40000 ALTER TABLE `auth_group_permissions` DISABLE KEYS */;
INSERT INTO `auth_group_permissions` VALUES (1,1,22),(2,1,23),(3,1,25),(4,1,26),(5,1,31),(6,1,32),(7,1,34),(8,1,35),(9,1,37),(10,1,38),(11,1,40),(12,1,41),(13,1,43),(14,1,44),(15,1,45),(16,1,46),(17,1,47),(18,1,48),(19,1,49),(20,1,50),(21,1,52),(22,1,53),(23,1,54),(24,1,55),(25,1,56),(26,1,58),(27,1,59),(28,1,61),(29,1,62),(30,1,63),(31,1,64),(32,1,65),(33,1,66),(34,1,70),(35,1,71),(36,1,72);
/*!40000 ALTER TABLE `auth_group_permissions` ENABLE KEYS */;
UNLOCK TABLES;

--
-- Table structure for table `auth_permission`
--

DROP TABLE IF EXISTS `auth_permission`;
/*!40101 SET @saved_cs_client     = @@character_set_client */;
/*!40101 SET character_set_client = utf8 */;
CREATE TABLE `auth_permission` (
  `id` int(11) NOT NULL AUTO_INCREMENT,
  `name` varchar(255) NOT NULL,
  `content_type_id` int(11) NOT NULL,
  `codename` varchar(100) NOT NULL,
  PRIMARY KEY (`id`),
  UNIQUE KEY `content_type_id` (`content_type_id`,`codename`),
  CONSTRAINT `auth_permissi_content_type_id_51277a81_fk_django_content_type_id` FOREIGN KEY (`content_type_id`) REFERENCES `django_content_type` (`id`)
) ENGINE=InnoDB AUTO_INCREMENT=88 DEFAULT CHARSET=utf8;
/*!40101 SET character_set_client = @saved_cs_client */;

--
-- Dumping data for table `auth_permission`
--

LOCK TABLES `auth_permission` WRITE;
/*!40000 ALTER TABLE `auth_permission` DISABLE KEYS */;
INSERT INTO `auth_permission` VALUES (1,'Can add log entry',1,'add_logentry'),(2,'Can change log entry',1,'change_logentry'),(3,'Can delete log entry',1,'delete_logentry'),(4,'Can add permission',2,'add_permission'),(5,'Can change permission',2,'change_permission'),(6,'Can delete permission',2,'delete_permission'),(7,'Can add group',3,'add_group'),(8,'Can change group',3,'change_group'),(9,'Can delete group',3,'delete_group'),(10,'Can add user',4,'add_user'),(11,'Can change user',4,'change_user'),(12,'Can delete user',4,'delete_user'),(13,'Can add content type',5,'add_contenttype'),(14,'Can change content type',5,'change_contenttype'),(15,'Can delete content type',5,'delete_contenttype'),(16,'Can add session',6,'add_session'),(17,'Can change session',6,'change_session'),(18,'Can delete session',6,'delete_session'),(19,'Can add 会社',7,'add_company'),(20,'Can change 会社',7,'change_company'),(21,'Can delete 会社',7,'delete_company'),(22,'Can add 協力会社',8,'add_subcontractor'),(23,'Can change 協力会社',8,'change_subcontractor'),(24,'Can delete 協力会社',8,'delete_subcontractor'),(25,'Can add 部署',9,'add_section'),(26,'Can change 部署',9,'change_section'),(27,'Can delete 部署',9,'delete_section'),(28,'Can add 営業員',10,'add_salesperson'),(29,'Can change 営業員',10,'change_salesperson'),(30,'Can delete 営業員',10,'delete_salesperson'),(31,'Can add 社員',11,'add_member'),(32,'Can change 社員',11,'change_member'),(33,'Can delete 社員',11,'delete_member'),(34,'Can add 職位',12,'add_positionship'),(35,'Can change 職位',12,'change_positionship'),(36,'Can delete 職位',12,'delete_positionship'),(37,'Can add 取引先',13,'add_client'),(38,'Can change 取引先',13,'change_client'),(39,'Can delete 取引先',13,'delete_client'),(40,'Can add お客様',14,'add_clientmember'),(41,'Can change お客様',14,'change_clientmember'),(42,'Can delete お客様',14,'delete_clientmember'),(43,'Can add スキル',15,'add_skill'),(44,'Can change スキル',15,'change_skill'),(45,'Can delete スキル',15,'delete_skill'),(46,'Can add 機種／OS',16,'add_os'),(47,'Can change 機種／OS',16,'change_os'),(48,'Can delete 機種／OS',16,'delete_os'),(49,'Can add 案件',17,'add_project'),(50,'Can change 案件',17,'change_project'),(51,'Can delete 案件',17,'delete_project'),(52,'Can add 案件活動',18,'add_projectactivity'),(53,'Can change 案件活動',18,'change_projectactivity'),(54,'Can delete 案件活動',18,'delete_projectactivity'),(55,'Can add 案件のスキル要求',19,'add_projectskill'),(56,'Can change 案件のスキル要求',19,'change_projectskill'),(57,'Can delete 案件のスキル要求',19,'delete_projectskill'),(58,'Can add 作業工程',20,'add_projectstage'),(59,'Can change 作業工程',20,'change_projectstage'),(60,'Can delete 作業工程',20,'delete_projectstage'),(61,'Can add 案件メンバー',21,'add_projectmember'),(62,'Can change 案件メンバー',21,'change_projectmember'),(63,'Can delete 案件メンバー',21,'delete_projectmember'),(64,'Can add 勤務時間',22,'add_memberattendance'),(65,'Can change 勤務時間',22,'change_memberattendance'),(66,'Can delete 勤務時間',22,'delete_memberattendance'),(67,'Can add 学歴',23,'add_degree'),(68,'Can change 学歴',23,'change_degree'),(69,'Can delete 学歴',23,'delete_degree'),(70,'Can add 以前やっていた案件',24,'add_historyproject'),(71,'Can change 以前やっていた案件',24,'change_historyproject'),(72,'Can delete 以前やっていた案件',24,'delete_historyproject'),(73,'Can add お客様注文書',25,'add_clientorder'),(74,'Can change お客様注文書',25,'change_clientorder'),(75,'Can delete お客様注文書',25,'delete_clientorder'),(76,'Can add 清算分類',26,'add_expensescategory'),(77,'Can change 清算分類',26,'change_expensescategory'),(78,'Can delete 清算分類',26,'delete_expensescategory'),(79,'Can add 清算リスト',27,'add_memberexpenses'),(80,'Can change 清算リスト',27,'change_memberexpenses'),(81,'Can delete 清算リスト',27,'delete_memberexpenses'),(82,'Can add 銀行口座',28,'add_bankinfo'),(83,'Can change 銀行口座',28,'change_bankinfo'),(84,'Can delete 銀行口座',28,'delete_bankinfo'),(85,'Can add project request',29,'add_projectrequest'),(86,'Can change project request',29,'change_projectrequest'),(87,'Can delete project request',29,'delete_projectrequest');
/*!40000 ALTER TABLE `auth_permission` ENABLE KEYS */;
UNLOCK TABLES;

--
-- Table structure for table `auth_user`
--

DROP TABLE IF EXISTS `auth_user`;
/*!40101 SET @saved_cs_client     = @@character_set_client */;
/*!40101 SET character_set_client = utf8 */;
CREATE TABLE `auth_user` (
  `id` int(11) NOT NULL AUTO_INCREMENT,
  `password` varchar(128) NOT NULL,
  `last_login` datetime DEFAULT NULL,
  `is_superuser` tinyint(1) NOT NULL,
  `username` varchar(30) NOT NULL,
  `first_name` varchar(30) NOT NULL,
  `last_name` varchar(30) NOT NULL,
  `email` varchar(254) NOT NULL,
  `is_staff` tinyint(1) NOT NULL,
  `is_active` tinyint(1) NOT NULL,
  `date_joined` datetime NOT NULL,
  PRIMARY KEY (`id`),
  UNIQUE KEY `username` (`username`)
) ENGINE=InnoDB AUTO_INCREMENT=12 DEFAULT CHARSET=utf8;
/*!40101 SET character_set_client = @saved_cs_client */;

--
-- Dumping data for table `auth_user`
--

LOCK TABLES `auth_user` WRITE;
/*!40000 ALTER TABLE `auth_user` DISABLE KEYS */;
INSERT INTO `auth_user` VALUES (1,'pbkdf2_sha256$20000$htWwsUMFVDS0$v6ZSASVBkToStz0oThmSLgKSWkwwYjFACrUcrHTlVsc=','2016-01-12 06:46:35',1,'admin','','','yangwanjun@e-business.co.jp',1,1,'2015-11-11 09:22:46'),(2,'pbkdf2_sha256$20000$NL6l0TIytf71$oP+nF964TvU1oR4Z7IooK72Hjx2eSd5FV5ha+C695rU=','2015-11-16 06:18:06',1,'zhaowei@e-business.co.jp','趙','威','zhaowei@e-business.co.jp',1,1,'2015-11-16 06:14:57'),(3,'pbkdf2_sha256$20000$nYEgGf4Vwnqc$UnoRArPVJUhAEQpczh1GKCYpZsMYAHU324grv87udms=','2016-01-04 01:22:39',1,'shenyifan@e-business.co.jp','沈','漪帆','shenyifan@e-business.co.jp',1,1,'2015-11-18 06:36:13'),(4,'pbkdf2_sha256$20000$gqfRIDwEGB15$EPDURNCCqbzsPg/g6ZCMyDjZW1yt1+1/xncqRFcMOjI=','2016-01-04 05:14:57',1,'sunyunchai@e-business.co.jp','孫','雲釵','sunyunchai@e-business.co.jp',1,1,'2015-12-07 10:54:02'),(5,'pbkdf2_sha256$20000$NbMmTmP0V8ns$TblA52YouesS6KG5tV+hXZrMCIQJ1fexjFyq5HeYs98=','2016-01-04 04:56:48',1,'dingling@e-business.co.jp','丁','玲','dingling@e-business.co.jp',1,1,'2016-01-04 04:56:08'),(6,'pbkdf2_sha256$20000$bTwInh1MyTE2$7Xfhx5Vedxzltv3KX/AnkfwD/8ZXoYUDlJUhOfjzj+w=','2016-01-07 02:55:39',1,'saito@e-business.co.jp','齋藤','善次','saito@e-business.co.jp',1,1,'2016-01-04 06:56:15'),(7,'pbkdf2_sha256$20000$2XIG99un2QVi$bxLqgsG2u7rYPaUO0hnNwXS+UfrgGt2hfkNI1WSLihY=','2016-01-04 07:05:21',1,'liuchang@e-business.co.jp','劉','暢','liuchang@e-business.co.jp',1,1,'2016-01-04 06:59:48'),(8,'pbkdf2_sha256$20000$E1qctO1Ca262$46GECVx3pRyDuGk+/FiFDD+pC+HtK5yHNdacJDutJz4=','2016-01-04 07:15:44',1,'zhangsinuo@e-business.co.jp','張','斯諾','zhangsinuo@e-business.co.jp',1,1,'2016-01-04 06:59:49'),(9,'pbkdf2_sha256$20000$wKc6VwCtHvgv$ZFHR3yEcfgj02fhUlAiMrmCOyq3gFzuky6/KNyUWWps=','2016-01-04 07:02:21',1,'wangli@e-business.co.jp','王','莉','wangli@e-business.co.jp',1,1,'2016-01-04 06:59:49'),(10,'pbkdf2_sha256$20000$J9oMM5NNQ0tW$vAPoTSY3lnBt7foFGwSw6gWvamBW2nAFzmpBLMu8Uds=','2016-01-04 07:12:32',1,'zhengjing@e-business.co.jp','鄭','晶','zhengjing@e-business.co.jp',1,1,'2016-01-04 06:59:49'),(11,'pbkdf2_sha256$20000$KgosrTumxdxs$QZc28RmcVczr0/OjIMRCz4VmELT7F4LXRNZynvpOA2M=',NULL,0,'keii@e-business.co.jp','荊','威','keii@e-business.co.jp',1,1,'2016-01-04 06:59:56');
/*!40000 ALTER TABLE `auth_user` ENABLE KEYS */;
UNLOCK TABLES;

--
-- Table structure for table `auth_user_groups`
--

DROP TABLE IF EXISTS `auth_user_groups`;
/*!40101 SET @saved_cs_client     = @@character_set_client */;
/*!40101 SET character_set_client = utf8 */;
CREATE TABLE `auth_user_groups` (
  `id` int(11) NOT NULL AUTO_INCREMENT,
  `user_id` int(11) NOT NULL,
  `group_id` int(11) NOT NULL,
  PRIMARY KEY (`id`),
  UNIQUE KEY `user_id` (`user_id`,`group_id`),
  KEY `auth_user_groups_group_id_30a071c9_fk_auth_group_id` (`group_id`),
  CONSTRAINT `auth_user_groups_group_id_30a071c9_fk_auth_group_id` FOREIGN KEY (`group_id`) REFERENCES `auth_group` (`id`),
  CONSTRAINT `auth_user_groups_user_id_24702650_fk_auth_user_id` FOREIGN KEY (`user_id`) REFERENCES `auth_user` (`id`)
) ENGINE=InnoDB AUTO_INCREMENT=21 DEFAULT CHARSET=utf8;
/*!40101 SET character_set_client = @saved_cs_client */;

--
-- Dumping data for table `auth_user_groups`
--

LOCK TABLES `auth_user_groups` WRITE;
/*!40000 ALTER TABLE `auth_user_groups` DISABLE KEYS */;
INSERT INTO `auth_user_groups` VALUES (2,2,1),(4,3,1),(6,4,1),(14,5,1),(17,6,1),(15,7,1),(19,8,1),(18,9,1),(20,10,1),(13,11,1);
/*!40000 ALTER TABLE `auth_user_groups` ENABLE KEYS */;
UNLOCK TABLES;

--
-- Table structure for table `auth_user_user_permissions`
--

DROP TABLE IF EXISTS `auth_user_user_permissions`;
/*!40101 SET @saved_cs_client     = @@character_set_client */;
/*!40101 SET character_set_client = utf8 */;
CREATE TABLE `auth_user_user_permissions` (
  `id` int(11) NOT NULL AUTO_INCREMENT,
  `user_id` int(11) NOT NULL,
  `permission_id` int(11) NOT NULL,
  PRIMARY KEY (`id`),
  UNIQUE KEY `user_id` (`user_id`,`permission_id`),
  KEY `auth_user_user_perm_permission_id_3d7071f0_fk_auth_permission_id` (`permission_id`),
  CONSTRAINT `auth_user_user_perm_permission_id_3d7071f0_fk_auth_permission_id` FOREIGN KEY (`permission_id`) REFERENCES `auth_permission` (`id`),
  CONSTRAINT `auth_user_user_permissions_user_id_7cd7acb6_fk_auth_user_id` FOREIGN KEY (`user_id`) REFERENCES `auth_user` (`id`)
) ENGINE=InnoDB DEFAULT CHARSET=utf8;
/*!40101 SET character_set_client = @saved_cs_client */;

--
-- Dumping data for table `auth_user_user_permissions`
--

LOCK TABLES `auth_user_user_permissions` WRITE;
/*!40000 ALTER TABLE `auth_user_user_permissions` DISABLE KEYS */;
/*!40000 ALTER TABLE `auth_user_user_permissions` ENABLE KEYS */;
UNLOCK TABLES;

--
-- Table structure for table `django_admin_log`
--

DROP TABLE IF EXISTS `django_admin_log`;
/*!40101 SET @saved_cs_client     = @@character_set_client */;
/*!40101 SET character_set_client = utf8 */;
CREATE TABLE `django_admin_log` (
  `id` int(11) NOT NULL AUTO_INCREMENT,
  `action_time` datetime NOT NULL,
  `object_id` longtext,
  `object_repr` varchar(200) NOT NULL,
  `action_flag` smallint(5) unsigned NOT NULL,
  `change_message` longtext NOT NULL,
  `content_type_id` int(11) DEFAULT NULL,
  `user_id` int(11) NOT NULL,
  PRIMARY KEY (`id`),
  KEY `django_admin__content_type_id_5151027a_fk_django_content_type_id` (`content_type_id`),
  KEY `django_admin_log_user_id_1c5f563_fk_auth_user_id` (`user_id`),
  CONSTRAINT `django_admin__content_type_id_5151027a_fk_django_content_type_id` FOREIGN KEY (`content_type_id`) REFERENCES `django_content_type` (`id`),
  CONSTRAINT `django_admin_log_user_id_1c5f563_fk_auth_user_id` FOREIGN KEY (`user_id`) REFERENCES `auth_user` (`id`)
) ENGINE=InnoDB AUTO_INCREMENT=1617 DEFAULT CHARSET=utf8;
/*!40101 SET character_set_client = @saved_cs_client */;

--
-- Dumping data for table `django_admin_log`
--

LOCK TABLES `django_admin_log` WRITE;
/*!40000 ALTER TABLE `django_admin_log` DISABLE KEYS */;
INSERT INTO `django_admin_log` VALUES (1,'2015-11-11 09:24:43','1','株式会社イー・ビジネス',1,'',7,1),(2,'2015-11-12 06:18:10','1','株式会社DTS',1,'',13,1),(3,'2015-11-12 06:18:29','1','株式会社DTS',2,'変更はありませんでした。',13,1),(4,'2015-11-12 06:20:10','1','株式会社DTS',2,'post_code と address1 を変更しました。',13,1),(5,'2015-11-12 06:41:21','1','株式会社DTS',2,'address2, tel, fax, president と employee_count を変更しました。',13,1),(6,'2015-11-12 06:42:05','1','株式会社DTS',2,'payment_month と payment_day を変更しました。',13,1),(7,'2015-11-12 06:53:41','2','アイエックス・ナレッジ株式会社',1,'',13,1),(8,'2015-11-12 06:53:41','3','アイエックス・ナレッジ株式会社',1,'',13,1),(9,'2015-11-12 09:08:14','3','アイエックス・ナレッジ株式会社',3,'',13,1),(10,'2015-11-12 09:25:21','132',' 姚',3,'',11,1),(11,'2015-11-12 09:25:21','205',' 焦',3,'',11,1),(12,'2015-11-12 09:25:21','324','丁 偉',3,'',11,1),(13,'2015-11-12 09:25:21','65','丁 君禄',3,'',11,1),(14,'2015-11-12 09:25:21','218','丁 玲',3,'',11,1),(15,'2015-11-12 09:25:21','265','万 力',3,'',11,1),(16,'2015-11-12 09:25:21','140','万 寧',3,'',11,1),(17,'2015-11-12 09:25:21','80','三好 博之',3,'',11,1),(18,'2015-11-12 09:25:21','332','于 昊淼',3,'',11,1),(19,'2015-11-12 09:25:21','10','井 月',3,'',11,1),(20,'2015-11-12 09:25:21','106','任 蕾',3,'',11,1),(21,'2015-11-12 09:25:21','101','任 雪',3,'',11,1),(22,'2015-11-12 09:25:21','60','伍 瑛',3,'',11,1),(23,'2015-11-12 09:25:21','322','侯 旭',3,'',11,1),(24,'2015-11-12 09:25:21','71','倪 丹',3,'',11,1),(25,'2015-11-12 09:25:21','56','倪 楊',3,'',11,1),(26,'2015-11-12 09:25:21','320','兪 炳華',3,'',11,1),(27,'2015-11-12 09:25:21','281','初 陽',3,'',11,1),(28,'2015-11-12 09:25:21','306','劉 丹',3,'',11,1),(29,'2015-11-12 09:25:21','329','劉 伝佳',3,'',11,1),(30,'2015-11-12 09:25:21','135','劉 全民',3,'',11,1),(31,'2015-11-12 09:25:21','151','劉 季',3,'',11,1),(32,'2015-11-12 09:25:22','18','劉 寧',3,'',11,1),(33,'2015-11-12 09:25:22','308','劉 建民',3,'',11,1),(34,'2015-11-12 09:25:22','190','劉 徳欣',3,'',11,1),(35,'2015-11-12 09:25:22','186','劉 斌',3,'',11,1),(36,'2015-11-12 09:25:22','231','劉 明',3,'',11,1),(37,'2015-11-12 09:25:22','27','劉 晋',3,'',11,1),(38,'2015-11-12 09:25:22','146','劉 暢',3,'',11,1),(39,'2015-11-12 09:25:22','158','劉 衛勇',3,'',11,1),(40,'2015-11-12 09:25:22','271','劉 陽',3,'',11,1),(41,'2015-11-12 09:25:22','77','包 雲芳',3,'',11,1),(42,'2015-11-12 09:25:22','170','南 雲霏',3,'',11,1),(43,'2015-11-12 09:25:22','117','叢 怜悧',3,'',11,1),(44,'2015-11-12 09:25:22','196','史 佳霖',3,'',11,1),(45,'2015-11-12 09:25:22','67','史 禎麟',3,'',11,1),(46,'2015-11-12 09:25:22','222','叶 海涛',3,'',11,1),(47,'2015-11-12 09:25:22','17','呂 爍霞',3,'',11,1),(48,'2015-11-12 09:25:22','230','呉 友清',3,'',11,1),(49,'2015-11-12 09:25:22','304','呉 振宇',3,'',11,1),(50,'2015-11-12 09:25:22','88','呉 樹霞',3,'',11,1),(51,'2015-11-12 09:25:22','258','呉 浩樹',3,'',11,1),(52,'2015-11-12 09:25:22','131','周 晶',3,'',11,1),(53,'2015-11-12 09:25:22','49','周 紅',3,'',11,1),(54,'2015-11-12 09:25:22','250','周 鼎',3,'',11,1),(55,'2015-11-12 09:25:22','301','夏 天',3,'',11,1),(56,'2015-11-12 09:25:23','183','太 文哲',3,'',11,1),(57,'2015-11-12 09:25:23','197','姚 慶',3,'',11,1),(58,'2015-11-12 09:25:23','334','孟 凡軍',3,'',11,1),(59,'2015-11-12 09:25:23','61','孫 叡',3,'',11,1),(60,'2015-11-12 09:25:23','226','孫 天龍',3,'',11,1),(61,'2015-11-12 09:25:23','163','孫 建偉',3,'',11,1),(62,'2015-11-12 09:25:23','191','孫 恒',3,'',11,1),(63,'2015-11-12 09:25:23','83','孫 林',3,'',11,1),(64,'2015-11-12 09:25:23','24','孫 茂琳',3,'',11,1),(65,'2015-11-12 09:25:23','325','孫 諾',3,'',11,1),(66,'2015-11-12 09:25:23','283','孫 通',3,'',11,1),(67,'2015-11-12 09:25:23','194','孫 雲釵',3,'',11,1),(68,'2015-11-12 09:25:23','62','宇 虹',3,'',11,1),(69,'2015-11-12 09:25:23','130','安 豊平',3,'',11,1),(70,'2015-11-12 09:25:23','129','宋 征兵',3,'',11,1),(71,'2015-11-12 09:25:23','86','宋 文良',3,'',11,1),(72,'2015-11-12 09:25:23','32','寧 成遠',3,'',11,1),(73,'2015-11-12 09:25:23','109','寧 錚然',3,'',11,1),(74,'2015-11-12 09:25:23','272','尹 雪平',3,'',11,1),(75,'2015-11-12 09:25:23','214','山中 光',3,'',11,1),(76,'2015-11-12 09:25:23','178','山中 美香',3,'',11,1),(77,'2015-11-12 09:25:23','275','岑 峰',3,'',11,1),(78,'2015-11-12 09:25:23','290','岳 朦',3,'',11,1),(79,'2015-11-12 09:25:23','70','崔 宇星',3,'',11,1),(80,'2015-11-12 09:25:23','34','崔 寧',3,'',11,1),(81,'2015-11-12 09:25:23','20','崔 岳',3,'',11,1),(82,'2015-11-12 09:25:23','192','崔 海龍',3,'',11,1),(83,'2015-11-12 09:25:24','31','崔 虓',3,'',11,1),(84,'2015-11-12 09:25:24','319','巴 威',3,'',11,1),(85,'2015-11-12 09:25:24','55','市川 徹',3,'',11,1),(86,'2015-11-12 09:25:24','66','庄 昌昌',3,'',11,1),(87,'2015-11-12 09:25:24','176','廖 宜春',3,'',11,1),(88,'2015-11-12 09:25:24','331','延 国輝',3,'',11,1),(89,'2015-11-12 09:25:24','64','張 丹',3,'',11,1),(90,'2015-11-12 09:25:24','81','張 倩楠',3,'',11,1),(91,'2015-11-12 09:25:24','235','張 勇',3,'',11,1),(92,'2015-11-12 09:25:24','93','張 勝召',3,'',11,1),(93,'2015-11-12 09:25:24','147','張 勝男',3,'',11,1),(94,'2015-11-12 09:25:24','82','張 妍',3,'',11,1),(95,'2015-11-12 09:25:24','26','張 娜',3,'',11,1),(96,'2015-11-12 09:25:24','177','張 孟超',3,'',11,1),(97,'2015-11-12 09:25:24','228','張 学哲',3,'',11,1),(98,'2015-11-12 09:25:24','213','張 宏傑',3,'',11,1),(99,'2015-11-12 09:25:24','53','張 寧',3,'',11,1),(100,'2015-11-12 09:25:24','11','張 寧',3,'',11,1),(101,'2015-11-12 09:25:24','289','張 寧波',3,'',11,1),(102,'2015-11-12 09:25:24','282','張 帆',3,'',11,1),(103,'2015-11-12 09:25:24','247','張 弘',3,'',11,1),(104,'2015-11-12 09:25:24','113','張 強',3,'',11,1),(105,'2015-11-12 09:25:24','326','張 文瑞',3,'',11,1),(106,'2015-11-12 09:25:24','7','張 斯諾',3,'',11,1),(107,'2015-11-12 09:25:24','128','張 本超',3,'',11,1),(108,'2015-11-12 09:25:25','36','張 涛',3,'',11,1),(109,'2015-11-12 09:25:25','6','張 燕',3,'',11,1),(110,'2015-11-12 09:25:25','126','張 燦',3,'',11,1),(111,'2015-11-12 09:25:25','144','張 猛',3,'',11,1),(112,'2015-11-12 09:25:25','1','張 瑞杰',3,'',11,1),(113,'2015-11-12 09:25:25','22','張 璐璐',3,'',11,1),(114,'2015-11-12 09:25:25','236','張 磊',3,'',11,1),(115,'2015-11-12 09:25:25','79','張 磊',3,'',11,1),(116,'2015-11-12 09:25:25','138','張 立',3,'',11,1),(117,'2015-11-12 09:25:25','240','張 紅霞',3,'',11,1),(118,'2015-11-12 09:25:25','198','張 群竹',3,'',11,1),(119,'2015-11-12 09:25:25','297','張 翔',3,'',11,1),(120,'2015-11-12 09:25:25','175','張 謙愷',3,'',11,1),(121,'2015-11-12 09:25:25','260','張 遠邦',3,'',11,1),(122,'2015-11-12 09:25:25','173','張 雲',3,'',11,1),(123,'2015-11-12 09:25:25','107','張 雷',3,'',11,1),(124,'2015-11-12 09:25:25','184','彭 生志',3,'',11,1),(125,'2015-11-12 09:25:25','160','徐 国旗',3,'',11,1),(126,'2015-11-12 09:25:25','242','徐 志強',3,'',11,1),(127,'2015-11-12 09:25:25','33','徐 文珍',3,'',11,1),(128,'2015-11-12 09:25:25','189','徐 智亮',3,'',11,1),(129,'2015-11-12 09:25:25','75','徐 玉柱',3,'',11,1),(130,'2015-11-12 09:25:25','47','徐 翔',3,'',11,1),(131,'2015-11-12 09:25:25','124','戴 震',3,'',11,1),(132,'2015-11-12 09:25:25','179','房 宇哲',3,'',11,1),(133,'2015-11-12 09:25:25','211','文 彬彬',3,'',11,1),(134,'2015-11-12 09:25:25','125','方 興旭',3,'',11,1),(135,'2015-11-12 09:25:26','195','施 揚智',3,'',11,1),(136,'2015-11-12 09:25:26','336','易 元華',3,'',11,1),(137,'2015-11-12 09:25:26','200','時 洋',3,'',11,1),(138,'2015-11-12 09:25:26','256','晋 璐稀',3,'',11,1),(139,'2015-11-12 09:25:26','161','曹 徳芳',3,'',11,1),(140,'2015-11-12 09:25:26','274','木村 陽一',3,'',11,1),(141,'2015-11-12 09:25:26','233','朱 佳琪',3,'',11,1),(142,'2015-11-12 09:25:26','63','朱 俊傑',3,'',11,1),(143,'2015-11-12 09:25:26','303','朱 凱',3,'',11,1),(144,'2015-11-12 09:25:26','95','朱 振宵',3,'',11,1),(145,'2015-11-12 09:25:26','143','朱 江陵',3,'',11,1),(146,'2015-11-12 09:25:26','122','朱 軍',3,'',11,1),(147,'2015-11-12 09:25:26','155','李 万春',3,'',11,1),(148,'2015-11-12 09:25:26','120','李 中超',3,'',11,1),(149,'2015-11-12 09:25:26','108','李 亮',3,'',11,1),(150,'2015-11-12 09:25:26','245','李 偉',3,'',11,1),(151,'2015-11-12 09:25:26','188','李 勇君',3,'',11,1),(152,'2015-11-12 09:25:26','254','李 咏梅',3,'',11,1),(153,'2015-11-12 09:25:26','261','李 宏波',3,'',11,1),(154,'2015-11-12 09:25:26','2','李 志偉',3,'',11,1),(155,'2015-11-12 09:25:26','174','李 政材',3,'',11,1),(156,'2015-11-12 09:25:26','153','李 文輝',3,'',11,1),(157,'2015-11-12 09:25:26','267','李 新文',3,'',11,1),(158,'2015-11-12 09:25:26','292','李 永傑',3,'',11,1),(159,'2015-11-12 09:25:26','102','李 永全',3,'',11,1),(160,'2015-11-12 09:25:26','249','李 洪軍',3,'',11,1),(161,'2015-11-12 09:25:27','99','李 炳錫',3,'',11,1),(162,'2015-11-12 09:25:27','338','李 玉全',3,'',11,1),(163,'2015-11-12 09:25:27','87','李 真',3,'',11,1),(164,'2015-11-12 09:25:27','208','李 秀棟',3,'',11,1),(165,'2015-11-12 09:25:27','246','李 立昌',3,'',11,1),(166,'2015-11-12 09:25:27','59','李 英男',3,'',11,1),(167,'2015-11-12 09:25:27','40','李 超',3,'',11,1),(168,'2015-11-12 09:25:27','23','李 超逸',3,'',11,1),(169,'2015-11-12 09:25:27','293','李 雲傑',3,'',11,1),(170,'2015-11-12 09:25:27','266','李 飛舟',3,'',11,1),(171,'2015-11-12 09:25:27','111','杜 嘉',3,'',11,1),(172,'2015-11-12 09:25:27','30','杜 暁厦',3,'',11,1),(173,'2015-11-12 09:25:27','51','林 子芸',3,'',11,1),(174,'2015-11-12 09:25:27','21','林 悠',3,'',11,1),(175,'2015-11-12 09:25:27','202','林 然然',3,'',11,1),(176,'2015-11-12 09:25:27','268','林 紅剛',3,'',11,1),(177,'2015-11-12 09:25:27','110','楊 君儀',3,'',11,1),(178,'2015-11-12 09:25:27','137','楊 小兵',3,'',11,1),(179,'2015-11-12 09:25:27','165','楊 小艷',3,'',11,1),(180,'2015-11-12 09:25:27','307','楊 志雲',3,'',11,1),(181,'2015-11-12 09:25:27','199','楊 恒亮',3,'',11,1),(182,'2015-11-12 09:25:27','232','楊 旭峰',3,'',11,1),(183,'2015-11-12 09:25:27','317','楊 春',3,'',11,1),(184,'2015-11-12 09:25:27','166','楊 暁雷',3,'',11,1),(185,'2015-11-12 09:25:27','298','楊 皖軍',3,'',11,1),(186,'2015-11-12 09:25:27','207','楊 萌',3,'',11,1),(187,'2015-11-12 09:25:27','219','楊 蕊',3,'',11,1),(188,'2015-11-12 09:25:27','203','楊 遠',3,'',11,1),(189,'2015-11-12 09:25:28','39','楊 鵬程',3,'',11,1),(190,'2015-11-12 09:25:28','182','樊 麗',3,'',11,1),(191,'2015-11-12 09:25:28','4','権 ヨルム',3,'',11,1),(192,'2015-11-12 09:25:28','54','権 楡鈞',3,'',11,1),(193,'2015-11-12 09:25:28','38','江 純',3,'',11,1),(194,'2015-11-12 09:25:28','187','池 将権',3,'',11,1),(195,'2015-11-12 09:25:28','48','汪 澤浩',3,'',11,1),(196,'2015-11-12 09:25:28','13','沈 坤茂',3,'',11,1),(197,'2015-11-12 09:25:28','12','沈 漪帆',3,'',11,1),(198,'2015-11-12 09:25:28','123','沙 志強',3,'',11,1),(199,'2015-11-12 09:25:28','118','温 洪洋',3,'',11,1),(200,'2015-11-12 09:25:28','149','潘 偉',3,'',11,1),(201,'2015-11-12 09:25:28','116','潘 永超',3,'',11,1),(202,'2015-11-12 09:25:28','181','熊 澳',3,'',11,1),(203,'2015-11-12 09:25:28','243','牛 亜群',3,'',11,1),(204,'2015-11-12 09:25:28','259','牛 海紅',3,'',11,1),(205,'2015-11-12 09:25:28','89','玉利 杜峰',3,'',11,1),(206,'2015-11-12 09:25:28','58','王 亜楠',3,'',11,1),(207,'2015-11-12 09:25:28','44','王 亜麗',3,'',11,1),(208,'2015-11-12 09:25:28','277','王 仁涛',3,'',11,1),(209,'2015-11-12 09:25:28','16','王 余',3,'',11,1),(210,'2015-11-12 09:25:28','241','王 剛',3,'',11,1),(211,'2015-11-12 09:25:28','252','王 哲峰',3,'',11,1),(212,'2015-11-12 09:25:28','217','王 嘉',3,'',11,1),(213,'2015-11-12 09:25:28','280','王 嘯',3,'',11,1),(214,'2015-11-12 09:25:28','76','王 婧',3,'',11,1),(215,'2015-11-12 09:25:28','43','王 婷婷',3,'',11,1),(216,'2015-11-12 09:25:28','223','王 寧寧',3,'',11,1),(217,'2015-11-12 09:25:29','72','王 小凡',3,'',11,1),(218,'2015-11-12 09:25:29','119','王 嵩魁',3,'',11,1),(219,'2015-11-12 09:25:29','84','王 志成',3,'',11,1),(220,'2015-11-12 09:25:29','210','王 志方',3,'',11,1),(221,'2015-11-12 09:25:29','310','王 明華',3,'',11,1),(222,'2015-11-12 09:25:29','201','王 洋',3,'',11,1),(223,'2015-11-12 09:25:29','270','王 洪峰',3,'',11,1),(224,'2015-11-12 09:25:29','156','王 潮',3,'',11,1),(225,'2015-11-12 09:25:29','57','王 碩',3,'',11,1),(226,'2015-11-12 09:25:29','299','王 磊',3,'',11,1),(227,'2015-11-12 09:25:29','91','王 立勇',3,'',11,1),(228,'2015-11-12 09:25:29','335','王 臣',3,'',11,1),(229,'2015-11-12 09:25:29','69','王 莉',3,'',11,1),(230,'2015-11-12 09:25:29','92','王 諾',3,'',11,1),(231,'2015-11-12 09:25:29','78','王 賽',3,'',11,1),(232,'2015-11-12 09:25:29','35','王 雅',3,'',11,1),(233,'2015-11-12 09:25:29','3','王 雅',3,'',11,1),(234,'2015-11-12 09:25:29','45','王 雪',3,'',11,1),(235,'2015-11-12 09:25:29','159','王 静',3,'',11,1),(236,'2015-11-12 09:25:29','264','王 飛翔',3,'',11,1),(237,'2015-11-12 09:25:29','15','田 洪雨',3,'',11,1),(238,'2015-11-12 09:25:29','154','田 申',3,'',11,1),(239,'2015-11-12 09:25:29','294','由 岩',3,'',11,1),(240,'2015-11-12 09:25:29','312','申 用勛',3,'',11,1),(241,'2015-11-12 09:25:29','164','申屠 瑛娜',3,'',11,1),(242,'2015-11-12 09:25:29','9','畑村 宏彦',3,'',11,1),(243,'2015-11-12 09:25:29','105','白 明',3,'',11,1),(244,'2015-11-12 09:25:30','46','白 洋',3,'',11,1),(245,'2015-11-12 09:25:30','302','盛 軍',3,'',11,1),(246,'2015-11-12 09:25:30','328','祖 峰',3,'',11,1),(247,'2015-11-12 09:25:30','25','祝 祺禎',3,'',11,1),(248,'2015-11-12 09:25:30','133','程 偉',3,'',11,1),(249,'2015-11-12 09:25:30','42','程 単',3,'',11,1),(250,'2015-11-12 09:25:30','180','章 麗娟',3,'',11,1),(251,'2015-11-12 09:25:30','315','端 正',3,'',11,1),(252,'2015-11-12 09:25:30','168','管 傑',3,'',11,1),(253,'2015-11-12 09:25:30','142','範 福志',3,'',11,1),(254,'2015-11-12 09:25:30','206','範 立祥',3,'',11,1),(255,'2015-11-12 09:25:30','227','紀 興民',3,'',11,1),(256,'2015-11-12 09:25:30','52','羅 凱',3,'',11,1),(257,'2015-11-12 09:25:30','215','羅 珍',3,'',11,1),(258,'2015-11-12 09:25:30','220','翟 鴻志',3,'',11,1),(259,'2015-11-12 09:25:30','269','肖 春麗',3,'',11,1),(260,'2015-11-12 09:25:30','141','肖 燕',3,'',11,1),(261,'2015-11-12 09:25:30','28','肖 迪',3,'',11,1),(262,'2015-11-12 09:25:30','316','胡 文迪',3,'',11,1),(263,'2015-11-12 09:25:30','204','胡 旭',3,'',11,1),(264,'2015-11-12 09:25:30','19','胡 水',3,'',11,1),(265,'2015-11-12 09:25:30','305','胡 海涛',3,'',11,1),(266,'2015-11-12 09:25:30','251','胡 祥春',3,'',11,1),(267,'2015-11-12 09:25:30','171','胡 鵬',3,'',11,1),(268,'2015-11-12 09:25:30','318','自 立',3,'',11,1),(269,'2015-11-12 09:25:30','313','舒 建亭',3,'',11,1),(270,'2015-11-12 09:25:30','172','苗 競',3,'',11,1),(271,'2015-11-12 09:25:30','152','苗 輝',3,'',11,1),(272,'2015-11-12 09:25:30','255','荊 威',3,'',11,1),(273,'2015-11-12 09:25:31','112','董 偉',3,'',11,1),(274,'2015-11-12 09:25:31','37','董 志剛',3,'',11,1),(275,'2015-11-12 09:25:31','90','董 敬一',3,'',11,1),(276,'2015-11-12 09:25:31','103','董 超',3,'',11,1),(277,'2015-11-12 09:25:31','14','蒋 杰',3,'',11,1),(278,'2015-11-12 09:25:31','104','蒋 述',3,'',11,1),(279,'2015-11-12 09:25:31','114','蔡 金',3,'',11,1),(280,'2015-11-12 09:25:31','224','薛 福魁',3,'',11,1),(281,'2015-11-12 09:25:31','157','藺 陽',3,'',11,1),(282,'2015-11-12 09:25:31','337','詹 佳傑',3,'',11,1),(283,'2015-11-12 09:25:31','167','謝 崇照',3,'',11,1),(284,'2015-11-12 09:25:31','311','賀 玉斌',3,'',11,1),(285,'2015-11-12 09:25:31','300','賈 世亮',3,'',11,1),(286,'2015-11-12 09:25:31','257','趙 威',3,'',11,1),(287,'2015-11-12 09:25:31','286','趙 志遠',3,'',11,1),(288,'2015-11-12 09:25:31','5','趙 志龍',3,'',11,1),(289,'2015-11-12 09:25:31','212','趙 紅',3,'',11,1),(290,'2015-11-12 09:25:31','193','趙 賀',3,'',11,1),(291,'2015-11-12 09:25:31','150','趙 金江',3,'',11,1),(292,'2015-11-12 09:25:31','323','辛 穎',3,'',11,1),(293,'2015-11-12 09:25:31','185','邢 偉',3,'',11,1),(294,'2015-11-12 09:25:31','278','邢 威',3,'',11,1),(295,'2015-11-12 09:25:31','248','邢 浩',3,'',11,1),(296,'2015-11-12 09:25:31','253','邱 彩麗',3,'',11,1),(297,'2015-11-12 09:25:32','74','邱 文',3,'',11,1),(298,'2015-11-12 09:25:32','148','邱 紹為',3,'',11,1),(299,'2015-11-12 09:25:32','295','鄒 鉄',3,'',11,1),(300,'2015-11-12 09:25:32','284','鄭 敏',3,'',11,1),(301,'2015-11-12 09:25:32','321','鄭 晶',3,'',11,1),(302,'2015-11-12 09:25:32','327','鄭 爽',3,'',11,1),(303,'2015-11-12 09:25:32','127','金 承軍',3,'',11,1),(304,'2015-11-12 09:25:32','94','金 永光',3,'',11,1),(305,'2015-11-12 09:25:32','68','金 銀順',3,'',11,1),(306,'2015-11-12 09:25:32','279','閻 闖',3,'',11,1),(307,'2015-11-12 09:25:32','100','阿 日根',3,'',11,1),(308,'2015-11-12 09:25:32','333','陳 亮',3,'',11,1),(309,'2015-11-12 09:25:32','239','陳 利紅',3,'',11,1),(310,'2015-11-12 09:25:32','263','陳 悦陽',3,'',11,1),(311,'2015-11-12 09:25:32','238','陳 明姝',3,'',11,1),(312,'2015-11-12 09:25:32','225','陳 暁鳴',3,'',11,1),(313,'2015-11-12 09:25:32','262','陳 栄',3,'',11,1),(314,'2015-11-12 09:25:32','285','陳 潔',3,'',11,1),(315,'2015-11-12 09:25:32','276','陳 皓',3,'',11,1),(316,'2015-11-12 09:25:32','85','陳 石',3,'',11,1),(317,'2015-11-12 09:25:32','237','陳 立',3,'',11,1),(318,'2015-11-12 09:25:32','169','陳 静',3,'',11,1),(319,'2015-11-12 09:25:32','314','陶 慧娟',3,'',11,1),(320,'2015-11-12 09:25:32','162','陸 小英',3,'',11,1),(321,'2015-11-12 09:25:32','287','雷 淵偉',3,'',11,1),(322,'2015-11-12 09:25:32','136','鞏 威',3,'',11,1),(323,'2015-11-12 09:25:33','244','韓 建武',3,'',11,1),(324,'2015-11-12 09:25:33','309','韓 立亭',3,'',11,1),(325,'2015-11-12 09:25:33','145','韓 軍超',3,'',11,1),(326,'2015-11-12 09:25:33','234','項 巍',3,'',11,1),(327,'2015-11-12 09:25:33','288','馬 云昌',3,'',11,1),(328,'2015-11-12 09:25:33','221','馬 婷婷',3,'',11,1),(329,'2015-11-12 09:25:33','209','馬 野',3,'',11,1),(330,'2015-11-12 09:25:33','291','馬 長貴',3,'',11,1),(331,'2015-11-12 09:25:33','29','馮 倹',3,'',11,1),(332,'2015-11-12 09:25:33','73','馮 嵩',3,'',11,1),(333,'2015-11-12 09:25:33','216','馮 暁波',3,'',11,1),(334,'2015-11-12 09:25:33','115','高 石磊',3,'',11,1),(335,'2015-11-12 09:25:33','134','高 靖',3,'',11,1),(336,'2015-11-12 09:25:33','98','魏 慶飛',3,'',11,1),(337,'2015-11-12 09:25:33','139','魏 斌',3,'',11,1),(338,'2015-11-12 09:25:33','296','黄 乾龍',3,'',11,1),(339,'2015-11-12 09:25:33','273','黄 兆輝',3,'',11,1),(340,'2015-11-12 09:25:33','330','黄 純',3,'',11,1),(341,'2015-11-12 09:25:33','50','黄 蕾',3,'',11,1),(342,'2015-11-12 09:25:33','229','黄 陽奕',3,'',11,1),(343,'2015-11-12 09:25:33','121','黄 雪晨',3,'',11,1),(344,'2015-11-12 09:25:33','97','齋藤 善次',3,'',11,1),(345,'2015-11-12 09:25:33','8','齋藤 徳嗣',3,'',11,1),(346,'2015-11-12 09:25:33','41','齋藤 雅一',3,'',11,1),(347,'2015-11-12 09:25:33','96','龍 璟',3,'',11,1),(348,'2015-11-12 09:30:32','636','楊 皖軍',2,'first_name_ja, last_name_ja と member_type を変更しました。',11,1),(349,'2015-11-13 02:27:52','470','姚 遠',2,'first_name, last_name と member_type を変更しました。',11,1),(350,'2015-11-13 02:29:31','543','焦 小軍',2,'first_name, last_name と member_type を変更しました。',11,1),(351,'2015-11-13 03:15:27','4','株式会社NSD',1,'',13,1),(352,'2015-11-13 03:19:48','4','株式会社NSD',2,'address2, tel, fax, president, employee_count, sale_amount, payment_month と payment_day を変更しました。',13,1),(353,'2015-11-13 03:21:46','5','株式会社Minoriソリューションズ',1,'',13,1),(354,'2015-11-13 03:23:35','5','株式会社Minoriソリューションズ',2,'address1, address2, tel, fax, payment_month と payment_day を変更しました。',13,1),(355,'2015-11-13 03:30:11','1','株式会社Maiasoft',1,'',8,1),(356,'2015-11-13 03:30:19','1','株式会社Maiasoft',2,'変更はありませんでした。',8,1),(357,'2015-11-13 03:34:56','1','株式会社Maiasoft',2,'変更はありませんでした。',8,1),(358,'2015-11-13 03:35:31','6','天津梯递息軟件技術有限公司',1,'',13,1),(359,'2015-11-13 03:39:46','6','天津梯递息軟件技術有限公司',2,'tel, fax, payment_month と payment_day を変更しました。',13,1),(360,'2015-11-13 03:41:16','2','みんなの未来株式会社',1,'',8,1),(361,'2015-11-13 03:44:38','5','株式会社ネットコム',1,'',8,1),(362,'2015-11-13 03:44:48','7','株式会社ヴィンクス',1,'',13,1),(363,'2015-11-13 03:48:06','6','エクセレント・ミーム株式会社',1,'',8,1),(364,'2015-11-13 03:52:41','8','株式会社ビー・シー・エル',1,'',8,1),(365,'2015-11-13 03:56:46','10','株式会社NAP',1,'',8,1),(366,'2015-11-13 03:58:02','10','株式会社NAP',2,'変更はありませんでした。',8,1),(367,'2015-11-13 04:03:50','11','合同会社D.G.M',1,'',8,1),(368,'2015-11-13 04:09:04','12','株式会社ライブブリッジ',1,'',8,1),(369,'2015-11-13 04:12:23','14','たかしビジネス株式会社',1,'',8,1),(370,'2015-11-13 04:18:13','16','アプリワークス株式会社',1,'',8,1),(371,'2015-11-13 04:21:43','17','株式会社MICROTHINK',1,'',8,1),(372,'2015-11-13 04:25:16','20','和通国際株式会社',1,'',8,1),(373,'2015-11-13 05:51:25','22','サンシャインパワー株式会社',1,'',8,1),(374,'2015-11-13 06:04:26','25','future link',1,'',8,1),(375,'2015-11-13 06:11:21','27','北海情報産業 株式会社',1,'',8,1),(376,'2015-11-13 06:21:16','8','株式会社ティファナ・ドットコム',1,'',13,1),(377,'2015-11-13 06:26:26','9','株式会社ニューロンネットワーク',1,'',13,1),(378,'2015-11-13 06:28:36','9','株式会社ニューロンネットワーク',2,'address2, tel, fax, payment_month と payment_day を変更しました。',13,1),(379,'2015-11-13 06:33:23','10','株式会社プライムテクノ',1,'',13,1),(380,'2015-11-13 07:42:57','11','TDCソフトウェアエンジニアリング株式会社',1,'',13,1),(381,'2015-11-13 07:44:54','11','TDCソフトウェアエンジニアリング株式会社',2,'address2, tel, payment_month と payment_day を変更しました。',13,1),(382,'2015-11-13 08:08:51','12','鈴与シンワート株式会社',1,'',13,1),(383,'2015-11-13 08:09:03','12','鈴与シンワート株式会社',2,'post_code と address1 を変更しました。',13,1),(384,'2015-11-13 08:11:20','12','鈴与シンワート株式会社',2,'address2, tel, fax, payment_month と payment_day を変更しました。',13,1),(385,'2015-11-13 08:15:01','13','株式会社アートテクノロジー',1,'',13,1),(386,'2015-11-13 08:22:52','14','スミセイ情報システム株式会社',1,'',13,1),(387,'2015-11-13 08:24:24','14','スミセイ情報システム株式会社',2,'address2, tel, fax, payment_month と payment_day を変更しました。',13,1),(388,'2015-11-16 06:07:05','4','開発部　1部',2,'is_on_sales を変更しました。',9,1),(389,'2015-11-16 06:07:09','1','開発部　2部',2,'is_on_sales を変更しました。',9,1),(390,'2015-11-16 06:07:13','7','開発部　3部',2,'is_on_sales を変更しました。',9,1),(391,'2015-11-16 06:07:16','10','開発部　4部',2,'is_on_sales を変更しました。',9,1),(392,'2015-11-16 06:07:19','5','開発部　5部',2,'is_on_sales を変更しました。',9,1),(393,'2015-11-16 06:14:46','1','趙 威',1,'',10,1),(394,'2015-11-16 06:16:15','2','zhaowei@e-business.co.jp',2,'password を変更しました。',4,1),(395,'2015-11-16 06:17:52','2','zhaowei@e-business.co.jp',2,'is_superuser を変更しました。',4,1),(396,'2015-11-16 06:26:34','595','趙 威',3,'',11,1),(397,'2015-11-18 01:48:11','1','社会保険システム業務開発及び維持',1,'',17,1),(398,'2015-11-18 01:49:06','1','社会保険システム業務開発及び維持 - 陳 立',1,'',21,1),(399,'2015-11-18 01:53:59','1','社会保険システム業務開発及び維持 - 陳 立',2,'max_hours, status と role を変更しました。',21,1),(400,'2015-11-18 01:54:41','2','社会保険システム業務開発及び維持 - 徐 智亮',1,'',21,1),(401,'2015-11-18 01:59:17','2','社会保険システム業務開発及び維持 - 徐 智亮',2,'status と role を変更しました。',21,1),(402,'2015-11-18 05:28:49','2','プリカ決済PF開発支援',1,'',17,1),(403,'2015-11-18 05:51:03','28','イーライフシステム株式会社',1,'',8,1),(407,'2015-11-18 06:02:29','680','張 輝',1,'',11,1),(408,'2015-11-18 06:02:55','680','張 輝',3,'',11,1),(410,'2015-11-18 06:21:45','4','沈 漪帆',2,'member_type を変更しました。',10,1),(411,'2015-11-18 06:21:51','3','張 斯諾',2,'member_type を変更しました。',10,1),(412,'2015-11-18 06:21:56','9','任 蕾',2,'member_type を変更しました。',10,1),(413,'2015-11-18 06:22:57','13','鄭 晶',2,'member_type を変更しました。',10,1),(414,'2015-11-18 06:30:45','12','李 新文',2,'member_type を変更しました。',10,1),(415,'2015-11-18 06:30:57','10','楊 君儀',2,'member_type を変更しました。',10,1),(416,'2015-11-18 06:31:04','8','王 莉',2,'member_type を変更しました。',10,1),(417,'2015-11-18 06:31:08','2','王 雅',2,'member_type を変更しました。',10,1),(418,'2015-11-18 06:31:15','5','王 雅',2,'member_type を変更しました。',10,1),(419,'2015-11-18 06:31:23','7','金 銀順',2,'member_type を変更しました。',10,1),(420,'2015-11-18 06:31:26','6','黄 蕾',2,'member_type を変更しました。',10,1),(421,'2015-11-18 06:39:10','3','shenyifan@e-business.co.jp',2,'is_superuser を変更しました。',4,1),(422,'2015-11-19 06:12:55','15','株式会社エム・デー・ビー',1,'',13,1),(423,'2015-11-19 06:15:49','4','CC-Quattro研究開発支援（拡販向け課題対応）',1,'',17,1),(424,'2015-11-19 06:15:49','3','CC-Quattro研究開発支援（拡販向け課題対応）',1,'',17,1),(425,'2015-11-19 08:25:54','16','株式会社イーティーアイ',1,'',13,1),(426,'2015-11-19 08:29:43','17','株式会社エフケイ·ジャパン',1,'',13,1),(427,'2015-11-19 08:31:32','18','株式会社電通国際情報サービス',1,'',13,1),(428,'2015-11-19 08:32:05','19','株式会社東邦システムサイエンス',1,'',13,1),(429,'2015-11-19 08:32:52','19','株式会社東邦システムサイエンス',2,'address2, tel と fax を変更しました。',13,1),(430,'2015-11-19 08:33:25','20','日本新思ソフト株式会社',1,'',13,1),(431,'2015-11-19 08:34:10','20','日本新思ソフト株式会社',2,'address2, tel と fax を変更しました。',13,1),(432,'2015-11-19 08:34:38','21','株式会社クラウドアンドデータサービス',1,'',13,1),(433,'2015-11-19 08:34:51','21','株式会社クラウドアンドデータサービス',2,'変更はありませんでした。',13,1),(434,'2015-11-19 08:35:14','21','株式会社クラウドアンドデータサービス',2,'変更はありませんでした。',13,1),(435,'2015-11-19 08:35:42','21','株式会社クラウドアンドデータサービス',2,'address1, address2 と tel を変更しました。',13,1),(436,'2015-11-19 08:39:23','22','日立物流ソフトウェア株式会社',1,'',13,1),(437,'2015-11-19 08:40:07','22','日立物流ソフトウェア株式会社',2,'address2, tel と fax を変更しました。',13,1),(438,'2015-11-19 08:43:27','23','北港情報サービス株式会社',1,'',13,1),(439,'2015-11-19 08:44:13','24','株式会社LIXIL',1,'',13,1),(440,'2015-11-19 08:45:02','24','株式会社LIXIL',2,'address1, tel と fax を変更しました。',13,1),(441,'2015-11-19 08:46:29','25','株式会社インフォマックス',1,'',13,1),(442,'2015-11-19 08:47:03','26','株式会社ランドコンピュータ',1,'',13,1),(443,'2015-11-19 08:47:48','26','株式会社ランドコンピュータ',2,'address2, tel, fax, payment_month と payment_day を変更しました。',13,1),(444,'2015-11-19 08:49:13','27','株式会社エスプロシステム',1,'',13,1),(445,'2015-11-19 08:50:12','28','MBPジャパン株式会社',1,'',13,1),(446,'2015-11-19 08:51:31','29','コムチュア株式会社',1,'',13,1),(447,'2015-11-19 08:52:50','30','株式会社システナ',1,'',13,1),(448,'2015-11-19 08:53:41','31','株式会社ＩＳＴソフトウェア',1,'',13,1),(449,'2015-11-19 08:55:35','31','株式会社ＩＳＴソフトウェア',2,'address1 を変更しました。',13,1),(450,'2015-11-19 08:57:16','31','株式会社ＩＳＴソフトウェア',2,'post_code, address1, address2, tel と fax を変更しました。',13,1),(451,'2015-11-19 08:58:40','32','サイネットプラス',1,'',13,1),(452,'2015-11-19 09:01:31','33','楽天総研（北京）技術有限会社',1,'',13,1),(453,'2015-11-20 05:33:35','662','丁 偉',2,'member_type と is_retired を変更しました。',11,1),(454,'2015-11-20 05:35:56','403','丁 君禄',2,'member_type と salesperson を変更しました。',11,1),(455,'2015-11-20 05:37:45','403','丁 君禄',2,'salesperson を変更しました。',11,1),(456,'2015-11-24 02:38:00','42','スマートサービス株式会社',1,'',8,1),(457,'2015-11-24 02:38:44','43','株式会社　Conflux',1,'',8,1),(458,'2015-11-24 03:06:42','28','MBPジャパン株式会社',2,'request_file を変更しました。',13,1),(459,'2015-11-24 03:06:58','11','TDCソフトウェアエンジニアリング株式会社',2,'request_file を変更しました。',13,1),(460,'2015-11-24 03:07:06','2','アイエックス・ナレッジ株式会社',2,'request_file を変更しました。',13,1),(461,'2015-11-24 03:07:23','29','コムチュア株式会社',2,'request_file を変更しました。',13,1),(462,'2015-11-24 03:07:29','32','サイネットプラス',2,'request_file を変更しました。',13,1),(463,'2015-11-24 03:07:38','14','スミセイ情報システム株式会社',2,'request_file を変更しました。',13,1),(464,'2015-11-24 03:07:47','23','北港情報サービス株式会社',2,'request_file を変更しました。',13,1),(465,'2015-11-24 03:24:06','6','天津梯递息軟件技術有限公司',2,'request_file を変更しました。',13,1),(466,'2015-11-24 03:24:13','20','日本新思ソフト株式会社',2,'request_file を変更しました。',13,1),(467,'2015-11-24 03:24:21','22','日立物流ソフトウェア株式会社',2,'request_file を変更しました。',13,1),(468,'2015-11-24 03:24:29','1','株式会社DTS',2,'request_file を変更しました。',13,1),(469,'2015-11-24 03:24:35','24','株式会社LIXIL',2,'request_file を変更しました。',13,1),(470,'2015-11-24 03:24:42','5','株式会社Minoriソリューションズ',2,'request_file を変更しました。',13,1),(471,'2015-11-24 03:24:50','4','株式会社NSD',2,'request_file を変更しました。',13,1),(472,'2015-11-24 03:24:57','13','株式会社アートテクノロジー',2,'request_file を変更しました。',13,1),(473,'2015-11-24 03:25:02','25','株式会社インフォマックス',2,'request_file を変更しました。',13,1),(474,'2015-11-24 03:25:09','16','株式会社イーティーアイ',2,'request_file を変更しました。',13,1),(475,'2015-11-24 03:25:15','27','株式会社エスプロシステム',2,'request_file を変更しました。',13,1),(476,'2015-11-24 03:25:23','17','株式会社エフケイ·ジャパン',2,'request_file を変更しました。',13,1),(477,'2015-11-24 03:25:32','15','株式会社エム・デー・ビー',2,'request_file を変更しました。',13,1),(478,'2015-11-24 03:25:38','21','株式会社クラウドアンドデータサービス',2,'request_file を変更しました。',13,1),(479,'2015-11-24 03:25:44','30','株式会社システナ',2,'request_file を変更しました。',13,1),(480,'2015-11-24 03:25:50','8','株式会社ティファナ・ドットコム',2,'request_file を変更しました。',13,1),(481,'2015-11-24 03:25:55','9','株式会社ニューロンネットワーク',2,'request_file を変更しました。',13,1),(482,'2015-11-24 03:26:02','10','株式会社プライムテクノ',2,'request_file を変更しました。',13,1),(483,'2015-11-24 03:26:07','26','株式会社ランドコンピュータ',2,'request_file を変更しました。',13,1),(484,'2015-11-24 03:26:15','7','株式会社ヴィンクス',2,'request_file を変更しました。',13,1),(485,'2015-11-24 03:26:22','19','株式会社東邦システムサイエンス',2,'request_file を変更しました。',13,1),(486,'2015-11-24 03:26:27','18','株式会社電通国際情報サービス',2,'request_file を変更しました。',13,1),(487,'2015-11-24 03:26:33','31','株式会社ＩＳＴソフトウェア',2,'request_file を変更しました。',13,1),(488,'2015-11-24 03:26:39','33','楽天総研（北京）技術有限会社',2,'request_file を変更しました。',13,1),(489,'2015-11-24 03:26:45','12','鈴与シンワート株式会社',2,'request_file を変更しました。',13,1),(490,'2015-11-24 05:57:06','1','社会保険システム業務開発及び維持',2,'start_date を変更しました。',17,1),(491,'2015-11-24 06:07:36','2','社会保険システム業務開発及び維持(9~11)',1,'',25,1),(492,'2015-11-24 06:09:46','3','社会保険システム業務開発及び維持',1,'',25,1),(493,'2015-11-24 06:11:24','1','陳 立',2,'start_date を変更しました。',21,1),(494,'2015-11-24 06:17:14','1','交通費',1,'',26,1),(495,'2015-11-24 06:17:33','2','出張',1,'',26,1),(496,'2015-11-24 06:20:12','1','陳 立',2,'清算リスト \"陳 立 2015年 11月\"を追加しました。',21,1),(497,'2015-11-24 06:20:26','1','陳 立',2,'清算リスト \"陳 立 2015年 11月\"を追加しました。',21,1),(498,'2015-11-24 06:23:15','4','CC-Quattro研究開発支援（拡販向け課題対応）',1,'',25,1),(499,'2015-11-24 06:24:19','3','CC-Quattro研究開発支援（拡販向け課題対応）',2,'start_date と end_date を変更しました。',17,1),(500,'2015-11-24 06:25:06','3','CC-Quattro研究開発支援（拡販向け課題対応）',2,'end_date を変更しました。',17,1),(501,'2015-11-24 08:52:27','1','社会保険システム業務開発及び維持',2,'start_date を変更しました。',17,1),(502,'2015-11-25 06:52:07','4','あいおいニッセイ同和損害保険',1,'',17,1),(503,'2015-11-25 06:54:11','5','あいおいニッセイ同和損害保険',1,'',25,1),(504,'2015-11-25 06:55:07','5','あいおいニッセイ同和損害保険',2,'変更はありませんでした。',25,1),(505,'2015-11-25 06:58:33','5','Salesforce技術支援',1,'',17,1),(506,'2015-11-25 07:23:13','6','Salesforce技術支援',1,'',25,1),(507,'2015-11-26 09:49:38','1','株式会社イー・ビジネス',2,'bank_name, branch_name, account_type と account_number を変更しました。',7,1),(508,'2015-12-02 10:14:58','1','三菱東京UFJ銀行',1,'',28,1),(509,'2015-12-07 10:49:20','15','孫 雲釵',2,'email を変更しました。',10,1),(510,'2015-12-07 10:49:44','15','孫 雲釵',2,'section を変更しました。',10,1),(511,'2015-12-07 10:49:58','14','劉 暢',2,'section を変更しました。',10,1),(512,'2015-12-07 10:50:06','16','丁 玲',2,'section を変更しました。',10,1),(513,'2015-12-07 10:54:31','4','sunyunchai@e-business.co.jp',2,'is_superuser を変更しました。',4,1),(514,'2015-12-08 07:40:47','715','劉 輝',1,'',11,1),(515,'2015-12-08 07:41:45','6','劉 輝',1,'',21,1),(516,'2015-12-11 05:02:50','6','コールセンタシステム開発支援',1,'',17,1),(517,'2015-12-11 05:04:36','6','コールセンタシステム開発支援',2,'max_hours を変更しました。 案件メンバー \"邢 威\"を追加しました。',17,1),(518,'2015-12-11 05:20:33','6','コールセンタシステム開発支援',2,'案件メンバー \"邢 威\" の max_hours, plus_per_hour, minus_per_hour, status と role を変更しました。',17,1),(519,'2015-12-13 04:25:56','417','張 磊（★）',2,'last_name と member_type を変更しました。',11,1),(520,'2015-12-13 04:28:03','8','張 磊（★）',1,'',21,1),(521,'2015-12-13 04:28:43','8','張 磊（★）',2,'plus_per_hour, minus_per_hour, status と role を変更しました。',21,1),(522,'2015-12-13 04:30:03','6','劉 輝',2,'status を変更しました。',21,1),(523,'2015-12-13 04:39:12','1','三菱東京UFJ銀行',2,'branch_no と account_holder を変更しました。',28,1),(524,'2015-12-13 04:39:23','7','プリカ決済PF開発支援',1,'',25,1),(525,'2015-12-13 04:44:28','1','株式会社イー・ビジネス',2,'tel と fax を変更しました。',7,1),(526,'2015-12-13 04:51:36','34','株式会社',1,'',13,1),(527,'2015-12-13 04:52:16','34','株式会社',3,'',13,1),(528,'2015-12-13 04:55:40','35','セントラル技研株式会社',1,'',13,1),(529,'2015-12-13 04:59:14','7','みずほ担保オンラインプロジェクト設計・開発',1,'',17,1),(530,'2015-12-13 05:02:38','9','張 磊',1,'',21,1),(531,'2015-12-13 05:04:53','10','劉 斌',1,'',21,1),(532,'2015-12-13 05:06:27','11','王 磊',1,'',21,1),(533,'2015-12-13 05:09:35','12','延 国輝',1,'',21,1),(534,'2015-12-13 05:10:37','13','範 福志',1,'',21,1),(535,'2015-12-13 05:11:10','9','張 磊',2,'status と role を変更しました。',21,1),(536,'2015-12-13 05:13:46','1','三菱東京UFJ銀行',2,'変更はありませんでした。',28,1),(537,'2015-12-13 05:13:49','8','みずほ担保オンラインプロジェクト設計・開発',1,'',25,1),(538,'2015-12-13 05:21:48','35','セントラル技研株式会社',2,'request_file を変更しました。',13,1),(539,'2015-12-13 05:32:38','717','姜 夏楓',1,'',11,1),(540,'2015-12-13 05:36:31','718','曾 強',1,'',11,1),(541,'2015-12-13 05:39:08','8','カード会社様次期システム案件',1,'',17,1),(542,'2015-12-13 05:42:43','14','姜 夏楓',1,'',21,1),(543,'2015-12-13 05:44:54','15','曾 強',1,'',21,1),(544,'2015-12-13 05:47:54','9','カード会社様次期システム案件',1,'',25,1),(545,'2015-12-13 05:48:59','9','カード会社様次期システム案件',2,'start_date と end_date を変更しました。',25,1),(546,'2015-12-14 02:58:09','9','JAL・運航旅客システム開発/PJ支援',1,'',17,3),(547,'2015-12-14 03:02:32','719','斉 日光',1,'',11,3),(548,'2015-12-14 04:10:01','16','斉 日光',1,'',21,3),(549,'2015-12-14 04:10:39','16','斉 日光',2,'status と role を変更しました。',21,3),(550,'2015-12-14 04:14:14','17','林 紅剛',1,'',21,3),(551,'2015-12-14 04:15:14','18','張 璐璐',1,'',21,3),(552,'2015-12-14 04:16:00','10','JAL・運航旅客システム開発/PJ支援',1,'',25,3),(553,'2015-12-14 04:20:34','10','ANACore2015年度定常改修',1,'',17,3),(554,'2015-12-14 04:43:39','19','李 雲傑',1,'',21,3),(555,'2015-12-14 04:44:32','20','王 亜麗',1,'',21,3),(556,'2015-12-14 04:46:25','11','ANACore2015年度定常改修',1,'',25,3),(557,'2015-12-14 04:47:14','1','株式会社DTS',2,'decimal_type を変更しました。',13,3),(558,'2015-12-14 04:50:19','11','Webアプリケーション再構築開発支援',1,'',17,3),(559,'2015-12-14 05:05:30','720','範 智峰',1,'',11,3),(560,'2015-12-14 05:06:29','721','唐 輝',1,'',11,3),(561,'2015-12-14 05:07:58','21','範 智峰',1,'',21,3),(562,'2015-12-14 05:09:04','22','唐 輝',1,'',21,3),(563,'2015-12-14 05:10:22','12','Webアプリケーション再構築開発支援',1,'',25,3),(564,'2015-12-14 05:13:35','12','KIRIN社向け需給システム再構築開発支援',1,'',17,3),(565,'2015-12-14 05:15:00','23','羅 凱',1,'',21,3),(566,'2015-12-14 05:19:07','722','潘 暁亮',1,'',11,3),(567,'2015-12-14 05:19:57','24','潘 暁亮',1,'',21,3),(568,'2015-12-14 05:20:41','25','楊 鵬程',1,'',21,3),(569,'2015-12-14 05:20:54','13','KIRIN社向け需給システム再構築開発支援',1,'',25,3),(570,'2015-12-14 06:10:28','723','翟 如昌',1,'',11,3),(571,'2015-12-14 06:38:49','26','翟 如昌',1,'',21,3),(572,'2015-12-14 06:39:18','7','邢 威',2,'変更はありませんでした。',21,3),(573,'2015-12-14 06:41:52','13','明治安田生命保険相互会社様向けシステム開発支援',1,'',17,3),(574,'2015-12-14 06:42:23','14','コールセンタシステム開発支援',1,'',25,3),(575,'2015-12-14 06:43:51','27','李 中超',1,'',21,3),(576,'2015-12-14 06:44:39','28','李 政材',1,'',21,3),(577,'2015-12-14 06:45:21','29','陳 明姝',1,'',21,3),(578,'2015-12-14 06:46:09','30','張 勝召',1,'',21,3),(579,'2015-12-14 06:47:19','31','董 超',1,'',21,3),(580,'2015-12-14 06:50:15','32','呉 樹霞',1,'',21,3),(581,'2015-12-14 06:57:24','44','株式会社トークウォーカー',1,'',8,3),(582,'2015-12-14 06:57:37','724','于 芝文',1,'',11,3),(583,'2015-12-14 06:59:17','33','于 芝文',1,'',21,3),(584,'2015-12-14 07:00:06','34','閻 闖',1,'',21,3),(585,'2015-12-14 07:00:59','35','馮 暁波',1,'',21,3),(586,'2015-12-14 07:01:38','36','劉 全民',1,'',21,3),(587,'2015-12-14 07:02:36','37','劉 寧',1,'',21,3),(588,'2015-12-14 07:05:10','38','鞏 威',1,'',21,3),(589,'2015-12-14 07:05:55','39','李 咏梅',1,'',21,3),(590,'2015-12-14 07:06:27','40','権 楡鈞',1,'',21,3),(591,'2015-12-14 07:06:54','15','明治安田生命保険相互会社様向けシステム開発支援',1,'',25,3),(592,'2015-12-14 07:19:23','8','カード会社様次期システム案件',2,'end_date を変更しました。',17,3),(593,'2015-12-14 07:20:18','8','カード会社様次期システム案件',2,'変更はありませんでした。',17,3),(594,'2015-12-14 07:21:03','16','カード会社様次期システム案件',1,'',25,3),(595,'2015-12-14 07:24:37','14','Web通販・会員Webシステムの設計～プログラム～テストを行う',1,'',17,3),(596,'2015-12-14 07:26:34','41','宋 征兵',1,'',21,3),(597,'2015-12-14 07:28:10','17','顧客系システムの機能追加・保守',1,'',25,3),(598,'2015-12-14 07:30:16','14','Web通販・会員Webシステムの設計～プログラム～テストを行う',2,'変更はありませんでした。',17,3),(599,'2015-12-14 07:30:35','17','顧客系システムの機能追加・保守',2,'変更はありませんでした。',25,3),(600,'2015-12-14 07:30:57','14','Web通販・会員Webシステムの設計～プログラム～テストを行う',2,'end_date を変更しました。',17,3),(601,'2015-12-14 07:31:18','14','Web通販・会員Webシステムの設計～プログラム～テストを行う',2,'end_date を変更しました。',17,3),(602,'2015-12-14 07:52:43','15','東京電力様向け託送システム開発',1,'',17,3),(603,'2015-12-14 07:59:14','42','曹 徳芳',1,'',21,3),(604,'2015-12-14 07:59:14','43','曹 徳芳',1,'',21,3),(605,'2015-12-14 08:02:35','36','株式会社ウフル',1,'',13,4),(606,'2015-12-14 08:04:38','16','PHPシステム開発支援',1,'',17,4),(607,'2015-12-14 08:08:04','16','PHPシステム開発支援',2,'start_date, end_date と address を変更しました。',17,4),(608,'2015-12-14 08:09:18','18','PHPシステム開発支援',1,'',25,4),(609,'2015-12-14 08:10:19','18','PHPシステム開発支援',2,'変更はありませんでした。',25,4),(610,'2015-12-14 08:14:07','725','張 運立',1,'',11,4),(611,'2015-12-14 08:15:07','17','salesforce開発支援',1,'',17,4),(612,'2015-12-14 08:15:34','19','salesforce開発支援',1,'',25,4),(613,'2015-12-14 08:39:07','18','INTEC-電力関連開発支援（1510-1512）',1,'',17,4),(614,'2015-12-14 08:39:43','18','INTEC-電力関連開発支援（1510-1512）',2,'変更はありませんでした。',17,4),(615,'2015-12-14 08:40:19','20','INTEC-電力関連開発支援（1510-1512）',1,'',25,4),(616,'2015-12-14 08:45:02','19','INTEC-電力関連開発支援（1511-1512）',1,'',17,4),(617,'2015-12-14 08:45:44','21','INTEC-電力関連開発支援（1511-1512）',1,'',25,4),(618,'2015-12-14 08:51:33','726','王 建明',1,'',11,4),(619,'2015-12-14 08:52:45','20','　INTEC-電力関連開発支援（1511-1512）',1,'',17,4),(620,'2015-12-14 08:57:35','727','李 震峰',1,'',11,4),(621,'2015-12-14 08:58:54','20','　INTEC-電力関連開発支援（1511-1512）',2,'案件メンバー \"井 月\"を追加しました。 案件メンバー \"李 震峰\"を追加しました。 案件メンバー \"呉 友清\"を追加しました。',17,4),(622,'2015-12-14 08:59:32','22','　INTEC-電力関連開発支援（1511-1512）',1,'',25,4),(623,'2015-12-14 09:04:01','21','INTEC-電力関連開発支援（1510-1512）A23830230',1,'',17,4),(624,'2015-12-14 09:04:44','23',' INTEC-電力関連開発支援（1510-1512）',1,'',25,4),(625,'2015-12-14 09:06:10','24','Salesforce技術支援',1,'',25,4),(626,'2015-12-14 12:40:41','1','株式会社イー・ビジネス',2,'request_file を変更しました。',7,1),(627,'2015-12-14 13:06:59','1','三菱東京UFJ銀行',2,'branch_no を変更しました。',28,1),(628,'2015-12-15 01:11:03','43','楊 萌',2,'member, price, plus_per_hour と minus_per_hour を変更しました。',21,3),(629,'2015-12-15 01:12:05','59','王 志成',1,'',21,3),(630,'2015-12-15 01:13:40','60','王 婧',1,'',21,3),(631,'2015-12-15 01:14:36','61','邢 偉',1,'',21,3),(632,'2015-12-15 01:16:11','62','王 剛',1,'',21,3),(633,'2015-12-15 01:16:52','63','玉利 杜峰',1,'',21,3),(634,'2015-12-15 01:17:06','63','玉利 杜峰',2,'role を変更しました。',21,3),(635,'2015-12-15 01:17:53','25','東京電力様向け託送システム開発',1,'',25,3),(636,'2015-12-15 01:23:11','22','SMCC殿向け次期クレジットシステム再構築に係る業務',1,'',17,3),(637,'2015-12-15 01:25:35','64','崔 海龍',1,'',21,3),(638,'2015-12-15 01:26:32','65','詹 佳傑',1,'',21,3),(639,'2015-12-15 01:27:19','26','SMCC殿向け次期クレジットシステム再構築に係る業務',1,'',25,3),(640,'2015-12-15 01:31:43','23','ライフGRプロジェクト2015',1,'',17,3),(641,'2015-12-15 01:33:32','66','晋 璐稀',1,'',21,3),(642,'2015-12-15 01:35:07','27','ライフGRプロジェクト2015',1,'',25,3),(643,'2015-12-15 01:35:51','67','晋 璐稀',1,'',21,3),(644,'2015-12-15 01:42:38','24','ゆうちょJC開発　2017年1月及び5月案件及び付帯作業',1,'',17,3),(645,'2015-12-15 01:44:13','68','孫 諾',1,'',21,3),(646,'2015-12-15 01:45:11','69','肖 燕',1,'',21,3),(647,'2015-12-15 01:46:21','28','ゆうちょJC開発　2017年1月及び5月案件及び付帯作業',1,'',25,3),(648,'2015-12-15 02:02:26','25','需給保税システム仕様変更対応',1,'',17,3),(649,'2015-12-15 02:05:43','70','白 明',1,'',21,3),(650,'2015-12-15 02:22:34','26','需給保税システム仕様変更対応(徐）',1,'',17,3),(651,'2015-12-15 02:26:47','728','徐 頴',1,'',11,3),(652,'2015-12-15 02:27:48','71','徐 頴',1,'',21,3),(653,'2015-12-15 02:29:32','29','需給保税システム仕様変更対応(徐）',1,'',25,3),(654,'2015-12-15 02:33:36','30','需給保税システム仕様変更対応',1,'',25,3),(655,'2015-12-15 02:34:00','29','需給保税システム仕様変更対応(徐）',2,'order_no を変更しました。',25,3),(656,'2015-12-15 02:52:01','37','株式会社マスターズソリューション',1,'',13,3),(657,'2015-12-15 02:52:18','27','生命保険関連/保全BPO業務',1,'',17,3),(658,'2015-12-15 02:54:20','3','出張手当',1,'',26,3),(659,'2015-12-15 02:54:55','72','市川 徹',1,'',21,3),(660,'2015-12-15 02:59:17','28','次期ファイナンスシステム構築作業における請負契約',1,'',17,3),(661,'2015-12-15 03:00:15','31','生命保険関連/保全BPO業務',1,'',25,3),(662,'2015-12-15 03:09:47','73','苗 輝',1,'',21,3),(663,'2015-12-15 03:40:57','32','次期ファイナンスシステム構築作業における請負契約',1,'',25,3),(664,'2015-12-15 03:52:50','29','SMBCFS統合契約精算システム保守契約に関する請負契約',1,'',17,3),(665,'2015-12-15 03:54:38','74','晏 紅',1,'',21,3),(666,'2015-12-15 03:55:39','33','SMBCFS統合契約精算システム保守契約に関する請負契約',1,'',25,3),(667,'2015-12-15 05:43:17','30','SMBCFS統合契約精算システム保守契約に関する請負契約(張）',1,'',17,3),(668,'2015-12-15 05:44:54','75','張 本超',1,'',21,3),(669,'2015-12-15 05:45:55','34','SMBCFS統合契約精算システム保守契約に関する請負契約',1,'',25,3),(670,'2015-12-15 05:50:10','31','windchill構築に向けた開発要件定義及びテスト',1,'',17,4),(671,'2015-12-15 05:53:10','35','windchill構築に向けた開発要件定義及びテスト',1,'',25,4),(672,'2015-12-15 06:02:34','35','windchill構築に向けた開発要件定義及びテスト',2,'変更はありませんでした。',25,4),(673,'2015-12-15 06:11:22','32','SMBCFS統合契約精算システム保守契約に関する請負契約（王）',1,'',17,3),(674,'2015-12-15 06:13:09','77','王 潮',1,'',21,3),(675,'2015-12-15 06:15:34','36','SMBCFS統合契約精算システム保守契約に関する請負契約',1,'',25,3),(676,'2015-12-15 06:23:21','37','株式会社マスターズソリューション',2,'変更はありませんでした。',13,3),(677,'2015-12-15 06:24:49','27','生命保険関連/保全BPO業務',2,'attendance_type を変更しました。',17,3),(678,'2015-12-15 06:31:08','37','CC-Quattro研究開発支援（拡販向け課題対応）',1,'',25,4),(679,'2015-12-15 06:32:11','38','株式会社パスコ',1,'',13,3),(680,'2015-12-15 06:32:40','33','ソフトウェア開発（4条1項1号業務）',1,'',17,3),(681,'2015-12-15 06:38:27','78','張 紅霞',1,'',21,3),(682,'2015-12-15 06:42:05','38','ソフトウェア開発（4条1項1号業務）',1,'',25,3),(683,'2015-12-15 06:51:48','34','情報システムに関する技術支援業務',1,'',17,4),(684,'2015-12-15 06:54:50','35','ソフトウェア開発（4条1項1号業務）（荘）',1,'',17,3),(685,'2015-12-15 06:55:29','34','情報システムに関する技術支援業務',2,'案件メンバー \"崔 海龍\"を追加しました。 案件メンバー \"施 揚智\"を追加しました。',17,4),(686,'2015-12-15 06:56:29','39','情報システムに関する技術支援業務',1,'',25,4),(687,'2015-12-15 07:00:52','36','メモアプリエンハンス（IOS）/アプリ開発',1,'',17,4),(688,'2015-12-15 07:02:53','83','庄 昌昌',1,'',21,3),(689,'2015-12-15 07:03:44','40','ソフトウェア開発（4条1項1号業務）（荘）',1,'',25,3),(690,'2015-12-15 07:03:58','41','メモアプリエンハンス（IOS）/アプリ開発',1,'',25,4),(691,'2015-12-15 07:05:00','40','ソフトウェア開発（4条1項1号業務）',2,'name を変更しました。',25,3),(692,'2015-12-15 07:10:30','35','ソフトウェア開発（4条1項1号業務）（荘）',2,'変更はありませんでした。',17,3),(693,'2015-12-15 07:15:38','39','システム・アナライズ株式会社',1,'',13,4),(694,'2015-12-15 07:18:02','37','C#開発要員',1,'',17,4),(695,'2015-12-15 07:19:13','84','安 豊平',1,'',21,4),(696,'2015-12-15 07:20:12','42','C#開発要員',1,'',25,4),(697,'2015-12-15 07:29:52','38','国保システム開発支援',1,'',17,3),(698,'2015-12-15 07:33:16','85','周 晶',1,'',21,3),(699,'2015-12-15 07:34:19','43','国保システム開発支援',1,'',25,3),(700,'2015-12-15 07:42:08','40','エヌシーアイ総合システム株式会社',1,'',13,3),(701,'2015-12-15 07:42:32','39','リクルートじゃらん支援',1,'',17,3),(702,'2015-12-15 07:47:52','86','紀 興民',1,'',21,3),(703,'2015-12-15 07:48:35','44','リクルートじゃらん支援',1,'',25,3),(704,'2015-12-15 07:56:21','41','アイコムシステック株式会社',1,'',13,3),(705,'2015-12-15 07:56:27','40','EPSON運用支援作業・EPG開発支援作業',1,'',17,3),(706,'2015-12-15 07:58:14','87','王 寧寧',1,'',21,3),(707,'2015-12-15 07:58:36','45','EPSON運用支援作業・EPG開発支援作業',1,'',25,3),(708,'2015-12-15 08:00:31','41','ソフトウェア開発',1,'',17,3),(709,'2015-12-15 08:01:37','88','楊 皖軍',1,'',21,3),(710,'2015-12-15 08:02:40','46','ソフトウェア開発',1,'',25,3),(711,'2015-12-16 00:53:48','88','楊 皖軍',2,'変更はありませんでした。',21,3),(712,'2015-12-16 01:04:49','42','金融システムハンス対応',1,'',17,3),(713,'2015-12-16 01:06:22','89','李 英男',1,'',21,3),(714,'2015-12-16 01:48:58','43','基本設計行程「基本設計書」作成',1,'',17,3),(715,'2015-12-16 01:49:52','90','晋 璐稀',1,'',21,3),(716,'2015-12-16 01:51:27','90','晋 璐稀',2,'max_hours, plus_per_hour, minus_per_hour, status と role を変更しました。',21,3),(717,'2015-12-16 01:56:02','45','株式会社ヴェラ情報',1,'',8,3),(718,'2015-12-16 01:56:23','729','応 浩',1,'',11,3),(719,'2015-12-16 01:57:14','91','応 浩',1,'',21,3),(720,'2015-12-16 02:08:25','47','基本設計行程「基本設計書」作成',1,'',25,3),(721,'2015-12-16 02:32:53','44','NTT-D FGCC　次世代ファイナンス一括　追加開発+障害対応',1,'',17,3),(722,'2015-12-16 02:34:41','48','NTT-D FGCC次世代ファイナンス一括追加開発+障害対応',1,'',25,3),(723,'2015-12-16 02:48:45','45','部品移管システム（FlowLites)老朽更新',1,'',17,3),(724,'2015-12-16 02:51:32','92','叶 海涛',1,'',21,3),(725,'2015-12-16 02:53:39','49','部品移管システム（FlowLites)老朽更新',1,'',25,3),(726,'2015-12-16 02:58:20','46','延滞管理システム保守対応に関する請負契約',1,'',17,3),(727,'2015-12-16 02:59:39','93','羅 珍',1,'',21,3),(728,'2015-12-16 03:00:06','50','延滞管理システム保守対応に関する請負契約',1,'',25,3),(729,'2015-12-16 03:34:59','47','PJ向けABAP開発支援SAPサポート',1,'',17,4),(730,'2015-12-16 03:53:33','94','叢 怜悧',1,'',21,4),(731,'2015-12-16 03:54:36','51','PJ向けABAP開発支援SAPサポート',1,'',25,4),(732,'2015-12-16 03:55:54','48','保険システム開発',1,'',17,4),(733,'2015-12-16 03:57:04','95','房 宇哲',1,'',21,4),(734,'2015-12-16 03:58:11','96','陶 鍇',1,'',21,4),(735,'2015-12-16 03:59:55','97','薛 福魁',1,'',21,4),(736,'2015-12-16 04:02:17','52','保険システム開発',1,'',25,4),(737,'2015-12-16 04:07:33','49','Lシ11　殿向け【物流ソ】開発作番',1,'',17,4),(738,'2015-12-16 04:08:27','49','Lシ11　殿向け【物流ソ】開発作番',2,'変更はありませんでした。',17,4),(739,'2015-12-16 04:08:47','49','Lシ11　殿向け【物流ソ】開発作番',2,'変更はありませんでした。',17,4),(740,'2015-12-16 04:10:25','98','崔 宇星',1,'',21,4),(741,'2015-12-16 04:11:29','53','Lシ11　殿向け【物流ソ】開発作番',1,'',25,4),(742,'2015-12-16 05:28:30','50','Lシ11　殿向けTRINET保守作業',1,'',17,4),(743,'2015-12-16 05:29:36','99','李 炳錫',1,'',21,4),(744,'2015-12-16 05:29:54','54','Lシ11　殿向けTRINET保守作業',1,'',25,4),(745,'2015-12-16 05:50:04','51','Webアプリケーション再構築開発支援　',1,'',17,3),(746,'2015-12-16 05:51:31','100','徐 智亮',1,'',21,3),(747,'2015-12-16 05:51:54','55','Webアプリケーション再構築開発支援　',1,'',25,3),(748,'2015-12-16 05:52:03','52','みずほ銀行向け業務の開発支援②',1,'',17,4),(749,'2015-12-16 05:53:02','101','曲 暁丹',1,'',21,4),(750,'2015-12-16 05:54:20','53','FRグローバル共通基盤AP維持',1,'',17,3),(751,'2015-12-16 05:54:36','56','みずほ銀行向け業務の開発支援②',1,'',25,4),(752,'2015-12-16 05:55:57','102','羅 凱',1,'',21,3),(753,'2015-12-16 05:56:02','54','みずほ銀行向け業務の開発支援①',1,'',17,4),(754,'2015-12-16 05:57:10','103','鄒 鉄',1,'',21,4),(755,'2015-12-16 05:57:14','104','楊 鵬程',1,'',21,3),(756,'2015-12-16 05:57:46','57','FRグローバル共通基盤AP維持',1,'',25,3),(757,'2015-12-16 05:58:14','1','株式会社DTS',2,'変更はありませんでした。',13,3),(758,'2015-12-16 06:03:03','55','データ統合システム開発',1,'',17,3),(759,'2015-12-16 06:04:44','105','陳 立',1,'',21,3),(760,'2015-12-16 06:05:59','106','劉 輝',1,'',21,3),(761,'2015-12-16 06:06:26','58','データ統合システム開発',1,'',25,3),(762,'2015-12-16 06:09:07','56','NTTコムウェア殿向け共通経理システム時期開発作業',1,'',17,4),(763,'2015-12-16 06:10:40','107','権 ヨルム',1,'',21,4),(764,'2015-12-16 06:11:05','2','プリカ決済PF開発支援',2,'end_date を変更しました。',17,3),(765,'2015-12-16 06:12:52','108','李 超',1,'',21,4),(766,'2015-12-16 06:14:44','109','趙 志遠',1,'',21,4),(767,'2015-12-16 06:17:45','110','王 余',1,'',21,3),(768,'2015-12-16 06:18:29','8','張 磊（★）',2,'end_date を変更しました。',21,3),(769,'2015-12-16 06:20:09','111','孫 林',1,'',21,4),(770,'2015-12-16 06:20:43','112','張 燕',1,'',21,4),(771,'2015-12-16 06:21:38','59','NTTコムウェア殿向け共通経理システム時期開発作業',1,'',25,4),(772,'2015-12-16 06:23:39','60','プリカ決済PF開発支援',1,'',25,3),(773,'2015-12-16 06:24:06','60','プリカ決済PF開発支援（2015/12）',2,'name を変更しました。',25,3),(774,'2015-12-16 06:24:44','57','みずほ銀行殿向け　次期システム・市場系',1,'',17,4),(775,'2015-12-16 06:25:30','113','黄 雪晨',1,'',21,4),(776,'2015-12-16 06:25:50','58','ユーキャン様システム再構築開発支援',1,'',17,3),(777,'2015-12-16 06:26:35','61','みずほ銀行殿向け　次期システム・市場系',1,'',25,4),(778,'2015-12-16 06:28:22','114','王 飛翔',1,'',21,3),(779,'2015-12-16 06:30:08','730','趙 威',1,'',11,3),(780,'2015-12-16 06:30:46','115','趙 威',1,'',21,3),(781,'2015-12-16 06:32:21','62','ユーキャン様システム再構築開発支援',1,'',25,3),(782,'2015-12-16 06:32:43','42','株式会社ヴィー・エス・シー・ジャパン',1,'',13,4),(783,'2015-12-16 06:35:46','42','株式会社ヴィー・エス・シー・ジャパン',3,'',13,4),(784,'2015-12-16 06:36:58','34','株式会社',3,'',13,4),(785,'2015-12-16 06:42:08','59','クレジット系システムの保守作業',1,'',17,4),(786,'2015-12-16 06:53:54','42','株式会社ヴィー・エス・シー・ジャパン',2,'address1, address2, tel, fax, payment_month と payment_day を変更しました。',13,4),(787,'2015-12-16 06:59:56','59','クレジット系システムの保守作業',2,'変更はありませんでした。',17,4),(788,'2015-12-16 07:00:09','59','クレジット系システムの保守作業',2,'変更はありませんでした。',17,4),(789,'2015-12-16 07:06:06','59','クレジット系システムの保守作業',2,'変更はありませんでした。',17,4),(790,'2015-12-16 07:07:48','42','株式会社ヴィー・エス・シー・ジャパン',2,'変更はありませんでした。',13,4),(791,'2015-12-16 07:09:14','63','クレジット系システムの保守作業',1,'',25,4),(792,'2015-12-16 07:12:21','60','ANA様向け　POSITIVE導入',1,'',17,4),(793,'2015-12-16 07:13:26','116','王 静',1,'',21,4),(794,'2015-12-16 07:13:57','64','ANA様向け　POSITIVE導入',1,'',25,4),(795,'2015-12-16 07:28:15','61','i*Standard保守作業',1,'',17,4),(796,'2015-12-16 07:29:08','117','魏 慶飛',1,'',21,4),(797,'2015-12-16 07:29:29','65','i*Standard保守作業',1,'',25,4),(798,'2015-12-16 07:38:11','62','東京電力　託送検針機能開発に関するSES支援',1,'',17,4),(799,'2015-12-16 07:53:36','118','端 正',1,'',21,4),(800,'2015-12-16 07:54:22','119','賀 玉斌',1,'',21,4),(801,'2015-12-16 07:55:42','12','KIRIN社向け需給システム再構築開発支援',2,'案件メンバー \"羅 凱\" を削除しました。 案件メンバー \"楊 鵬程\" を削除しました。',17,3),(802,'2015-12-16 07:56:37','12','KIRIN社向け需給システム再構築開発支援',2,'案件メンバー \"羅 凱\" の end_date を変更しました。 案件メンバー \"楊 鵬程\" の end_date を変更しました。',17,3),(803,'2015-12-16 07:58:10','119','賀 玉斌',2,'plus_per_hour, minus_per_hour, status と role を変更しました。',21,4),(804,'2015-12-16 07:58:52','120','唐 暁東',1,'',21,4),(805,'2015-12-16 07:59:44','12','KIRIN社向け需給システム再構築開発支援',2,'案件メンバー \"羅 凱\" の price, min_hours と max_hours を変更しました。 案件メンバー \"潘 暁亮\" の role を変更しました。 案件メンバー \"楊 鵬程\" の price, min_hours と max_hours を変更しました。',17,3),(806,'2015-12-16 07:59:50','66','東京電力　託送検針機能開発に関するSES支援',1,'',25,4),(807,'2015-12-16 08:05:40','63','平成27年経過管理開発業務に係る基盤ソフトウェア開発C',1,'',17,4),(808,'2015-12-16 08:06:55','121','申 用勛',1,'',21,4),(809,'2015-12-16 08:09:24','122','金 永光',1,'',21,4),(810,'2015-12-16 08:10:10','123','劉 建民',1,'',21,4),(811,'2015-12-16 08:10:39','67','平成27年経過管理開発業務に係る基盤ソフトウェア開発C',1,'',25,4),(812,'2015-12-16 08:12:33','64','JaLC2＿J3コンテンツ拡大対応',1,'',17,4),(813,'2015-12-16 08:16:47','124','翟 鴻志',1,'',21,4),(814,'2015-12-16 08:17:14','68','JaLC2＿J3コンテンツ拡大対応',1,'',25,4),(815,'2015-12-17 02:58:57','65','Ｗｅｂアプリケーション再構築開発支援（楊旭峰）',1,'',17,3),(816,'2015-12-17 03:00:43','125','楊 旭峰',1,'',21,3),(817,'2015-12-17 03:19:30','126','徐 文珍',1,'',21,3),(818,'2015-12-17 03:23:45','127','岑 峰',1,'',21,3),(819,'2015-12-17 05:01:59','66','三井住友海上火災保険【傷害新種更改・周辺】保険業法・監督指針改定対応',1,'',17,4),(820,'2015-12-17 05:02:48','128','杜 暁厦',1,'',21,4),(821,'2015-12-17 05:03:44','129','馬 野',1,'',21,4),(822,'2015-12-17 05:03:58','128','杜 暁厦',2,'変更はありませんでした。',21,4),(823,'2015-12-17 05:04:43','69','三井住友海上火災保険　保険業法・監督指針改定対応',1,'',25,4),(824,'2015-12-17 05:06:26','67','三井住友海上あいおい生命保険名寄せ通算契約（損保）',1,'',17,4),(825,'2015-12-17 05:07:29','130','杉山 さやか',1,'',21,4),(826,'2015-12-17 05:07:50','70','三井住友海上あいおい生命保険名寄せ通算契約（損保）',1,'',25,4),(827,'2015-12-17 05:08:35','71','あいおいニッセイ同和損害保険',1,'',25,4),(828,'2015-12-17 05:17:21','131','孫 叡',1,'',21,3),(829,'2015-12-17 05:20:05','731','佟 志亮',1,'',11,3),(830,'2015-12-17 05:21:36','132','佟 志亮',1,'',21,3),(831,'2015-12-17 05:25:30','46','ファーストレイン・テクノレジー株式会社',1,'',8,3),(832,'2015-12-17 05:25:55','732','陳 占偉',1,'',11,3),(833,'2015-12-17 05:28:12','133','陳 占偉',1,'',21,3),(834,'2015-12-17 05:31:16','733','王 哲',1,'',11,3),(835,'2015-12-17 05:31:59','134','王 哲',1,'',21,3),(836,'2015-12-17 05:32:23','133','陳 占偉',2,'status を変更しました。',21,3),(837,'2015-12-17 05:35:23','734','郁 地',1,'',11,3),(838,'2015-12-17 05:36:10','135','郁 地',1,'',21,3),(839,'2015-12-17 05:39:26','735','李 華',1,'',11,3),(840,'2015-12-17 05:40:06','136','李 華',1,'',21,3),(841,'2015-12-17 05:43:27','736','韓 秀娟',1,'',11,3),(842,'2015-12-17 05:43:51','137','韓 秀娟',1,'',21,3),(843,'2015-12-17 05:44:05','137','韓 秀娟',2,'status と role を変更しました。',21,3),(844,'2015-12-17 05:45:11','72','Ｗｅｂアプリケーション再構築開発支援（楊旭峰）',1,'',25,3),(845,'2015-12-17 06:08:28','68','マイナンバーに関わる開発支援',1,'',17,3),(846,'2015-12-17 06:09:32','138','楊 小兵',1,'',21,3),(847,'2015-12-17 06:22:24','139','郝 克強',1,'',21,3),(848,'2015-12-17 06:22:58','139','郝 克強',2,'status を変更しました。',21,3),(849,'2015-12-17 06:24:34','73','マイナンバーに関わる開発支援',1,'',25,3),(850,'2015-12-17 06:45:20','69','マイナンバーに関わる開発支援（何）',1,'',17,3),(851,'2015-12-17 07:01:16','737','何 晟宇',1,'',11,3),(852,'2015-12-17 07:02:12','140','何 晟宇',1,'',21,3),(853,'2015-12-17 07:08:52','70','生命保険会社向け保険金・給付金支払システム構築',1,'',17,3),(854,'2015-12-17 07:17:38','74','マイナンバーに関わる開発支援（何）',1,'',25,3),(855,'2015-12-17 07:22:21','141','万 力',1,'',21,3),(856,'2015-12-17 07:23:16','142','陳 皓',1,'',21,3),(857,'2015-12-17 07:24:29','143','項 巍',1,'',21,3),(858,'2015-12-17 07:30:54','738','関 俊傑',1,'',11,3),(859,'2015-12-17 07:35:04','144','関 俊傑',1,'',21,3),(860,'2015-12-17 07:36:07','70','生命保険会社向け保険金・給付金支払システム構築',2,'変更はありませんでした。',17,3),(861,'2015-12-17 07:36:28','75','生命保険会社向け保険金・給付金支払システム構築',1,'',25,3),(862,'2015-12-17 07:37:52','70','生命保険会社向け保険金・給付金支払システム構築（万）',2,'name を変更しました。',17,3),(863,'2015-12-17 07:37:55','75','生命保険会社向け保険金・給付金支払システム構築',2,'変更はありませんでした。',25,3),(864,'2015-12-17 07:39:47','71','生命保険会社向け保険金・給付金支払システム構築（朱）',1,'',17,3),(865,'2015-12-17 07:41:15','145','朱 凱',1,'',21,3),(866,'2015-12-17 07:45:07','146','李 万春',1,'',21,3),(867,'2015-12-17 07:47:10','147','劉 伝佳',1,'',21,3),(868,'2015-12-17 07:49:09','148','陳 石',1,'',21,3),(869,'2015-12-17 07:49:30','76','生命保険会社向け保険金・給付金支払システム構築（朱）',1,'',25,3),(870,'2015-12-17 10:47:47','37','CC-Quattro研究開発支援（拡販向け課題対応）',2,'order_date を変更しました。',25,1),(871,'2015-12-17 11:13:42','3','CC-Quattro研究開発支援（拡販向け課題対応）',2,'変更はありませんでした。',17,1),(872,'2015-12-18 01:40:25','72','勘定系/外国為替システム開発',1,'',17,3),(873,'2015-12-18 01:44:02','149','時 洋',1,'',21,3),(874,'2015-12-18 01:50:50','739','宋 巍',1,'',11,3),(875,'2015-12-18 01:51:16','150','宋 巍',1,'',21,3),(876,'2015-12-18 01:51:31','150','宋 巍',2,'status と role を変更しました。',21,3),(877,'2015-12-18 01:52:09','151','李 永傑',1,'',21,3),(878,'2015-12-18 01:52:22','151','李 永傑',2,'status と role を変更しました。',21,3),(879,'2015-12-18 02:00:40','740','徐 玲玲',1,'',11,3),(880,'2015-12-18 02:01:13','152','徐 玲玲',1,'',21,3),(881,'2015-12-18 02:02:17','153','李 真',1,'',21,3),(882,'2015-12-18 02:02:32','153','李 真',2,'minus_per_hour, status と role を変更しました。',21,3),(883,'2015-12-18 02:12:15','741','崔 成超',1,'',11,3),(884,'2015-12-18 02:16:05','154','崔 成超',1,'',21,3),(885,'2015-12-18 02:17:48','154','崔 成超',2,'status を変更しました。',21,3),(886,'2015-12-18 02:19:39','77','勘定系/外国為替システム開発',1,'',25,3),(887,'2015-12-18 02:38:58','73','次期システム3-2推進PT支援',1,'',17,3),(888,'2015-12-18 02:45:19','155','李 宏波',1,'',21,3),(889,'2015-12-18 02:46:33','156','陳 静',1,'',21,3),(890,'2015-12-18 02:52:40','157','高 靖',1,'',21,3),(891,'2015-12-18 02:58:58','742','孫 偉',1,'',11,3),(892,'2015-12-18 03:05:48','158','孫 偉',1,'',21,3),(893,'2015-12-18 03:09:22','159','朱 佳琪',1,'',21,3),(894,'2015-12-18 03:10:36','78','次期システム3-2推進PT支援',1,'',25,3),(895,'2015-12-18 03:37:12','74','次期システム3-2推進PT支援　',1,'',17,3),(896,'2015-12-18 03:41:23','160','潘 偉',1,'',21,3),(897,'2015-12-18 03:57:41','75','あいおいニッセイ同和損害保険　損害保険会社向け　基幹系システム開発・保守（収納領域）',1,'',17,4),(898,'2015-12-18 04:01:39','161','張 遠邦',1,'',21,4),(899,'2015-12-18 04:02:08','162','孟 凡軍',1,'',21,3),(900,'2015-12-18 04:03:22','163','王 明華',1,'',21,3),(901,'2015-12-18 04:03:43','79','あいおいニッセイ同和損害保険基幹系システム',1,'',25,4),(902,'2015-12-18 04:04:41','80','あいおいニッセイ同和損害保険　基幹系システム開発・保守',1,'',25,4),(903,'2015-12-18 04:05:58','164','張 勝男',1,'',21,3),(904,'2015-12-18 04:08:16','165','呉 浩樹',1,'',21,3),(905,'2015-12-18 04:08:19','76','三井住友海上火災保険保険業法・監督指針改定対応',1,'',17,4),(906,'2015-12-18 04:09:04','166','胡 水',1,'',21,3),(907,'2015-12-18 04:09:34','167','章 麗娟',1,'',21,4),(908,'2015-12-18 04:10:22','168','王 婷婷',1,'',21,4),(909,'2015-12-18 04:10:49','81','次期システム3-2推進PT支援　',1,'',25,3),(910,'2015-12-18 04:10:51','82','三井住友海上火災保険保険業法・監督指針改定対応',1,'',25,4),(911,'2015-12-18 05:46:58','77','証券会社向けESTREX導入開発',1,'',17,3),(912,'2015-12-18 05:48:27','169','王 立勇',1,'',21,3),(913,'2015-12-18 05:50:17','743','曲 波',1,'',11,3),(914,'2015-12-18 05:51:21','170','曲 波',1,'',21,3),(915,'2015-12-18 05:54:16','744','尹 暁林',1,'',11,3),(916,'2015-12-18 05:55:00','171','尹 暁林',1,'',21,3),(917,'2015-12-18 06:00:02','745','尹 鶴寧',1,'',11,3),(918,'2015-12-18 06:01:36','172','尹 鶴寧',1,'',21,3),(919,'2015-12-18 06:02:45','83','証券会社向けESTREX導入開発',1,'',25,3),(920,'2015-12-18 06:50:00','9','張 磊',2,'end_date を変更しました。',21,3),(921,'2015-12-18 06:50:14','78','三井住友会場火災保険【傷害新種更改】',1,'',17,4),(922,'2015-12-18 06:50:27','10','劉 斌',2,'end_date を変更しました。',21,3),(923,'2015-12-18 06:50:50','11','王 磊',2,'end_date を変更しました。',21,3),(924,'2015-12-18 06:51:00','12','延 国輝',2,'end_date を変更しました。',21,3),(925,'2015-12-18 06:52:01','7','みずほ担保オンラインプロジェクト設計・開発',2,'end_date を変更しました。',17,3),(926,'2015-12-18 06:52:36','84','みずほ担保オンラインプロジェクト設計・開発',1,'',25,3),(927,'2015-12-18 06:59:34','79','銀行システムに関わる業パ・開発・保守',1,'',17,3),(928,'2015-12-18 07:00:56','173','邢 浩',1,'',21,4),(929,'2015-12-18 07:01:18','174','張 謙愷',1,'',21,3),(930,'2015-12-18 07:01:44','175','韓 軍超',1,'',21,4),(931,'2015-12-18 07:02:07','85','銀行システムに関わる業パ・開発・保守',1,'',25,3),(932,'2015-12-18 07:02:51','176','胡 志兵',1,'',21,4),(933,'2015-12-18 07:04:04','176','胡 志兵',2,'price を変更しました。',21,4),(934,'2015-12-18 07:04:39','80','証券会社向けESTREX導入開発　',1,'',17,3),(935,'2015-12-18 07:05:14','177','宋 文良',1,'',21,4),(936,'2015-12-18 07:05:51','178','池 将権',1,'',21,4),(937,'2015-12-18 07:07:00','179','張 雷',1,'',21,4),(938,'2015-12-18 07:07:59','86','三井住友会場火災保険【傷害新種更改】',1,'',25,4),(939,'2015-12-18 07:08:13','746','祝 華峰',1,'',11,3),(940,'2015-12-18 07:10:09','180','祝 華峰',1,'',21,3),(941,'2015-12-18 07:11:31','87','証券会社向けESTREX導入開発　',1,'',25,3),(942,'2015-12-18 07:13:31','81','生命保険会社変額年金ダウンサイジング',1,'',17,3),(943,'2015-12-18 07:20:23','181','樊 麗',1,'',21,3),(944,'2015-12-18 07:22:29','88','生命保険会社変額年金ダウンサイジング',1,'',25,3),(945,'2015-12-18 07:28:08','82','証券会社向けESTREX導入開発　　',1,'',17,3),(946,'2015-12-18 07:29:24','182','朱 軍',1,'',21,3),(947,'2015-12-18 07:29:57','89','証券会社向けESTREX導入開発　　',1,'',25,3),(948,'2015-12-18 07:31:51','83','証券会社向けESTREX導入開発　　　',1,'',17,3),(949,'2015-12-18 07:32:38','183','邱 紹為',1,'',21,3),(950,'2015-12-18 07:35:48','747','馬 彬',1,'',11,3),(951,'2015-12-18 07:36:29','184','馬 彬',1,'',21,3),(952,'2015-12-18 07:37:21','90','証券会社向けESTREX導入開発　　　',1,'',25,3),(953,'2015-12-18 07:38:54','84','証券会社向けESTREX導入開発　　　　',1,'',17,3),(954,'2015-12-18 07:40:12','185','伍 瑛',1,'',21,3),(955,'2015-12-18 07:40:49','186','呂 爍霞',1,'',21,3),(956,'2015-12-18 07:41:25','91','証券会社向けESTREX導入開発　　　　',1,'',25,3),(957,'2015-12-18 07:42:47','85','かんぽ生命殿向け支払業務システム',1,'',17,4),(958,'2015-12-18 07:43:37','86','証券会社向けESTREX導入開発　　　　　',1,'',17,3),(959,'2015-12-18 07:43:38','187','呉 丹丹',1,'',21,4),(960,'2015-12-18 07:44:47','188','王 賽',1,'',21,3),(961,'2015-12-18 07:45:20','92','証券会社向けESTREX導入開発　　　　　',1,'',25,3),(962,'2015-12-18 07:45:43','189','李 勇君',1,'',21,4),(963,'2015-12-18 07:45:59','189','李 勇君',2,'status を変更しました。',21,4),(964,'2015-12-18 07:46:52','190','姚 志雄',1,'',21,4),(965,'2015-12-18 07:47:15','87','証券会社向けESTREX導入開発　　　　　　',1,'',17,3),(966,'2015-12-18 07:47:25','191','孟 凡穎',1,'',21,4),(967,'2015-12-18 07:48:36','192','盛 軍',1,'',21,3),(968,'2015-12-18 07:49:02','93','かんぽ生命殿向け支払業務システム',1,'',25,4),(969,'2015-12-18 07:49:51','193','張 猛',1,'',21,3),(970,'2015-12-18 07:50:37','94','証券会社向けESTREX導入開発　　　　　　',1,'',25,3),(971,'2015-12-18 07:51:41','95','みずほ銀行向け業務の開発支援①',1,'',25,4),(972,'2015-12-18 07:51:43','88','証券会社向けESTREX導入開発　　　　　　　　',1,'',17,3),(973,'2015-12-18 07:53:25','194','史 佳霖',1,'',21,3),(974,'2015-12-18 07:53:52','96','証券会社向けESTREX導入開発　　　　　　　　',1,'',25,3),(975,'2015-12-18 07:55:39','89','あいおいニッセイ同和損害保険【損害新種更改・周辺】',1,'',17,4),(976,'2015-12-18 07:58:19','90','GNS開発支援',1,'',17,3),(977,'2015-12-18 07:59:40','195','熊 澳',1,'',21,3),(978,'2015-12-18 08:00:26','91','あいおいニッセイ同和損害保険業務管理システムの改修対応',1,'',17,4),(979,'2015-12-18 08:01:01','748','馮 磊',1,'',11,3),(980,'2015-12-18 08:01:30','196','馮 磊',1,'',21,3),(981,'2015-12-18 08:02:01','97','GNS開発支援',1,'',25,3),(982,'2015-12-18 08:18:39','92','三井住友海上火災保険【傷害新種更改・周辺】一式',1,'',17,4),(983,'2015-12-21 02:33:49','93','信販会社様　決済サービスシステム支援作業',1,'',17,3),(984,'2015-12-21 03:07:29','749','王 棟',1,'',11,3),(985,'2015-12-21 04:18:52','197','王 棟',1,'',21,3),(986,'2015-12-21 04:21:21','198','王 碩',1,'',21,3),(987,'2015-12-21 04:31:19','2','商工組合中央金庫',1,'',28,3),(988,'2015-12-21 04:32:09','98','信販会社様　決済サービスシステム支援作業',1,'',25,3),(989,'2015-12-21 04:38:02','94','日立受け　戦略（中期）自火　CDPT',1,'',17,3),(990,'2015-12-21 04:43:12','199','汪 澤浩',1,'',21,3),(991,'2015-12-21 04:44:37','750','高 連興',1,'',11,3),(992,'2015-12-21 04:45:02','200','高 連興',1,'',21,3),(993,'2015-12-21 04:50:12','751','劉 文育',1,'',11,3),(994,'2015-12-21 04:51:30','201','劉 文育',1,'',21,3),(995,'2015-12-21 04:51:43','201','劉 文育',2,'status を変更しました。',21,3),(996,'2015-12-21 04:52:20','99','日立受け　戦略（中期）自火　CDPT',1,'',25,3),(997,'2015-12-21 04:52:30','99','日立受け　戦略（中期）自火　CDPT',2,'bank_info を変更しました。',25,3),(998,'2015-12-21 04:54:52','95','次期シス/外為　12月分',1,'',17,3),(999,'2015-12-21 05:08:53','202','蒋 杰',1,'',21,3),(1000,'2015-12-21 05:09:34','100','次期シス/外為　12月分',1,'',25,3),(1001,'2015-12-21 05:17:04','96','次期シス設計。開発支援（与信）2015年12月分',1,'',17,3),(1002,'2015-12-21 05:19:33','97','INTEC-電力関連開発支援（1512-1601）',1,'',17,4),(1003,'2015-12-21 05:20:11','47','株式会社　協栄情報',1,'',8,3),(1004,'2015-12-21 05:20:21','752','黄 林ティ',1,'',11,3),(1005,'2015-12-21 05:21:58','203','黄 林ティ',1,'',21,3),(1006,'2015-12-21 05:22:58','204','趙 賀',1,'',21,3),(1007,'2015-12-21 05:23:56','205','李 偉',1,'',21,3),(1008,'2015-12-21 05:25:02','48','株式会社C＆J',1,'',8,4),(1009,'2015-12-21 05:27:00','753','聶 文傑',1,'',11,3),(1010,'2015-12-21 05:27:34','206','聶 文傑',1,'',21,3),(1011,'2015-12-21 05:29:44','754','張 海燕',1,'',11,4),(1012,'2015-12-21 05:30:24','754','張 海燕',2,'cost を変更しました。',11,4),(1013,'2015-12-21 05:31:02','207','張 海燕',1,'',21,4),(1014,'2015-12-21 05:34:02','208','馬 志峰',1,'',21,4),(1015,'2015-12-21 05:35:00','101','INTEC-電力関連開発支援（1512-1601）',1,'',25,4),(1016,'2015-12-21 05:39:47','98','三菱食品向けシステム開発支援',1,'',17,4),(1017,'2015-12-21 05:42:58','209','李 立昌',1,'',21,4),(1018,'2015-12-21 05:43:21','49','UTO株式会社',1,'',8,3),(1019,'2015-12-21 05:43:48','210','任 雪',1,'',21,4),(1020,'2015-12-21 05:44:31','755','趙 建軍',1,'',11,3),(1021,'2015-12-21 05:45:33','211','趙 建軍',1,'',21,3),(1022,'2015-12-21 05:47:36','212','劉 徳欣',1,'',21,4),(1023,'2015-12-21 05:48:00','213','邱 文',1,'',21,3),(1024,'2015-12-21 05:49:16','214','章 麗娟',1,'',21,3),(1025,'2015-12-21 05:50:00','205','李 偉',2,'price, plus_per_hour と minus_per_hour を変更しました。',21,3),(1026,'2015-12-21 05:51:10','102','次期シス設計。開発支援（与信）2015年12月分',1,'',25,3),(1027,'2015-12-21 05:52:50','99','SEIBI詳細設計支援（２０１５年１２月）',1,'',17,3),(1028,'2015-12-21 05:53:38','215','倪 楊',1,'',21,4),(1029,'2015-12-21 05:53:51','216','楊 蕊',1,'',21,3),(1030,'2015-12-21 05:54:57','217','崔 石哲',1,'',21,4),(1031,'2015-12-21 05:55:48','103','三菱食品向けシステム開発支援',1,'',25,4),(1032,'2015-12-21 05:58:13','100','次期会計システム・AA工程業務支援作業',1,'',17,4),(1033,'2015-12-21 05:59:59','218','田 申',1,'',21,4),(1034,'2015-12-21 06:00:28','756','宋 明博',1,'',11,3),(1035,'2015-12-21 06:00:43','104','次期会計システム・AA工程業務支援作業',1,'',25,4),(1036,'2015-12-21 06:01:44','219','宋 明博',1,'',21,3),(1037,'2015-12-21 06:02:35','220','白 洋',1,'',21,3),(1038,'2015-12-21 06:07:36','221','馮 倹',1,'',21,3),(1039,'2015-12-21 06:08:27','222','程 単',1,'',21,3),(1040,'2015-12-21 06:09:29','223','王 雪',1,'',21,3),(1041,'2015-12-21 06:10:08','224','張 娜',1,'',21,3),(1042,'2015-12-21 06:11:13','757','唐 博',1,'',11,3),(1043,'2015-12-21 06:11:55','225','唐 博',1,'',21,3),(1044,'2015-12-21 06:12:37','226','沈 坤茂',1,'',21,3),(1045,'2015-12-21 06:13:22','227','賈 世亮',1,'',21,3),(1046,'2015-12-21 06:14:13','228','尹 雪平',1,'',21,3),(1047,'2015-12-21 06:14:45','229','丁 君禄',1,'',21,3),(1048,'2015-12-21 06:16:27','230','文 彬彬',1,'',21,3),(1049,'2015-12-21 06:16:55','101','FINEMAX　FFGh品質向上',1,'',17,4),(1050,'2015-12-21 06:17:08','231','李 軼欧',1,'',21,3),(1051,'2015-12-21 06:17:57','232','王 臣',1,'',21,3),(1052,'2015-12-21 06:18:17','233','方 興旭',1,'',21,4),(1053,'2015-12-21 06:18:17','234','方 興旭',1,'',21,4),(1054,'2015-12-21 06:19:53','758','鞠 林峰',1,'',11,3),(1055,'2015-12-21 06:20:32','235','鞠 林峰',1,'',21,3),(1056,'2015-12-21 06:22:27','236','張 帆',1,'',21,3),(1057,'2015-12-21 06:22:58','105','SEIBI詳細設計支援（２０１５年１２月）',1,'',25,3),(1058,'2015-12-21 06:27:23','102','次期シス/外為　12月分　',1,'',17,3),(1059,'2015-12-21 06:28:07','237','韓 建武',1,'',21,3),(1060,'2015-12-21 06:30:04','759','陳 彦',1,'',11,3),(1061,'2015-12-21 06:31:47','238','陳 彦',1,'',21,3),(1062,'2015-12-21 06:33:05','760','郭 雲飛',1,'',11,3),(1063,'2015-12-21 06:35:44','239','郭 雲飛',1,'',21,3),(1064,'2015-12-21 06:37:09','761','江 陸',1,'',11,3),(1065,'2015-12-21 06:37:40','240','江 陸',1,'',21,3),(1066,'2015-12-21 06:38:28','241','孫 天龍',1,'',21,3),(1067,'2015-12-21 06:39:23','242','寧 錚然',1,'',21,3),(1068,'2015-12-21 06:39:49','103','アジア仕様変更対応',1,'',17,4),(1069,'2015-12-21 06:40:38','762','劉 旭',1,'',11,3),(1070,'2015-12-21 06:40:46','243','劉 陽',1,'',21,4),(1071,'2015-12-21 06:41:01','244','劉 旭',1,'',21,3),(1072,'2015-12-21 06:42:15','763','周 宇',1,'',11,3),(1073,'2015-12-21 06:42:43','245','周 宇',1,'',21,3),(1074,'2015-12-21 06:44:23','106','アジア仕様変更対応',1,'',25,4),(1075,'2015-12-21 06:47:42','246','王 哲峰',1,'',21,3),(1076,'2015-12-21 06:49:01','764','楊 旭',1,'',11,3),(1077,'2015-12-21 06:50:11','247','楊 旭',1,'',21,3),(1078,'2015-12-21 06:50:38','247','楊 旭',2,'status を変更しました。',21,3),(1079,'2015-12-21 06:53:18','765','呉 盛偉',1,'',11,3),(1080,'2015-12-21 06:54:00','248','呉 盛偉',1,'',21,3),(1081,'2015-12-21 06:55:44','766','張 景旭',1,'',11,3),(1082,'2015-12-21 06:56:13','249','張 景旭',1,'',21,3),(1083,'2015-12-21 06:57:41','43','日鉄日立システムエンジニアリング株式会社',1,'',13,4),(1084,'2015-12-21 06:57:53','767','劉 強強',1,'',11,3),(1085,'2015-12-21 06:57:53','104','JCB殿次世代システム保守、利用後スキップ機能開発作業',1,'',17,4),(1086,'2015-12-21 06:58:22','250','劉 強強',1,'',21,3),(1087,'2015-12-21 06:59:38','251','畑村 宏彦',1,'',21,4),(1088,'2015-12-21 07:00:03','768','張 博',1,'',11,3),(1089,'2015-12-21 07:00:25','252','齋藤 徳嗣',1,'',21,4),(1090,'2015-12-21 07:00:47','253','張 博',1,'',21,3),(1091,'2015-12-21 07:01:03','107','JCB殿次世代システム保守、利用後スキップ機能開発作業',1,'',25,4),(1092,'2015-12-21 07:01:58','254','崔 寧',1,'',21,3),(1093,'2015-12-21 07:05:00','50','株式会社　シンメトリクス',1,'',8,3),(1094,'2015-12-21 07:05:04','769','于 作偉',1,'',11,3),(1095,'2015-12-21 07:05:31','255','于 作偉',1,'',21,3),(1096,'2015-12-21 07:07:39','770','李 朝東',1,'',11,3),(1097,'2015-12-21 07:08:13','256','李 朝東',1,'',21,3),(1098,'2015-12-21 07:09:51','51','セッダー株式会社',1,'',8,3),(1099,'2015-12-21 07:09:57','771','庄 玲',1,'',11,3),(1100,'2015-12-21 07:10:22','257','庄 玲',1,'',21,3),(1101,'2015-12-21 07:12:06','105','郵便国際DB-H27・12月',1,'',17,4),(1102,'2015-12-21 07:12:28','772','韓 国巳',1,'',11,3),(1103,'2015-12-21 07:12:53','258','李 洪軍',1,'',21,4),(1104,'2015-12-21 07:13:16','259','韓 国巳',1,'',21,3),(1105,'2015-12-21 07:13:16','260','韓 国巳',1,'',21,3),(1106,'2015-12-21 07:13:30','261','張 孟超',1,'',21,4),(1107,'2015-12-21 07:13:52','262','陸 小英',1,'',21,3),(1108,'2015-12-21 07:14:31','108','次期シス/外為　12月分　',1,'',25,3),(1109,'2015-12-21 07:14:40','109','郵便国際DB-H27・12月',1,'',25,4),(1110,'2015-12-21 07:20:28','106','国際ブランドデビットカード',1,'',17,3),(1111,'2015-12-21 07:23:14','263','範 福志',1,'',21,3),(1112,'2015-12-21 07:25:24','110','国際ブランドデビットカード',1,'',25,3),(1113,'2015-12-21 07:28:57','107','共同基幹システム（マグロ設計支援・顧客/加盟店）2015/12',1,'',17,3),(1114,'2015-12-21 07:30:06','264','雷 淵偉',1,'',21,3),(1115,'2015-12-21 07:31:21','265','王 亜楠',1,'',21,3),(1116,'2015-12-21 07:32:08','266','張 弘',1,'',21,3),(1117,'2015-12-21 07:32:51','267','徐 翔',1,'',21,3),(1118,'2015-12-21 07:34:05','107','共同基幹システム（マグロ設計支援・顧客/加盟店）2015/12',2,'end_date を変更しました。',17,3),(1119,'2015-12-21 07:34:41','111','共同基幹システム（マグロ設計支援・顧客/加盟店）',1,'',25,3),(1120,'2015-12-21 07:35:57','108','共同基幹システム（マグロ設計支援・顧客/加盟店）2015/12　',1,'',17,3),(1121,'2015-12-21 07:43:34','268','于 昊淼',1,'',21,3),(1122,'2015-12-21 07:44:23','112','共同基幹システム（マグロ設計支援・顧客/加盟店）　',1,'',25,3),(1123,'2015-12-21 07:46:44','109','JICA海外融資事業システム更改',1,'',17,3),(1124,'2015-12-21 07:47:38','269','姚 遠',1,'',21,3),(1125,'2015-12-21 07:56:52','44','NTT-D FGCC　次世代ファイナンス一括　追加開発+障害対応',2,'is_lump と lump_amount を変更しました。',17,3),(1126,'2015-12-21 08:01:07','110','延滞管理システム保守対応に関する請負契約　',1,'',17,3),(1127,'2015-12-21 08:02:07','270','胡 海涛',1,'',21,3),(1128,'2015-12-21 08:02:38','113','延滞管理システム保守対応に関する請負契約　',1,'',25,3),(1129,'2016-01-04 01:26:23','42','曹 徳芳',2,'清算リスト \"曹 徳芳 2015年 12月\"を追加しました。',21,3),(1130,'2016-01-04 01:26:42','43','楊 萌',2,'清算リスト \"楊 萌 2015年 12月\"を追加しました。',21,3),(1131,'2016-01-04 01:27:08','59','王 志成',2,'清算リスト \"王 志成 2015年 12月\"を追加しました。',21,3),(1132,'2016-01-04 01:27:58','61','邢 偉',2,'清算リスト \"邢 偉 2015年 12月\"を追加しました。',21,3),(1133,'2016-01-04 01:28:18','62','王 剛',2,'清算リスト \"王 剛 2015年 12月\"を追加しました。',21,3),(1134,'2016-01-04 01:28:35','63','玉利 杜峰',2,'清算リスト \"玉利 杜峰 2015年 12月\"を追加しました。',21,3),(1135,'2016-01-04 01:44:19','104','楊 鵬程',2,'status を変更しました。',21,3),(1136,'2016-01-04 02:15:46','33','ソフトウェア開発（4条1項1号業務）',2,'案件メンバー \"張 紅霞\" の min_hours と minus_per_hour を変更しました。',17,3),(1137,'2016-01-04 02:18:50','38','ソフトウェア開発（4条1項1号業務）',2,'order_date を変更しました。',25,3),(1138,'2016-01-04 02:21:28','38','株式会社パスコ',2,'post_code, address1, address2 と tel を変更しました。',13,3),(1139,'2016-01-04 02:22:31','78','張 紅霞',2,'変更はありませんでした。',21,3),(1140,'2016-01-04 03:19:48','4','交通宿泊費',1,'',26,3),(1141,'2016-01-04 03:20:19','72','市川 徹',2,'清算リスト \"市川 徹 2015年 12月\"を追加しました。 清算リスト \"市川 徹 2015年 12月\"を追加しました。',21,3),(1142,'2016-01-04 03:24:18','72','市川 徹',2,'清算リスト \"市川 徹 2015年 12月\" の price を変更しました。',21,3),(1143,'2016-01-04 03:45:36','9','張 磊',2,'清算リスト \"張 磊 2015年 12月\"を追加しました。',21,3),(1144,'2016-01-04 03:45:56','12','延 国輝',2,'清算リスト \"延 国輝 2015年 12月\"を追加しました。',21,3),(1145,'2016-01-04 04:56:02','16','丁 玲',2,'email を変更しました。',10,1),(1146,'2016-01-04 05:19:48','114','PJ向けABAP開発支援SAPサポート',1,'',25,4),(1147,'2016-01-04 05:20:11','115','PJ向けABAP開発支援SAPサポート',1,'',25,4),(1148,'2016-01-04 05:21:35','51','PJ向けABAP開発支援SAPサポート',2,'order_date を変更しました。',25,4),(1149,'2016-01-04 05:22:51','44','UTO株式会社',1,'',13,3),(1150,'2016-01-04 05:23:03','111','システム開発支援',1,'',17,3),(1151,'2016-01-04 05:25:21','271','鄭 爽',1,'',21,3),(1152,'2016-01-04 05:25:46','5','出張交通費',1,'',26,4),(1153,'2016-01-04 05:26:13','94','叢 怜悧',2,'清算リスト \"叢 怜悧 2015年 12月\"を追加しました。',21,4),(1154,'2016-01-04 05:41:59','111','システム開発支援',2,'案件メンバー \"鄭 爽\" の min_hours と max_hours を変更しました。',17,3),(1155,'2016-01-04 05:44:29','116','システム開発支援',1,'',25,3),(1156,'2016-01-04 05:48:05','45','株式会社ユーシーアイー',1,'',13,3),(1157,'2016-01-04 05:49:13','112','システム開発支援',1,'',17,3),(1158,'2016-01-04 05:50:30','272','邱 彩麗',1,'',21,3),(1159,'2016-01-04 05:51:20','117','システム開発支援',1,'',25,3),(1160,'2016-01-04 06:04:26','118','NTTコムウェア殿向け共通経理システム時期開発作業',1,'',25,4),(1161,'2016-01-04 06:05:24','94','叢 怜悧',2,'勤務時間 \"叢 怜悧 2015年 12月\" を削除しました。',21,1),(1162,'2016-01-04 06:18:32','46','株式会社ネットコム',1,'',13,3),(1163,'2016-01-04 06:19:08','113','Yahoo向け社内システム開発',1,'',17,3),(1164,'2016-01-04 06:20:30','273','鄭 敏',1,'',21,3),(1165,'2016-01-04 06:21:36','119','Yahoo向け社内システム開発',1,'',25,3),(1166,'2016-01-04 06:22:10','46','株式会社ネットコム',2,'payment_day を変更しました。',13,3),(1167,'2016-01-04 06:22:19','113','Yahoo向け社内システム開発',2,'変更はありませんでした。',17,3),(1168,'2016-01-04 06:31:15','14','劉 暢',2,'email を変更しました。',10,1),(1169,'2016-01-04 06:31:44','8','王 莉',2,'email を変更しました。',10,1),(1170,'2016-01-04 06:35:54','94','叢 怜悧',2,'変更はありませんでした。',21,4),(1171,'2016-01-04 06:55:49','17','齋藤 善次',1,'',10,1),(1172,'2016-01-04 07:00:18','5','dingling@e-business.co.jp',2,'is_superuser を変更しました。',4,1),(1173,'2016-01-04 07:00:28','7','liuchang@e-business.co.jp',2,'is_superuser を変更しました。',4,1),(1174,'2016-01-04 07:00:37','6','saito@e-business.co.jp',2,'is_superuser を変更しました。',4,1),(1175,'2016-01-04 07:00:45','6','saito@e-business.co.jp',2,'変更はありませんでした。',4,1),(1176,'2016-01-04 07:00:54','9','wangli@e-business.co.jp',2,'is_superuser を変更しました。',4,1),(1177,'2016-01-04 07:01:00','8','zhangsinuo@e-business.co.jp',2,'is_superuser を変更しました。',4,1),(1178,'2016-01-04 07:01:12','10','zhengjing@e-business.co.jp',2,'is_superuser を変更しました。',4,1),(1179,'2016-01-04 07:05:55','342','権 ヨルム',2,'member_type と salesperson を変更しました。',11,6),(1180,'2016-01-04 07:06:33','348','井 月',2,'member_type と salesperson を変更しました。',11,10),(1181,'2016-01-04 07:07:34','624','趙 志遠',2,'member_type と salesperson を変更しました。',11,6),(1182,'2016-01-04 07:07:34','439','任 雪',2,'member_type と salesperson を変更しました。',11,10),(1183,'2016-01-04 07:07:34','439','任 雪',2,'member_type と salesperson を変更しました。',11,10),(1184,'2016-01-04 07:08:01','403','丁 君禄',2,'salesperson を変更しました。',11,9),(1185,'2016-01-04 07:08:29','603','万 力',2,'member_type と salesperson を変更しました。',11,9),(1186,'2016-01-04 07:08:40','478','万 寧',2,'member_type と salesperson を変更しました。',11,9),(1187,'2016-01-04 07:08:46','394','倪 楊',2,'member_type と salesperson を変更しました。',11,10),(1188,'2016-01-04 07:08:53','769','于 作偉',2,'salesperson を変更しました。',11,9),(1189,'2016-01-04 07:09:13','646','劉 建民',2,'member_type と salesperson を変更しました。',11,10),(1190,'2016-01-04 07:09:32','398','伍 瑛',2,'member_type と salesperson を変更しました。',11,9),(1191,'2016-01-04 07:09:44','528','劉 徳欣',2,'member_type と salesperson を変更しました。',11,10),(1192,'2016-01-04 07:09:47','724','于 芝文',2,'salesperson を変更しました。',11,7),(1193,'2016-01-04 07:10:22','609','劉 陽',2,'member_type と salesperson を変更しました。',11,10),(1194,'2016-01-04 07:12:11','660','侯 旭',2,'member_type と salesperson を変更しました。',11,9),(1195,'2016-01-04 07:12:29','455','叢 怜悧',2,'member_type と salesperson を変更しました。',11,10),(1196,'2016-01-04 07:12:54','667','劉 伝佳',2,'member_type と salesperson を変更しました。',11,9),(1197,'2016-01-04 07:13:28','690','呉 丹丹',2,'salesperson を変更しました。',11,10),(1198,'2016-01-04 07:13:48','767','劉 強強',2,'salesperson を変更しました。',11,9),(1199,'2016-01-04 07:15:12','751','劉 文育',2,'salesperson を変更しました。',11,9),(1200,'2016-01-04 07:15:45','524','劉 斌',2,'member_type と salesperson を変更しました。',11,9),(1201,'2016-01-04 07:16:19','762','劉 旭',2,'salesperson を変更しました。',11,9),(1202,'2016-01-04 07:16:52','737','何 晟宇',2,'salesperson を変更しました。',11,8),(1203,'2016-01-04 07:17:13','683','呉 偉',2,'salesperson を変更しました。',11,10),(1204,'2016-01-04 07:17:31','568','呉 友清',2,'member_type と salesperson を変更しました。',11,10),(1205,'2016-01-04 07:18:08','534','史 佳霖',2,'member_type と salesperson を変更しました。',11,9),(1206,'2016-01-04 07:18:37','355','呂 爍霞',2,'member_type と salesperson を変更しました。',11,9),(1207,'2016-01-04 07:19:02','701','唐 暁東',2,'salesperson を変更しました。',11,10),(1208,'2016-01-04 07:19:18','691','姚 志雄',2,'salesperson を変更しました。',11,10),(1209,'2016-01-04 07:19:40','684','孟 凡穎',2,'salesperson を変更しました。',11,10),(1210,'2016-01-04 07:19:58','564','孫 天龍',2,'member_type と salesperson を変更しました。',11,10),(1211,'2016-01-04 07:20:43','421','孫 林',2,'member_type と salesperson を変更しました。',11,10),(1212,'2016-01-04 07:20:53','765','呉 盛偉',2,'salesperson を変更しました。',11,9),(1213,'2016-01-04 07:21:14','763','周 宇',2,'salesperson を変更しました。',11,9),(1214,'2016-01-04 07:21:17','468','安 豊平',2,'member_type と salesperson を変更しました。',11,10),(1215,'2016-01-04 07:21:37','469','周 晶',2,'member_type と salesperson を変更しました。',11,9),(1216,'2016-01-04 07:21:38','424','宋 文良',2,'member_type と salesperson を変更しました。',11,10),(1217,'2016-01-04 07:22:10','387','周 紅',2,'member_type と salesperson を変更しました。',11,9),(1218,'2016-01-04 07:22:15','408','崔 宇星',2,'member_type と salesperson を変更しました。',11,10),(1219,'2016-01-04 07:22:57','757','唐 博',2,'salesperson を変更しました。',11,9),(1220,'2016-01-04 07:24:15','535','姚 慶',2,'member_type と salesperson を変更しました。',11,9),(1221,'2016-01-04 07:24:29','530','崔 海龍',2,'member_type と salesperson を変更しました。',11,10),(1222,'2016-01-04 07:24:54','470','姚 遠',2,'salesperson を変更しました。',11,9),(1223,'2016-01-04 07:25:28','515','張 孟超',2,'member_type と salesperson を変更しました。',11,10),(1224,'2016-01-04 07:25:55','627','張 寧波',2,'member_type と salesperson を変更しました。',11,10),(1225,'2016-01-04 07:26:43','399','孫 叡',2,'member_type と salesperson を変更しました。',11,9),(1226,'2016-01-04 07:28:44','564','孫 天龍',2,'salesperson を変更しました。',11,9),(1227,'2016-01-04 07:29:17','529','孫 恒',2,'member_type と salesperson を変更しました。',11,9),(1228,'2016-01-04 07:29:53','663','孫 諾',2,'member_type と salesperson を変更しました。',11,9),(1229,'2016-01-04 07:30:38','739','宋 巍',2,'salesperson を変更しました。',11,9),(1230,'2016-01-04 07:30:59','756','宋 明博',2,'salesperson を変更しました。',11,9),(1231,'2016-01-04 07:31:22','447','寧 錚然',2,'member_type と salesperson を変更しました。',11,9),(1232,'2016-01-04 07:33:19','744','尹 暁林',2,'salesperson を変更しました。',11,9),(1233,'2016-01-04 07:33:38','610','尹 雪平',2,'member_type と salesperson を変更しました。',11,9),(1234,'2016-01-04 07:33:54','745','尹 鶴寧',2,'salesperson を変更しました。',11,9),(1235,'2016-01-04 07:34:26','372','崔 寧',2,'member_type と salesperson を変更しました。',11,9),(1236,'2016-01-04 07:34:49','741','崔 成超',2,'salesperson を変更しました。',11,9),(1237,'2016-01-04 07:35:10','754','張 海燕',2,'salesperson を変更しました。',11,6),(1238,'2016-01-04 07:35:17','344','張 燕',2,'member_type と salesperson を変更しました。',11,6),(1239,'2016-01-04 07:35:32','369','崔 虓',2,'member_type と salesperson を変更しました。',11,9),(1240,'2016-01-04 07:36:02','393','市川 徹',2,'member_type と salesperson を変更しました。',11,9),(1241,'2016-01-04 07:36:06','378','李 超',2,'member_type と salesperson を変更しました。',11,6),(1242,'2016-01-04 07:36:25','404','庄 昌昌',2,'member_type と salesperson を変更しました。',11,9),(1243,'2016-01-04 07:36:28','421','孫 林',2,'変更はありませんでした。',11,6),(1244,'2016-01-04 07:37:01','669','延 国輝',2,'member_type と salesperson を変更しました。',11,9),(1245,'2016-01-04 07:37:13','713','弓長 聖',2,'member_type と salesperson を変更しました。',11,9),(1246,'2016-01-04 07:37:43','343','趙 志龍',2,'member_type と salesperson を変更しました。',11,6),(1247,'2016-01-04 07:37:44','768','張 博',2,'salesperson を変更しました。',11,9),(1248,'2016-01-04 07:38:04','364','張 娜',2,'member_type と salesperson を変更しました。',11,9),(1249,'2016-01-04 07:38:31','620','張 帆',2,'member_type と salesperson を変更しました。',11,9),(1250,'2016-01-04 07:38:41','388','黄 蕾',2,'member_type と is_retired を変更しました。',11,6),(1251,'2016-01-04 07:38:43','585','張 弘',2,'member_type と salesperson を変更しました。',11,9),(1252,'2016-01-04 07:39:18','766','張 景旭',2,'salesperson を変更しました。',11,9),(1253,'2016-01-04 07:40:30','464','張 燦',2,'member_type と salesperson を変更しました。',11,9),(1254,'2016-01-04 07:40:53','482','張 猛',2,'member_type と salesperson を変更しました。',11,9),(1255,'2016-01-04 07:41:33','574','張 磊',2,'member_type と salesperson を変更しました。',11,9),(1256,'2016-01-04 07:42:02','476','張 立',2,'member_type と salesperson を変更しました。',11,9),(1257,'2016-01-04 07:42:15','578','張 紅霞',2,'member_type と salesperson を変更しました。',11,9),(1258,'2016-01-04 07:42:36','635','張 翔',2,'member_type と salesperson を変更しました。',11,9),(1259,'2016-01-04 07:42:54','513','張 謙愷',2,'member_type と salesperson を変更しました。',11,9),(1260,'2016-01-04 07:43:35','740','徐 玲玲',2,'salesperson を変更しました。',11,9),(1261,'2016-01-04 07:44:12','385','徐 翔',2,'member_type と salesperson を変更しました。',11,9),(1262,'2016-01-04 07:44:35','728','徐 頴',2,'salesperson を変更しました。',11,9),(1263,'2016-01-04 07:44:53','729','応 浩',2,'salesperson を変更しました。',11,9),(1264,'2016-01-04 07:45:08','549','文 彬彬',2,'member_type と salesperson を変更しました。',11,9),(1265,'2016-01-04 07:45:29','538','時 洋',2,'member_type と salesperson を変更しました。',11,9),(1266,'2016-01-04 07:45:41','594','晋 璐稀',2,'member_type と salesperson を変更しました。',11,9),(1267,'2016-01-04 07:46:00','743','曲 波',2,'salesperson を変更しました。',11,9),(1268,'2016-01-04 07:46:16','571','朱 佳琪',2,'member_type と salesperson を変更しました。',11,9),(1269,'2016-01-04 07:46:40','641','朱 凱',2,'member_type と salesperson を変更しました。',11,9),(1270,'2016-01-04 07:46:44','432','金 永光',2,'private_email, member_type と salesperson を変更しました。',11,6),(1271,'2016-01-04 07:47:21','492','田 申',2,'member_type と salesperson を変更しました。',11,6),(1272,'2016-01-04 07:47:34','650','申 用勛',2,'member_type と salesperson を変更しました。',11,6),(1273,'2016-01-04 07:47:43','502','申屠 瑛娜',2,'member_type と salesperson を変更しました。',11,6),(1274,'2016-01-04 07:48:03','20','INTEC-電力関連開発支援（1510-1512）',2,'order_date を変更しました。',25,4),(1275,'2016-01-04 07:48:25','460','朱 軍',2,'member_type と salesperson を変更しました。',11,9),(1276,'2016-01-04 07:48:50','558','翟 鴻志',2,'member_type と salesperson を変更しました。',11,6),(1277,'2016-01-04 07:48:57','583','李 偉',2,'member_type と salesperson を変更しました。',11,9),(1278,'2016-01-04 07:49:20','731','佟 志亮',2,'salesperson を変更しました。',11,8),(1279,'2016-01-04 07:49:21','649','賀 玉斌',2,'member_type と salesperson を変更しました。',11,6),(1280,'2016-01-04 07:49:27','599','李 宏波',2,'member_type と salesperson を変更しました。',11,9),(1281,'2016-01-04 07:49:45','770','李 朝東',2,'salesperson を変更しました。',11,9),(1282,'2016-01-04 07:50:11','522','彭 生志',2,'member_type と salesperson を変更しました。',11,6),(1283,'2016-01-04 07:51:07','533','施 揚智',2,'member_type と salesperson を変更しました。',11,6),(1284,'2016-01-04 07:51:27','584','李 立昌',2,'member_type と salesperson を変更しました。',11,6),(1285,'2016-01-04 07:51:45','715','劉 輝',2,'salesperson を変更しました。',11,8),(1286,'2016-01-04 07:51:57','630','李 永傑',2,'member_type と salesperson を変更しました。',11,9),(1287,'2016-01-04 07:52:17','436','魏 慶飛',2,'member_type と salesperson を変更しました。',11,6),(1288,'2016-01-04 07:52:17','436','魏 慶飛',2,'member_type と salesperson を変更しました。',11,6),(1289,'2016-01-04 07:52:17','47','施 健清',2,'清算リスト \"施 健清 2015年 12月\"を追加しました。',21,4),(1290,'2016-01-04 07:52:28','415','包 雲芳',2,'member_type と salesperson を変更しました。',11,8),(1291,'2016-01-04 07:52:50','497','王 静',2,'private_email, member_type と salesperson を変更しました。',11,6),(1292,'2016-01-04 07:52:50','676','李 玉全',2,'member_type と salesperson を変更しました。',11,9),(1293,'2016-01-04 07:52:50','676','李 玉全',2,'member_type と salesperson を変更しました。',11,9),(1294,'2016-01-04 07:52:59','560','叶 海涛',2,'member_type と salesperson を変更しました。',11,8),(1295,'2016-01-04 07:53:03','425','李 真',2,'member_type と salesperson を変更しました。',11,9),(1296,'2016-01-04 07:53:07','598','張 遠邦',2,'member_type と salesperson を変更しました。',11,6),(1297,'2016-01-04 07:53:26','397','李 英男',2,'member_type と salesperson を変更しました。',11,9),(1298,'2016-01-04 07:53:38','714','李 軼欧',2,'member_type と salesperson を変更しました。',11,9),(1299,'2016-01-04 07:54:21','685','李 勇君',2,'salesperson を変更しました。',11,6),(1300,'2016-01-04 07:54:34','697','胡 志兵',2,'salesperson を変更しました。',11,6),(1301,'2016-01-04 07:54:53','483','韓 軍超',2,'member_type と salesperson を変更しました。',11,6),(1302,'2016-01-04 07:55:10','586','邢 浩',2,'member_type, email と salesperson を変更しました。',11,6),(1303,'2016-01-04 07:55:33','699','杉山 さやか',2,'salesperson を変更しました。',11,6),(1304,'2016-01-04 07:55:49','696','馬 野',2,'salesperson を変更しました。',11,6),(1305,'2016-01-04 07:56:15','445','張 雷',2,'member_type と salesperson を変更しました。',11,6),(1306,'2016-01-04 07:56:30','518','章 麗娟',2,'member_type と salesperson を変更しました。',11,6),(1307,'2016-01-04 07:56:51','525','池 将権',2,'member_type と salesperson を変更しました。',11,6),(1308,'2016-01-04 07:57:06','368','杜 暁厦',2,'member_type と salesperson を変更しました。',11,6),(1309,'2016-01-04 07:57:18','389','林 子芸',2,'member_type と salesperson を変更しました。',11,9),(1310,'2016-01-04 07:57:26','50','牟 傑',2,'清算リスト \"牟 傑 2015年 12月\"を追加しました。',21,4),(1311,'2016-01-04 07:57:31','540','林 然然',2,'member_type と salesperson を変更しました。',11,9),(1312,'2016-01-04 07:57:31','381','王 婷婷',2,'member_type と salesperson を変更しました。',11,6),(1313,'2016-01-04 07:57:44','453','高 石磊',2,'member_type と salesperson を変更しました。',11,6),(1314,'2016-01-04 07:57:51','475','楊 小兵',2,'member_type と salesperson を変更しました。',11,9),(1315,'2016-01-04 07:58:17','764','楊 旭',2,'salesperson を変更しました。',11,9),(1316,'2016-01-04 07:59:07','504','楊 暁雷',2,'member_type と salesperson を変更しました。',11,9),(1317,'2016-01-04 07:59:25','636','楊 皖軍',2,'salesperson を変更しました。',11,9),(1318,'2016-01-04 08:00:04','557','楊 蕊',2,'member_type と salesperson を変更しました。',11,9),(1319,'2016-01-04 08:00:27','761','江 陸',2,'salesperson を変更しました。',11,9),(1320,'2016-01-04 08:00:53','473','劉 全民',2,'member_type と salesperson を変更しました。',11,8),(1321,'2016-01-04 08:01:23','386','汪 澤浩',2,'member_type と salesperson を変更しました。',11,9),(1322,'2016-01-04 08:01:38','351','沈 坤茂',2,'member_type と salesperson を変更しました。',11,9),(1323,'2016-01-04 08:02:00','487','潘 偉',2,'member_type と salesperson を変更しました。',11,9),(1324,'2016-01-04 08:02:35','519','熊 澳',2,'member_type と salesperson を変更しました。',11,9),(1325,'2016-01-04 08:02:47','496','劉 衛勇',2,'member_type と salesperson を変更しました。',11,8),(1326,'2016-01-04 08:03:03','581','牛 亜群',2,'member_type と salesperson を変更しました。',11,9),(1327,'2016-01-04 08:03:27','396','王 亜楠',2,'member_type と salesperson を変更しました。',11,9),(1328,'2016-01-04 08:03:56','590','王 哲峰',2,'member_type と salesperson を変更しました。',11,9),(1329,'2016-01-04 08:04:10','555','王 嘉',2,'member_type と salesperson を変更しました。',11,9),(1330,'2016-01-04 08:04:30','561','王 寧寧',2,'member_type と salesperson を変更しました。',11,9),(1331,'2016-01-04 08:05:25','648','王 明華',2,'member_type と salesperson を変更しました。',11,9),(1332,'2016-01-04 08:05:55','749','王 棟',2,'salesperson を変更しました。',11,9),(1333,'2016-01-04 08:06:41','395','王 碩',2,'member_type と salesperson を変更しました。',11,9),(1334,'2016-01-04 08:07:06','637','王 磊',2,'member_type と salesperson を変更しました。',11,9),(1335,'2016-01-04 08:07:19','754','張 海燕',2,'変更はありませんでした。',11,10),(1336,'2016-01-04 08:07:49','429','王 立勇',2,'member_type と salesperson を変更しました。',11,9),(1337,'2016-01-04 08:08:10','673','王 臣',2,'member_type と salesperson を変更しました。',11,9),(1338,'2016-01-04 08:08:49','430','王 諾',2,'member_type と salesperson を変更しました。',11,9),(1339,'2016-01-04 08:09:23','416','王 賽',2,'member_type と salesperson を変更しました。',11,9),(1340,'2016-01-04 08:09:25','97','INTEC-電力関連開発支援（1512-1601）',2,'案件メンバー \"張 海燕\" の max_hours を変更しました。 案件メンバー \"馬 志峰\" の max_hours を変更しました。',17,4),(1341,'2016-01-04 08:09:56','383','王 雪',2,'member_type と salesperson を変更しました。',11,9),(1342,'2016-01-04 08:10:23','443','白 明',2,'member_type と salesperson を変更しました。',11,9),(1343,'2016-01-04 08:10:52','384','白 洋',2,'member_type と salesperson を変更しました。',11,9),(1344,'2016-01-04 08:11:12','640','盛 軍',2,'member_type と salesperson を変更しました。',11,9),(1345,'2016-01-04 08:11:13','451','張 強',2,'member_type と salesperson を変更しました。',11,10),(1346,'2016-01-04 08:12:06','710','張 運立',2,'member_type と salesperson を変更しました。',11,10),(1347,'2016-01-04 08:12:21','746','祝 華峰',2,'salesperson を変更しました。',11,9),(1348,'2016-01-04 08:12:43','380','程 単',2,'member_type と salesperson を変更しました。',11,9),(1349,'2016-01-04 08:12:49','596','呉 浩樹',2,'member_type と salesperson を変更しました。',11,8),(1350,'2016-01-04 08:13:06','426','呉 樹霞',2,'member_type と salesperson を変更しました。',11,8),(1351,'2016-01-04 08:13:26','565','紀 興民',2,'member_type と salesperson を変更しました。',11,9),(1352,'2016-01-04 08:13:59','479','肖 燕',2,'member_type と salesperson を変更しました。',11,9),(1353,'2016-01-04 08:14:33','721','唐 輝',2,'salesperson を変更しました。',11,8),(1354,'2016-01-04 08:14:50','366','肖 迪',2,'member_type と salesperson を変更しました。',11,9),(1355,'2016-01-04 08:15:03','467','宋 征兵',2,'member_type と salesperson を変更しました。',11,8),(1356,'2016-01-04 08:15:17','654','胡 文迪',2,'member_type と salesperson を変更しました。',11,9),(1357,'2016-01-04 08:15:20','613','岑 峰',2,'member_type と salesperson を変更しました。',11,8),(1358,'2016-01-04 08:15:32','672','孟 凡軍',2,'member_type, email と salesperson を変更しました。',11,8),(1359,'2016-01-04 08:15:51','566','張 学哲',2,'member_type と salesperson を変更しました。',11,8),(1360,'2016-01-04 08:16:03','450','董 偉',2,'member_type と salesperson を変更しました。',11,9),(1361,'2016-01-04 08:16:35','360','張 璐璐',2,'member_type と salesperson を変更しました。',11,8),(1362,'2016-01-04 08:16:49','466','張 本超',2,'member_type と salesperson を変更しました。',11,8),(1363,'2016-01-04 08:17:15','527','徐 智亮',2,'member_type と salesperson を変更しました。',11,8),(1364,'2016-01-04 08:17:22','352','蒋 杰',2,'member_type と salesperson を変更しました。',11,9),(1365,'2016-01-04 08:17:27','52','陳 悦陽',2,'清算リスト \"陳 悦陽 2015年 12月\"を追加しました。',21,4),(1366,'2016-01-04 08:17:42','719','斉 日光',2,'salesperson を変更しました。',11,8),(1367,'2016-01-04 08:17:57','339','張 瑞杰',2,'member_type と salesperson を変更しました。',11,8),(1368,'2016-01-04 08:18:23','711','張 賽',2,'member_type と salesperson を変更しました。',11,8),(1369,'2016-01-04 08:18:38','674','易 元華',2,'member_type, email と salesperson を変更しました。',11,8),(1370,'2016-01-04 08:18:51','413','徐 玉柱',2,'member_type と salesperson を変更しました。',11,8),(1371,'2016-01-04 08:19:11','709','晏 紅',2,'member_type と salesperson を変更しました。',11,8),(1372,'2016-01-04 08:19:26','499','曹 徳芳',2,'member_type と salesperson を変更しました。',11,8),(1373,'2016-01-04 08:19:50','735','李 華',2,'salesperson を変更しました。',11,8),(1374,'2016-01-04 08:20:17','22','　INTEC-電力関連開発支援（1511-1512）',2,'order_date を変更しました。',25,4),(1375,'2016-01-04 08:20:52','727','李 震峰',2,'salesperson を変更しました。',11,8),(1376,'2016-01-04 08:21:50','445','張 雷',2,'変更はありませんでした。',11,10),(1377,'2016-01-04 08:22:56','53','王 建明',2,'清算リスト \"王 建明 2015年 12月\"を追加しました。',21,4),(1378,'2016-01-04 08:23:22','55','李 震峰',2,'清算リスト \"李 震峰 2015年 12月\"を追加しました。',21,4),(1379,'2016-01-04 08:23:52','675','詹 佳傑',2,'member_type, email と salesperson を変更しました。',11,9),(1380,'2016-01-04 08:24:51','638','賈 世亮',2,'member_type と salesperson を変更しました。',11,9),(1381,'2016-01-04 08:25:14','755','趙 建軍',2,'salesperson を変更しました。',11,9),(1382,'2016-01-04 08:25:26','592','李 咏梅',2,'member_type と salesperson を変更しました。',11,8),(1383,'2016-01-04 08:25:43','451','張 強',2,'salesperson を変更しました。',11,10),(1384,'2016-01-04 08:26:00','458','李 中超',2,'member_type と salesperson を変更しました。',11,8),(1385,'2016-01-04 08:26:06','517','房 宇哲',2,'member_type と salesperson を変更しました。',11,10),(1386,'2016-01-04 08:26:15','512','李 政材',2,'member_type と salesperson を変更しました。',11,8),(1387,'2016-01-04 08:26:37','606','林 紅剛',2,'member_type と salesperson を変更しました。',11,8),(1388,'2016-01-04 08:27:07','631','李 雲傑',2,'member_type と salesperson を変更しました。',11,8),(1389,'2016-01-04 08:27:18','463','方 興旭',2,'member_type と salesperson を変更しました。',11,10),(1390,'2016-01-04 08:27:43','570','楊 旭峰',2,'member_type と salesperson を変更しました。',11,8),(1391,'2016-01-04 08:27:47','693','曲 暁丹',2,'salesperson を変更しました。',11,10),(1392,'2016-01-04 08:28:04','545','楊 萌',2,'member_type と salesperson を変更しました。',11,8),(1393,'2016-01-04 08:28:17','377','楊 鵬程',2,'member_type と salesperson を変更しました。',11,8),(1394,'2016-01-04 08:28:18','481','朱 江陵',2,'member_type と salesperson を変更しました。',11,10),(1395,'2016-01-04 08:28:39','392','権 楡鈞',2,'member_type と salesperson を変更しました。',11,8),(1396,'2016-01-04 08:28:43','700','施 健清',2,'salesperson を変更しました。',11,10),(1397,'2016-01-04 08:28:52','376','江 純',2,'member_type と salesperson を変更しました。',11,8),(1398,'2016-01-04 08:28:53','58','管 傑',2,'清算リスト \"管 傑 2015年 12月\"を追加しました。',21,4),(1399,'2016-01-04 08:28:59','591','邱 彩麗',2,'member_type と salesperson を変更しました。',11,9),(1400,'2016-01-04 08:29:18','722','潘 暁亮',2,'salesperson を変更しました。',11,8),(1401,'2016-01-04 08:29:18','412','邱 文',2,'member_type と salesperson を変更しました。',11,9),(1402,'2016-01-04 08:29:43','427','玉利 杜峰',2,'member_type と salesperson を変更しました。',11,8),(1403,'2016-01-04 08:29:44','486','邱 紹為',2,'member_type と salesperson を変更しました。',11,9),(1404,'2016-01-04 08:29:54','340','李 志偉',2,'member_type と salesperson を変更しました。',11,10),(1405,'2016-01-04 08:30:02','417','張 磊（★）',2,'salesperson を変更しました。',11,8),(1406,'2016-01-04 08:30:24','382','王 亜麗',2,'member_type と salesperson を変更しました。',11,8),(1407,'2016-01-04 08:30:35','543','焦 小軍',2,'salesperson を変更しました。',11,8),(1408,'2016-01-04 08:30:44','760','郭 雲飛',2,'salesperson を変更しました。',11,9),(1409,'2016-01-04 08:31:20','440','李 永全',2,'member_type と salesperson を変更しました。',11,10),(1410,'2016-01-04 08:31:35','587','李 洪軍',2,'member_type と salesperson を変更しました。',11,10),(1411,'2016-01-04 08:31:43','622','鄭 敏',2,'member_type と salesperson を変更しました。',11,9),(1412,'2016-01-04 08:31:45','579','王 剛',2,'member_type と salesperson を変更しました。',11,8),(1413,'2016-01-04 08:31:54','437','李 炳錫',2,'member_type と salesperson を変更しました。',11,10),(1414,'2016-01-04 08:32:16','726','王 建明',2,'salesperson を変更しました。',11,8),(1415,'2016-01-04 08:32:17','584','李 立昌',2,'変更はありませんでした。',11,10),(1416,'2016-01-04 08:32:29','494','王 潮',2,'member_type と salesperson を変更しました。',11,8),(1417,'2016-01-04 08:32:30','361','李 超逸',2,'member_type と salesperson を変更しました。',11,10),(1418,'2016-01-04 08:32:46','602','王 飛翔',2,'member_type と salesperson を変更しました。',11,8),(1419,'2016-01-04 08:32:55','720','範 智峰',2,'salesperson を変更しました。',11,8),(1420,'2016-01-04 08:33:16','480','範 福志',2,'member_type と salesperson を変更しました。',11,8),(1421,'2016-01-04 08:34:21','461','沙 志強',2,'member_type と salesperson を変更しました。',11,10),(1422,'2016-01-04 08:34:32','390','羅 凱',2,'member_type と salesperson を変更しました。',11,8),(1423,'2016-01-04 08:34:57','707','苗 暢松',2,'member_type と salesperson を変更しました。',11,8),(1424,'2016-01-04 08:35:06','553','羅 珍',2,'member_type と salesperson を変更しました。',11,8),(1425,'2016-01-04 08:35:18','723','翟 如昌',2,'salesperson を変更しました。',11,8),(1426,'2016-01-04 08:35:27','357','胡 水',2,'member_type と salesperson を変更しました。',11,8),(1427,'2016-01-04 08:35:35','510','苗 競',2,'member_type と salesperson を変更しました。',11,8),(1428,'2016-01-04 08:35:35','686','王 洋',2,'salesperson を変更しました。',11,10),(1429,'2016-01-04 08:35:46','643','胡 海涛',2,'member_type と salesperson を変更しました。',11,8),(1430,'2016-01-04 08:36:05','441','董 超',2,'member_type と salesperson を変更しました。',11,8),(1431,'2016-01-04 08:36:13','665','鄭 爽',2,'member_type と salesperson を変更しました。',11,8),(1432,'2016-01-04 08:36:13','738','関 俊傑',2,'salesperson を変更しました。',11,9),(1433,'2016-01-04 08:36:26','732','陳 占偉',2,'salesperson を変更しました。',11,8),(1434,'2016-01-04 08:36:36','465','金 承軍',2,'member_type と salesperson を変更しました。',11,8),(1435,'2016-01-04 08:36:44','759','陳 彦',2,'変更はありませんでした。',11,9),(1436,'2016-01-04 08:36:47','523','邢 偉',2,'member_type と salesperson を変更しました。',11,8),(1437,'2016-01-04 08:37:05','616','邢 威',2,'member_type と salesperson を変更しました。',11,8),(1438,'2016-01-04 08:37:14','734','郁 地',2,'salesperson を変更しました。',11,8),(1439,'2016-01-04 08:37:24','716','郝 克強',2,'member_type と salesperson を変更しました。',11,8),(1440,'2016-01-04 08:37:25','614','陳 皓',2,'member_type と salesperson を変更しました。',11,9),(1441,'2016-01-04 08:37:39','575','陳 立',2,'member_type と salesperson を変更しました。',11,8),(1442,'2016-01-04 08:37:39','423','陳 石',2,'member_type と salesperson を変更しました。',11,9),(1443,'2016-01-04 08:37:51','554','馮 暁波',2,'member_type と salesperson を変更しました。',11,8),(1444,'2016-01-04 08:38:07','459','黄 雪晨',2,'member_type と salesperson を変更しました。',11,8),(1445,'2016-01-04 08:38:12','347','畑村 宏彦',2,'member_type と salesperson を変更しました。',11,10),(1446,'2016-01-04 08:38:43','518','章 麗娟',2,'変更はありませんでした。',11,10),(1447,'2016-01-04 08:38:57','506','管 傑',2,'member_type と salesperson を変更しました。',11,10),(1448,'2016-01-04 08:39:15','474','鞏 威',2,'member_type と salesperson を変更しました。',11,8),(1449,'2016-01-04 08:39:35','414','王 婧',2,'member_type と salesperson を変更しました。',11,8),(1450,'2016-01-04 08:39:57','625','雷 淵偉',2,'member_type と salesperson を変更しました。',11,9),(1451,'2016-01-04 08:40:18','500','陸 小英',2,'member_type と salesperson を変更しました。',11,8),(1452,'2016-01-04 08:40:25','452','蔡 金',2,'member_type と salesperson を変更しました。',11,10),(1453,'2016-01-04 08:40:27','572','項 巍',2,'member_type と salesperson を変更しました。',11,8),(1454,'2016-01-04 08:40:45','736','韓 秀娟',2,'salesperson を変更しました。',11,8),(1455,'2016-01-04 08:40:47','758','鞠 林峰',2,'salesperson を変更しました。',11,9),(1456,'2016-01-04 08:40:56','617','閻 闖',2,'member_type と salesperson を変更しました。',11,8),(1457,'2016-01-04 08:41:09','772','韓 国巳',2,'salesperson を変更しました。',11,9),(1458,'2016-01-04 08:41:31','582','韓 建武',2,'member_type と salesperson を変更しました。',11,9),(1459,'2016-01-04 08:41:48','348','井 月',2,'salesperson を変更しました。',11,8),(1460,'2016-01-04 08:42:50','562','薛 福魁',2,'member_type と salesperson を変更しました。',11,10),(1461,'2016-01-04 08:43:29','367','馮 倹',2,'member_type と salesperson を変更しました。',11,9),(1462,'2016-01-04 08:43:48','748','馮 磊',2,'salesperson を変更しました。',11,9),(1463,'2016-01-04 08:43:58','750','高 連興',2,'salesperson を変更しました。',11,9),(1464,'2016-01-04 08:44:34','634','黄 乾龍',2,'member_type と salesperson を変更しました。',11,9),(1465,'2016-01-04 08:44:47','752','黄 林ティ',2,'salesperson を変更しました。',11,9),(1466,'2016-01-04 08:44:59','698','郭 喜蒓',2,'salesperson を変更しました。',11,10),(1467,'2016-01-04 08:45:30','703','趙 陽',2,'salesperson を変更しました。',11,10),(1468,'2016-01-04 08:45:36','747','馬 彬',2,'salesperson を変更しました。',11,9),(1469,'2016-01-04 08:45:55','633','鄒 鉄',2,'member_type と salesperson を変更しました。',11,10),(1470,'2016-01-04 08:46:38','472','高 靖',2,'member_type, section と salesperson を変更しました。',11,9),(1471,'2016-01-04 08:46:59','379','齋藤 雅一',2,'member_type と salesperson を変更しました。',11,9),(1472,'2016-01-04 08:47:14','438','阿 日根',2,'member_type と salesperson を変更しました。',11,10),(1473,'2016-01-04 08:47:16','623','陳 潔',2,'member_type と salesperson を変更しました。',11,9),(1474,'2016-01-04 08:47:39','601','陳 悦陽',2,'member_type と salesperson を変更しました。',11,10),(1475,'2016-01-04 08:47:56','399','孫 叡',2,'salesperson を変更しました。',11,8),(1476,'2016-01-04 08:51:41','356','劉 寧',2,'member_type と salesperson を変更しました。',11,8),(1477,'2016-01-04 08:52:11','354','王 余',2,'member_type と salesperson を変更しました。',11,8),(1478,'2016-01-04 08:52:27','733','王 哲',2,'salesperson を変更しました。',11,8),(1479,'2016-01-04 08:53:10','490','苗 輝',2,'member_type と salesperson を変更しました。',11,8),(1480,'2016-01-04 08:54:06','576','陳 明姝',2,'member_type と salesperson を変更しました。',11,8),(1481,'2016-01-04 08:54:07','576','陳 明姝',2,'変更はありませんでした。',11,8),(1482,'2016-01-04 09:41:32','531','趙 賀',2,'member_type と salesperson を変更しました。',11,9),(1483,'2016-01-04 09:48:59','404','庄 昌昌',2,'salesperson を変更しました。',11,8),(1484,'2016-01-04 09:49:29','431','張 勝召',2,'member_type と salesperson を変更しました。',11,8),(1485,'2016-01-04 09:49:29','431','張 勝召',2,'member_type と salesperson を変更しました。',11,8),(1486,'2016-01-04 09:51:10','704','陶 鍇',2,'salesperson を変更しました。',11,10),(1487,'2016-01-04 09:52:43','18','PHPシステム開発支援',2,'projects と order_date を変更しました。',25,4),(1488,'2016-01-04 10:05:43','712','馬 志峰',2,'member_type と salesperson を変更しました。',11,10),(1489,'2016-01-04 10:06:00','547','馬 野',2,'member_type と salesperson を変更しました。',11,10),(1490,'2016-01-04 10:11:07','93','信販会社様　決済サービスシステム支援作業',2,'案件メンバー \"王 棟\" の plus_per_hour と minus_per_hour を変更しました。 案件メンバー \"王 碩\" の plus_per_hour と minus_per_hour を変更しました。',17,10),(1491,'2016-01-04 10:13:03','346','齋藤 徳嗣',2,'member_type と salesperson を変更しました。',11,10),(1492,'2016-01-04 10:17:32','44','阿 日根',2,'status を変更しました。',21,1),(1493,'2016-01-04 10:56:17','18','PHPシステム開発支援',2,'projects を変更しました。',25,1),(1494,'2016-01-04 11:01:37','18','PHPシステム開発支援',2,'projects を変更しました。',25,1),(1495,'2016-01-05 03:10:01','20','王 亜麗',2,'min_hours を変更しました。',21,3),(1496,'2016-01-05 03:30:13','5','李 永全',2,'price, min_hours, plus_per_hour と minus_per_hour を変更しました。 勤務時間 \"李 永全 2015年 12月\"を追加しました。',21,4),(1497,'2016-01-05 03:30:13','5','李 永全',2,'price, min_hours, plus_per_hour と minus_per_hour を変更しました。 勤務時間 \"李 永全 2015年 12月\"を追加しました。',21,4),(1498,'2016-01-05 03:34:07','47','大連睿利',1,'',13,3),(1499,'2016-01-05 03:34:22','114','システム開発支援',1,'',17,3),(1500,'2016-01-05 03:35:18','274','林 然然',1,'',21,3),(1501,'2016-01-05 03:36:42','120','システム開発支援',1,'',25,3),(1502,'2016-01-05 03:37:38','274','林 然然',2,'price を変更しました。',21,3),(1503,'2016-01-05 03:44:40','5','Salesforce技術支援',2,'案件メンバー \"晋 璐稀\" を削除しました。',17,4),(1504,'2016-01-05 05:06:18','5','Salesforce技術支援',2,'案件メンバー \"晋 璐稀\" の end_date を変更しました。',17,4),(1505,'2016-01-05 06:18:25','44','阿 日根',2,'勤務時間 \"阿 日根 2015年 12月\"を追加しました。',21,4),(1506,'2016-01-05 06:18:44','44','阿 日根',2,'変更はありませんでした。',21,4),(1507,'2016-01-05 06:28:23','115','東芝エレベーター（株）殿にての常駐支援作業',1,'',17,3),(1508,'2016-01-05 06:29:05','275','焦 小軍',1,'',21,3),(1509,'2016-01-05 06:31:08','121','東芝エレベーター（株）殿にての常駐支援作業',1,'',25,3),(1510,'2016-01-05 06:53:40','276','羅 凱',1,'',21,3),(1511,'2016-01-05 06:56:10','84','安 豊平',2,'price を変更しました。 勤務時間 \"安 豊平 2015年 12月\"を追加しました。',21,4),(1512,'2016-01-05 06:56:39','277','楊 鵬程',1,'',21,3),(1513,'2016-01-05 07:43:20','101','FINEMAX　FFGh品質向上',2,'案件メンバー \"方 興旭\" を削除しました。',17,4),(1514,'2016-01-05 07:48:33','233','方 興旭',2,'勤務時間 \"方 興旭 2015年 12月\"を追加しました。 清算リスト \"方 興旭 2015年 12月\"を追加しました。',21,4),(1515,'2016-01-05 07:51:35','101','FINEMAX　FFGh品質向上',2,'案件メンバー \"方 興旭\" を削除しました。',17,4),(1516,'2016-01-05 08:57:31','116','保険共済端末の開発',1,'',17,4),(1517,'2016-01-05 08:59:53','278','沙 志強',1,'',21,4),(1518,'2016-01-05 09:01:51','122','保険共済端末の開発',1,'',25,4),(1519,'2016-01-05 09:09:25','279','李 志偉',1,'',21,4),(1520,'2016-01-05 09:23:00','604','李 飛舟',2,'private_email, member_type と is_retired を変更しました。',11,1),(1521,'2016-01-05 09:25:29','18','五十住 晃一',1,'',10,1),(1522,'2016-01-05 09:25:33','123','FINEMAX　FFGh品質向上',1,'',25,4),(1523,'2016-01-05 09:33:45','234','方 興旭',3,'',21,1),(1524,'2016-01-05 09:40:25','233','方 興旭',2,'変更はありませんでした。',21,4),(1525,'2016-01-05 09:46:17','5','Salesforce技術支援',2,'案件メンバー \"晋 璐稀\" を削除しました。',17,1),(1526,'2016-01-05 09:50:11','5','李 永全',2,'勤務時間 \"李 永全 2015年 12月\" を削除しました。',21,1),(1527,'2016-01-05 10:12:17','5','李 永全',2,'勤務時間 \"李 永全 2015年 12月\" の price を変更しました。',21,1),(1528,'2016-01-05 10:32:49','209','李 立昌',2,'max_hours を変更しました。',21,4),(1529,'2016-01-05 10:36:33','98','三菱食品向けシステム開発支援',2,'案件メンバー \"倪 楊\" の min_hours を変更しました。',17,4),(1530,'2016-01-06 06:57:01','191','孟 凡穎',2,'清算リスト \"孟 凡穎 2015年 12月\"を追加しました。',21,4),(1531,'2016-01-06 07:00:43','173','邢 浩',2,'清算リスト \"邢 浩 2015年 12月\"を追加しました。',21,4),(1532,'2016-01-06 07:01:06','177','宋 文良',2,'清算リスト \"宋 文良 2015年 12月\"を追加しました。',21,4),(1533,'2016-01-06 07:05:36','67','三井住友海上あいおい生命保険名寄せ通算契約（損保）',2,'案件メンバー \"杉山 さやか\" の price を変更しました。',17,4),(1534,'2016-01-07 02:40:36','48','i株式会社',1,'',13,3),(1535,'2016-01-07 02:40:42','117','システム開発支援',1,'',17,3),(1536,'2016-01-07 02:46:12','280','牛 亜群',1,'',21,3),(1537,'2016-01-07 02:51:41','124','システム開発支援',1,'',25,3),(1538,'2016-01-07 02:57:58','118','システム開発支援',1,'',17,3),(1539,'2016-01-07 02:59:11','125','システム開発支援',1,'',25,3),(1540,'2016-01-07 03:08:24','26','翟 如昌',2,'plus_per_hour と minus_per_hour を変更しました。',21,3),(1541,'2016-01-07 03:10:08','40','権 楡鈞',2,'status を変更しました。',21,3),(1542,'2016-01-07 03:10:36','15','明治安田生命保険相互会社様向けシステム開発支援',2,'order_date を変更しました。',25,3),(1543,'2016-01-07 03:20:31','14','姜 夏楓',2,'end_date を変更しました。',21,3),(1544,'2016-01-07 03:20:44','15','曾 強',2,'end_date を変更しました。',21,3),(1545,'2016-01-07 03:23:51','16','カード会社様次期システム案件',2,'order_date を変更しました。',25,3),(1546,'2016-01-07 06:20:27','216','楊 蕊',2,'変更はありませんでした。',21,3),(1547,'2016-01-07 06:26:59','105','SEIBI詳細設計支援（２０１５年１２月）',2,'変更はありませんでした。',25,3),(1548,'2016-01-07 06:39:48','102','次期シス/外為　12月分　',2,'案件メンバー \"韓 国巳\" を削除しました。',17,3),(1549,'2016-01-07 06:51:13','119','YSDフィナンシャル新基幹開発支援',1,'',17,3),(1550,'2016-01-07 06:52:41','281','王 嘉',1,'',21,3),(1551,'2016-01-07 06:54:08','774','王 勇',1,'',11,3),(1552,'2016-01-07 06:57:25','282','王 勇',1,'',21,3),(1553,'2016-01-07 06:57:56','283','苗 暢松',1,'',21,3),(1554,'2016-01-07 07:00:08','775','陳 済良',1,'',11,3),(1555,'2016-01-07 07:00:32','284','陳 済良',1,'',21,3),(1556,'2016-01-07 07:02:41','126','YSDフィナンシャル新基幹開発支援',1,'',25,3),(1557,'2016-01-07 07:07:54','89','李 英男',2,'price, min_hours, plus_per_hour と minus_per_hour を変更しました。',21,3),(1558,'2016-01-07 07:08:39','127','金融システムハンス対応',1,'',25,3),(1559,'2016-01-07 07:09:39','89','李 英男',2,'清算リスト \"李 英男 2015年 12月\"を追加しました。',21,3),(1560,'2016-01-07 07:13:03','120','国際ブランドデビット対応',1,'',17,3),(1561,'2016-01-07 07:13:54','285','張 翔',1,'',21,3),(1562,'2016-01-07 07:14:29','286','李 玉全',1,'',21,3),(1563,'2016-01-07 07:15:01','128','国際ブランドデビット対応',1,'',25,3),(1564,'2016-01-07 07:15:25','286','李 玉全',2,'status を変更しました。',21,3),(1565,'2016-01-07 07:21:05','96','次期シス設計。開発支援（与信）2015年12月分',2,'案件メンバー \"黄 林ティ\" の min_hours と minus_per_hour を変更しました。 案件メンバー \"趙 賀\" の min_hours と minus_per_hour を変更しました。 案件メンバー \"李 偉\" の min_hours と minus_per_hour を変更しました。 案件メンバー \"聶 文傑\" の min_hours と minus_per_hour を変更しました。 案件メンバー \"趙 建軍\" の min_hours と minus_per_hour を変更しました。 案件メンバー \"邱 文\" の min_hours と minus_per_hour を変更しました。 案件メンバー \"肖 春麗\" の member, min_hours と minus_per_hour を変更しました。',17,3),(1566,'2016-01-07 07:22:09','96','次期シス設計。開発支援（与信）2015年12月分',2,'変更はありませんでした。',17,3),(1567,'2016-01-07 07:23:03','203','黄 林ティ',2,'変更はありませんでした。',21,3),(1568,'2016-01-07 07:23:22','204','趙 賀',2,'勤務時間 \"趙 賀 2015年 12月\" を削除しました。',21,3),(1569,'2016-01-07 07:23:29','203','黄 林ティ',2,'勤務時間 \"黄 林ティ 2015年 12月\" を削除しました。',21,3),(1570,'2016-01-07 07:23:37','205','李 偉',2,'勤務時間 \"李 偉 2015年 12月\" を削除しました。',21,3),(1571,'2016-01-07 07:23:48','206','聶 文傑',2,'勤務時間 \"聶 文傑 2015年 12月\" を削除しました。',21,3),(1572,'2016-01-07 07:23:58','211','趙 建軍',2,'勤務時間 \"趙 建軍 2015年 12月\" を削除しました。',21,3),(1573,'2016-01-07 07:24:05','213','邱 文',2,'勤務時間 \"邱 文 2015年 12月\" を削除しました。',21,3),(1574,'2016-01-07 07:24:10','214','肖 春麗',2,'勤務時間 \"肖 春麗 2015年 12月\" を削除しました。',21,3),(1575,'2016-01-07 07:24:28','206','聶 文傑',2,'勤務時間 \"聶 文傑 2015年 12月\" の extra_hours を変更しました。',21,3),(1576,'2016-01-07 07:34:49','264','雷 淵偉',2,'min_hours と minus_per_hour を変更しました。',21,3),(1577,'2016-01-07 07:34:59','265','王 亜楠',2,'min_hours と minus_per_hour を変更しました。',21,3),(1578,'2016-01-07 07:35:06','266','張 弘',2,'min_hours と minus_per_hour を変更しました。',21,3),(1579,'2016-01-07 07:35:15','267','徐 翔',2,'min_hours と minus_per_hour を変更しました。',21,3),(1580,'2016-01-07 07:42:29','268','于 昊淼',2,'price, min_hours, max_hours, plus_per_hour と minus_per_hour を変更しました。',21,3),(1581,'2016-01-07 07:45:58','121','みずほＦＧ　統合DB整備「ＣＤＵＴ」',1,'',17,3),(1582,'2016-01-07 07:47:04','287','姚 慶',1,'',21,3),(1583,'2016-01-07 07:47:45','288','肖 迪',1,'',21,3),(1584,'2016-01-07 07:48:18','289','胡 文迪',1,'',21,3),(1585,'2016-01-07 07:48:49','129','みずほＦＧ　統合DB整備「ＣＤＵＴ」',1,'',25,3),(1586,'2016-01-07 07:50:06','287','姚 慶',2,'min_hours と minus_per_hour を変更しました。',21,3),(1587,'2016-01-07 07:50:13','288','肖 迪',2,'min_hours と minus_per_hour を変更しました。',21,3),(1588,'2016-01-07 07:50:23','289','胡 文迪',2,'min_hours と minus_per_hour を変更しました。',21,3),(1589,'2016-01-07 07:54:39','122','共同基幹システム（マグロ設計支援・顧客/加盟店）2015/12（董偉）',1,'',17,3),(1590,'2016-01-07 07:55:34','290','董 偉',1,'',21,3),(1591,'2016-01-07 07:56:43','291','趙 志龍',1,'',21,3),(1592,'2016-01-07 07:57:43','130','共同基幹システム（マグロ設計支援・顧客/加盟店）',1,'',25,3),(1593,'2016-01-08 00:54:10','123','日立受け　戦略（中期）自火　12月度',1,'',17,3),(1594,'2016-01-08 00:55:02','292','弓長 聖',1,'',21,3),(1595,'2016-01-08 00:55:16','292','弓長 聖',2,'status と role を変更しました。',21,3),(1596,'2016-01-08 00:56:15','131','日立受け　戦略（中期）自火　12月度',1,'',25,3),(1597,'2016-01-08 01:05:49','124','DFLペーパレス対応（２０１５年度下期）',1,'',17,3),(1598,'2016-01-08 01:20:50','776','佟 欣',1,'',11,3),(1599,'2016-01-08 01:23:18','776','佟 新',2,'last_name を変更しました。',11,3),(1600,'2016-01-08 01:23:43','293','佟 新',1,'',21,3),(1601,'2016-01-08 01:25:33','777','李 理',1,'',11,3),(1602,'2016-01-08 01:26:13','294','李 理',1,'',21,3),(1603,'2016-01-08 01:26:37','293','佟 新',2,'plus_per_hour と minus_per_hour を変更しました。',21,3),(1604,'2016-01-08 01:26:42','294','李 理',2,'変更はありませんでした。',21,3),(1605,'2016-01-08 01:27:27','132','DFLペーパレス対応（２０１５年度下期）',1,'',25,3),(1606,'2016-01-08 01:32:41','125','DFLペーパレス対応　（２０１５年度下期）',1,'',17,3),(1607,'2016-01-08 01:36:57','778','王 淼',1,'',11,3),(1608,'2016-01-08 01:37:45','295','王 淼',1,'',21,3),(1609,'2016-01-08 01:38:31','133','DFLペーパレス対応　（２０１５年度下期）',1,'',25,3),(1610,'2016-01-08 01:44:00','126','H27/12末　拠点業績対応',1,'',17,3),(1611,'2016-01-08 01:45:32','296','周 紅',1,'',21,3),(1612,'2016-01-08 01:46:22','134','H27/12末　拠点業績対応',1,'',25,3),(1613,'2016-01-08 06:26:01','36','株式会社セネット',2,'name, post_code, address1, tel, fax と payment_month を変更しました。',8,4),(1614,'2016-01-08 06:28:06','22','サンシャインパワー株式会社',2,'post_code, address1, tel, fax, payment_month と payment_day を変更しました。',8,4),(1615,'2016-01-12 06:57:07','102','次期シス/外為　12月分　',2,'end_date を変更しました。 案件メンバー \"韓 建武\" の end_date を変更しました。 案件メンバー \"陳 彦\" の end_date を変更しました。 案件メンバー \"郭 雲飛\" の end_date を変更しました。 案件メンバー \"江 陸\" の end_date を変更しました。 案件メンバー \"孫 天龍\" の end_date を変更しました。 案件メンバー \"寧 錚然\" の end_date を変更しました。 案件メンバー \"劉 旭\" の end_date を変更しました。 案件メンバー \"周 宇\" の end_date を変更しました。 案件メンバー \"王 哲峰\" の end_date を変更しました。 案件メンバー \"楊 旭\" の end_date を変更しました。 案件メンバー \"呉 盛偉\" の end_date を変更しました。 案件メンバー \"張 景旭\" の end_date を変更しました。 案件メンバー \"劉 強強\" の end_date を変更しました。 案件メンバー \"張 博\" の end_date を変更しました。 案件メンバー \"崔 寧\" の end_date を変更しました。 案件メンバー \"于 作偉\" の end_date を変更しました。 案件メンバー \"李 朝東\" の end_date を変更しました。 案件メンバー \"韓 国巳\" の end_date を変更しました。',17,1),(1616,'2016-01-12 06:58:54','95','次期シス/外為　12月分',2,'end_date を変更しました。 案件メンバー \"蒋 杰\" の end_date を変更しました。',17,1);
/*!40000 ALTER TABLE `django_admin_log` ENABLE KEYS */;
UNLOCK TABLES;

--
-- Table structure for table `django_content_type`
--

DROP TABLE IF EXISTS `django_content_type`;
/*!40101 SET @saved_cs_client     = @@character_set_client */;
/*!40101 SET character_set_client = utf8 */;
CREATE TABLE `django_content_type` (
  `id` int(11) NOT NULL AUTO_INCREMENT,
  `app_label` varchar(100) NOT NULL,
  `model` varchar(100) NOT NULL,
  PRIMARY KEY (`id`),
  UNIQUE KEY `django_content_type_app_label_3ec8c61c_uniq` (`app_label`,`model`)
) ENGINE=InnoDB AUTO_INCREMENT=30 DEFAULT CHARSET=utf8;
/*!40101 SET character_set_client = @saved_cs_client */;

--
-- Dumping data for table `django_content_type`
--

LOCK TABLES `django_content_type` WRITE;
/*!40000 ALTER TABLE `django_content_type` DISABLE KEYS */;
INSERT INTO `django_content_type` VALUES (1,'admin','logentry'),(3,'auth','group'),(2,'auth','permission'),(4,'auth','user'),(5,'contenttypes','contenttype'),(28,'eb','bankinfo'),(13,'eb','client'),(14,'eb','clientmember'),(25,'eb','clientorder'),(7,'eb','company'),(23,'eb','degree'),(26,'eb','expensescategory'),(24,'eb','historyproject'),(11,'eb','member'),(22,'eb','memberattendance'),(27,'eb','memberexpenses'),(16,'eb','os'),(12,'eb','positionship'),(17,'eb','project'),(18,'eb','projectactivity'),(21,'eb','projectmember'),(29,'eb','projectrequest'),(19,'eb','projectskill'),(20,'eb','projectstage'),(10,'eb','salesperson'),(9,'eb','section'),(15,'eb','skill'),(8,'eb','subcontractor'),(6,'sessions','session');
/*!40000 ALTER TABLE `django_content_type` ENABLE KEYS */;
UNLOCK TABLES;

--
-- Table structure for table `django_migrations`
--

DROP TABLE IF EXISTS `django_migrations`;
/*!40101 SET @saved_cs_client     = @@character_set_client */;
/*!40101 SET character_set_client = utf8 */;
CREATE TABLE `django_migrations` (
  `id` int(11) NOT NULL AUTO_INCREMENT,
  `app` varchar(255) NOT NULL,
  `name` varchar(255) NOT NULL,
  `applied` datetime NOT NULL,
  PRIMARY KEY (`id`)
) ENGINE=InnoDB AUTO_INCREMENT=32 DEFAULT CHARSET=utf8;
/*!40101 SET character_set_client = @saved_cs_client */;

--
-- Dumping data for table `django_migrations`
--

LOCK TABLES `django_migrations` WRITE;
/*!40000 ALTER TABLE `django_migrations` DISABLE KEYS */;
INSERT INTO `django_migrations` VALUES (1,'contenttypes','0001_initial','2015-11-11 09:20:25'),(2,'auth','0001_initial','2015-11-11 09:20:35'),(3,'admin','0001_initial','2015-11-11 09:20:39'),(4,'contenttypes','0002_remove_content_type_name','2015-11-11 09:20:41'),(5,'auth','0002_alter_permission_name_max_length','2015-11-11 09:20:45'),(6,'auth','0003_alter_user_email_max_length','2015-11-11 09:20:46'),(7,'auth','0004_alter_user_username_opts','2015-11-11 09:20:46'),(8,'auth','0005_alter_user_last_login_null','2015-11-11 09:20:46'),(9,'auth','0006_require_contenttypes_0002','2015-11-11 09:20:46'),(10,'eb','0001_initial','2015-11-11 09:22:09'),(11,'sessions','0001_initial','2015-11-11 09:22:09'),(12,'eb','0002_auto_20151112_1533','2015-11-12 06:33:40'),(13,'eb','0003_auto_20151112_1809','2015-11-12 09:09:52'),(14,'eb','0004_auto_20151116_1503','2015-11-16 06:04:13'),(15,'eb','0005_auto_20151116_1928','2015-11-16 10:29:14'),(16,'eb','0006_auto_20151118_1517','2015-11-18 06:18:28'),(17,'eb','0007_auto_20151119_1247','2015-11-19 03:47:12'),(18,'eb','0008_auto_20151124_1107','2015-11-24 02:11:26'),(19,'eb','0009_auto_20151124_1115','2015-11-24 02:15:50'),(20,'eb','0010_auto_20151124_1943','2015-11-24 10:43:50'),(21,'eb','0011_auto_20151125_1857','2015-11-25 09:59:56'),(22,'eb','0012_auto_20151126_1911','2015-11-26 10:11:14'),(23,'eb','0013_auto_20151202_1911','2015-12-02 10:11:27'),(24,'eb','0014_auto_20151207_1405','2015-12-07 05:06:03'),(25,'eb','0015_auto_20151211_2105','2015-12-11 12:05:33'),(26,'eb','0016_auto_20151214_2129','2015-12-14 12:29:29'),(27,'eb','0017_auto_20151214_2137','2015-12-14 12:37:33'),(28,'eb','0018_auto_20151217_1846','2015-12-17 09:46:13'),(29,'eb','0019_auto_20151217_1929','2015-12-17 10:29:33'),(30,'eb','0020_auto_20151217_2010','2015-12-17 11:11:06'),(31,'eb','0021_auto_20160104_1817','2016-01-04 09:18:04');
/*!40000 ALTER TABLE `django_migrations` ENABLE KEYS */;
UNLOCK TABLES;

--
-- Table structure for table `django_session`
--

DROP TABLE IF EXISTS `django_session`;
/*!40101 SET @saved_cs_client     = @@character_set_client */;
/*!40101 SET character_set_client = utf8 */;
CREATE TABLE `django_session` (
  `session_key` varchar(40) NOT NULL,
  `session_data` longtext NOT NULL,
  `expire_date` datetime NOT NULL,
  PRIMARY KEY (`session_key`),
  KEY `django_session_de54fa62` (`expire_date`)
) ENGINE=InnoDB DEFAULT CHARSET=utf8;
/*!40101 SET character_set_client = @saved_cs_client */;

--
-- Dumping data for table `django_session`
--

LOCK TABLES `django_session` WRITE;
/*!40000 ALTER TABLE `django_session` DISABLE KEYS */;
INSERT INTO `django_session` VALUES ('0h57sgk9iejw917dagp5fc7ig7slhqpi','MTg0ZGQ4MzdhMzdlNWFkNWYwNGYzZjVkNTFkYzIyOGNhN2E0NDMwNDp7Il9hdXRoX3VzZXJfaGFzaCI6IjE0YWUzMzRmZWQ1YTRiNTJmMDQ4YTNlYzA3ZTA2NjRiMzM3MzdlODQiLCJfYXV0aF91c2VyX2JhY2tlbmQiOiJkamFuZ28uY29udHJpYi5hdXRoLmJhY2tlbmRzLk1vZGVsQmFja2VuZCIsIl9hdXRoX3VzZXJfaWQiOiIxIn0=','2016-01-18 04:57:28'),('0t09373dyzi5dhycrvohq9193stcskfm','MTg0ZGQ4MzdhMzdlNWFkNWYwNGYzZjVkNTFkYzIyOGNhN2E0NDMwNDp7Il9hdXRoX3VzZXJfaGFzaCI6IjE0YWUzMzRmZWQ1YTRiNTJmMDQ4YTNlYzA3ZTA2NjRiMzM3MzdlODQiLCJfYXV0aF91c2VyX2JhY2tlbmQiOiJkamFuZ28uY29udHJpYi5hdXRoLmJhY2tlbmRzLk1vZGVsQmFja2VuZCIsIl9hdXRoX3VzZXJfaWQiOiIxIn0=','2015-12-21 10:55:37'),('0ynnudm3hfi5yf4zo7b21j67so313big','MTg0ZGQ4MzdhMzdlNWFkNWYwNGYzZjVkNTFkYzIyOGNhN2E0NDMwNDp7Il9hdXRoX3VzZXJfaGFzaCI6IjE0YWUzMzRmZWQ1YTRiNTJmMDQ4YTNlYzA3ZTA2NjRiMzM3MzdlODQiLCJfYXV0aF91c2VyX2JhY2tlbmQiOiJkamFuZ28uY29udHJpYi5hdXRoLmJhY2tlbmRzLk1vZGVsQmFja2VuZCIsIl9hdXRoX3VzZXJfaWQiOiIxIn0=','2015-11-27 03:15:48'),('18pda7wfk87tvc69224esbyww3hcddfc','MTg0ZGQ4MzdhMzdlNWFkNWYwNGYzZjVkNTFkYzIyOGNhN2E0NDMwNDp7Il9hdXRoX3VzZXJfaGFzaCI6IjE0YWUzMzRmZWQ1YTRiNTJmMDQ4YTNlYzA3ZTA2NjRiMzM3MzdlODQiLCJfYXV0aF91c2VyX2JhY2tlbmQiOiJkamFuZ28uY29udHJpYi5hdXRoLmJhY2tlbmRzLk1vZGVsQmFja2VuZCIsIl9hdXRoX3VzZXJfaWQiOiIxIn0=','2015-11-27 03:15:48'),('1gplpek9vji32r5ajcina0jxly0lpzop','MTg0ZGQ4MzdhMzdlNWFkNWYwNGYzZjVkNTFkYzIyOGNhN2E0NDMwNDp7Il9hdXRoX3VzZXJfaGFzaCI6IjE0YWUzMzRmZWQ1YTRiNTJmMDQ4YTNlYzA3ZTA2NjRiMzM3MzdlODQiLCJfYXV0aF91c2VyX2JhY2tlbmQiOiJkamFuZ28uY29udHJpYi5hdXRoLmJhY2tlbmRzLk1vZGVsQmFja2VuZCIsIl9hdXRoX3VzZXJfaWQiOiIxIn0=','2015-12-09 10:16:30'),('1iueak2nc8532da0t1oswgj0ioz771f4','MTg0ZGQ4MzdhMzdlNWFkNWYwNGYzZjVkNTFkYzIyOGNhN2E0NDMwNDp7Il9hdXRoX3VzZXJfaGFzaCI6IjE0YWUzMzRmZWQ1YTRiNTJmMDQ4YTNlYzA3ZTA2NjRiMzM3MzdlODQiLCJfYXV0aF91c2VyX2JhY2tlbmQiOiJkamFuZ28uY29udHJpYi5hdXRoLmJhY2tlbmRzLk1vZGVsQmFja2VuZCIsIl9hdXRoX3VzZXJfaWQiOiIxIn0=','2015-11-27 03:15:48'),('27g80uecnw5dzsmihwjoiih5v6sj8www','NTAxNmMxYzhlNGNkZmJmMzFmMGJiNzM0MzhjNGE5MGE0NmM4ZDY0Yjp7Il9hdXRoX3VzZXJfaGFzaCI6IjM2ZDkwNmU4ZTQ1Yjg1MTUxNGE1NGRiZjU5OTM5YjUxMTc2NTA1NjUiLCJfYXV0aF91c2VyX2lkIjoiOCIsIl9hdXRoX3VzZXJfYmFja2VuZCI6ImRqYW5nby5jb250cmliLmF1dGguYmFja2VuZHMuTW9kZWxCYWNrZW5kIn0=','2016-01-18 07:16:19'),('2tfhgqswb5dza43ebo2k1o712myj0w5a','MTg0ZGQ4MzdhMzdlNWFkNWYwNGYzZjVkNTFkYzIyOGNhN2E0NDMwNDp7Il9hdXRoX3VzZXJfaGFzaCI6IjE0YWUzMzRmZWQ1YTRiNTJmMDQ4YTNlYzA3ZTA2NjRiMzM3MzdlODQiLCJfYXV0aF91c2VyX2JhY2tlbmQiOiJkamFuZ28uY29udHJpYi5hdXRoLmJhY2tlbmRzLk1vZGVsQmFja2VuZCIsIl9hdXRoX3VzZXJfaWQiOiIxIn0=','2015-11-30 02:39:09'),('56rkbf751wocvetshv716fzsyo2foifc','MTg0ZGQ4MzdhMzdlNWFkNWYwNGYzZjVkNTFkYzIyOGNhN2E0NDMwNDp7Il9hdXRoX3VzZXJfaGFzaCI6IjE0YWUzMzRmZWQ1YTRiNTJmMDQ4YTNlYzA3ZTA2NjRiMzM3MzdlODQiLCJfYXV0aF91c2VyX2JhY2tlbmQiOiJkamFuZ28uY29udHJpYi5hdXRoLmJhY2tlbmRzLk1vZGVsQmFja2VuZCIsIl9hdXRoX3VzZXJfaWQiOiIxIn0=','2016-01-18 05:34:34'),('5iv42gymqvxrtlbklgxsbsfixvew6w8e','MTg0ZGQ4MzdhMzdlNWFkNWYwNGYzZjVkNTFkYzIyOGNhN2E0NDMwNDp7Il9hdXRoX3VzZXJfaGFzaCI6IjE0YWUzMzRmZWQ1YTRiNTJmMDQ4YTNlYzA3ZTA2NjRiMzM3MzdlODQiLCJfYXV0aF91c2VyX2JhY2tlbmQiOiJkamFuZ28uY29udHJpYi5hdXRoLmJhY2tlbmRzLk1vZGVsQmFja2VuZCIsIl9hdXRoX3VzZXJfaWQiOiIxIn0=','2015-11-27 03:15:48'),('5knwy30disjgu4nlmllg93102t83sx41','YmRiNWM3MTc5MTU4NzdkMzgxZWRiNGQ0MTZjNDIyMWM5MjFiY2RmMzp7Il9hdXRoX3VzZXJfaGFzaCI6IjY1OGVjMTBiYTY5YTQ2ZWM1MWFjNDVmNjIwMjczMzQ2OWUwNDY2OGUiLCJfYXV0aF91c2VyX2JhY2tlbmQiOiJkamFuZ28uY29udHJpYi5hdXRoLmJhY2tlbmRzLk1vZGVsQmFja2VuZCIsIl9hdXRoX3VzZXJfaWQiOiIxMCJ9','2016-01-18 07:12:32'),('6y38icdhe13k1avm9ob6197cxo311nat','MTg0ZGQ4MzdhMzdlNWFkNWYwNGYzZjVkNTFkYzIyOGNhN2E0NDMwNDp7Il9hdXRoX3VzZXJfaGFzaCI6IjE0YWUzMzRmZWQ1YTRiNTJmMDQ4YTNlYzA3ZTA2NjRiMzM3MzdlODQiLCJfYXV0aF91c2VyX2JhY2tlbmQiOiJkamFuZ28uY29udHJpYi5hdXRoLmJhY2tlbmRzLk1vZGVsQmFja2VuZCIsIl9hdXRoX3VzZXJfaWQiOiIxIn0=','2015-11-25 09:23:07'),('78ecn46zkrovjzxulg2ygck7aj0w8dxw','MTg0ZGQ4MzdhMzdlNWFkNWYwNGYzZjVkNTFkYzIyOGNhN2E0NDMwNDp7Il9hdXRoX3VzZXJfaGFzaCI6IjE0YWUzMzRmZWQ1YTRiNTJmMDQ4YTNlYzA3ZTA2NjRiMzM3MzdlODQiLCJfYXV0aF91c2VyX2JhY2tlbmQiOiJkamFuZ28uY29udHJpYi5hdXRoLmJhY2tlbmRzLk1vZGVsQmFja2VuZCIsIl9hdXRoX3VzZXJfaWQiOiIxIn0=','2015-11-27 03:15:48'),('7gp0yemywffipcrvlf0c5lti2014e86z','MTg0ZGQ4MzdhMzdlNWFkNWYwNGYzZjVkNTFkYzIyOGNhN2E0NDMwNDp7Il9hdXRoX3VzZXJfaGFzaCI6IjE0YWUzMzRmZWQ1YTRiNTJmMDQ4YTNlYzA3ZTA2NjRiMzM3MzdlODQiLCJfYXV0aF91c2VyX2JhY2tlbmQiOiJkamFuZ28uY29udHJpYi5hdXRoLmJhY2tlbmRzLk1vZGVsQmFja2VuZCIsIl9hdXRoX3VzZXJfaWQiOiIxIn0=','2015-11-25 09:39:07'),('80nd38miejy06avtxymbogs3j3u83d5e','MTg0ZGQ4MzdhMzdlNWFkNWYwNGYzZjVkNTFkYzIyOGNhN2E0NDMwNDp7Il9hdXRoX3VzZXJfaGFzaCI6IjE0YWUzMzRmZWQ1YTRiNTJmMDQ4YTNlYzA3ZTA2NjRiMzM3MzdlODQiLCJfYXV0aF91c2VyX2JhY2tlbmQiOiJkamFuZ28uY29udHJpYi5hdXRoLmJhY2tlbmRzLk1vZGVsQmFja2VuZCIsIl9hdXRoX3VzZXJfaWQiOiIxIn0=','2015-12-03 06:01:21'),('8vphve67nhp0sh15lgevbscujmtgx8u7','MTg0ZGQ4MzdhMzdlNWFkNWYwNGYzZjVkNTFkYzIyOGNhN2E0NDMwNDp7Il9hdXRoX3VzZXJfaGFzaCI6IjE0YWUzMzRmZWQ1YTRiNTJmMDQ4YTNlYzA3ZTA2NjRiMzM3MzdlODQiLCJfYXV0aF91c2VyX2JhY2tlbmQiOiJkamFuZ28uY29udHJpYi5hdXRoLmJhY2tlbmRzLk1vZGVsQmFja2VuZCIsIl9hdXRoX3VzZXJfaWQiOiIxIn0=','2015-11-26 06:14:44'),('9055gkhn9d2tq4xzrtbfra5zbjdhly0q','MTg0ZGQ4MzdhMzdlNWFkNWYwNGYzZjVkNTFkYzIyOGNhN2E0NDMwNDp7Il9hdXRoX3VzZXJfaGFzaCI6IjE0YWUzMzRmZWQ1YTRiNTJmMDQ4YTNlYzA3ZTA2NjRiMzM3MzdlODQiLCJfYXV0aF91c2VyX2JhY2tlbmQiOiJkamFuZ28uY29udHJpYi5hdXRoLmJhY2tlbmRzLk1vZGVsQmFja2VuZCIsIl9hdXRoX3VzZXJfaWQiOiIxIn0=','2015-11-27 03:15:48'),('9vcuq2dmkbsy33ibi5i2bdigubyah9bk','MTg0ZGQ4MzdhMzdlNWFkNWYwNGYzZjVkNTFkYzIyOGNhN2E0NDMwNDp7Il9hdXRoX3VzZXJfaGFzaCI6IjE0YWUzMzRmZWQ1YTRiNTJmMDQ4YTNlYzA3ZTA2NjRiMzM3MzdlODQiLCJfYXV0aF91c2VyX2JhY2tlbmQiOiJkamFuZ28uY29udHJpYi5hdXRoLmJhY2tlbmRzLk1vZGVsQmFja2VuZCIsIl9hdXRoX3VzZXJfaWQiOiIxIn0=','2015-12-31 11:45:56'),('a1bpob1nrfwill3v5o2cuo7hfbd42t3m','MTg0ZGQ4MzdhMzdlNWFkNWYwNGYzZjVkNTFkYzIyOGNhN2E0NDMwNDp7Il9hdXRoX3VzZXJfaGFzaCI6IjE0YWUzMzRmZWQ1YTRiNTJmMDQ4YTNlYzA3ZTA2NjRiMzM3MzdlODQiLCJfYXV0aF91c2VyX2JhY2tlbmQiOiJkamFuZ28uY29udHJpYi5hdXRoLmJhY2tlbmRzLk1vZGVsQmFja2VuZCIsIl9hdXRoX3VzZXJfaWQiOiIxIn0=','2015-11-25 09:25:13'),('auo4emu44j8e8u8l6sjy7a34axqpxkp1','NDUxMjIwZmQzNTEzYTgxNmViZDYwMjBjYTBjZmY4M2MyOThlMWMzNTp7Il9hdXRoX3VzZXJfaGFzaCI6IjM0YWFmODBhYmViZTk5ZTI2NzEzOWFmOTYxNDg3NGI3NjRiNWIzNGMiLCJfYXV0aF91c2VyX2lkIjoiNCIsIl9hdXRoX3VzZXJfYmFja2VuZCI6ImRqYW5nby5jb250cmliLmF1dGguYmFja2VuZHMuTW9kZWxCYWNrZW5kIn0=','2016-01-18 07:08:28'),('c4sdv3ic2hh68z13vnrkp5rpdsf3mhsw','MTg0ZGQ4MzdhMzdlNWFkNWYwNGYzZjVkNTFkYzIyOGNhN2E0NDMwNDp7Il9hdXRoX3VzZXJfaGFzaCI6IjE0YWUzMzRmZWQ1YTRiNTJmMDQ4YTNlYzA3ZTA2NjRiMzM3MzdlODQiLCJfYXV0aF91c2VyX2JhY2tlbmQiOiJkamFuZ28uY29udHJpYi5hdXRoLmJhY2tlbmRzLk1vZGVsQmFja2VuZCIsIl9hdXRoX3VzZXJfaWQiOiIxIn0=','2015-12-03 06:01:21'),('cagest125losfsab1052gpore5zt81fi','MTg0ZGQ4MzdhMzdlNWFkNWYwNGYzZjVkNTFkYzIyOGNhN2E0NDMwNDp7Il9hdXRoX3VzZXJfaGFzaCI6IjE0YWUzMzRmZWQ1YTRiNTJmMDQ4YTNlYzA3ZTA2NjRiMzM3MzdlODQiLCJfYXV0aF91c2VyX2JhY2tlbmQiOiJkamFuZ28uY29udHJpYi5hdXRoLmJhY2tlbmRzLk1vZGVsQmFja2VuZCIsIl9hdXRoX3VzZXJfaWQiOiIxIn0=','2016-01-26 06:46:35'),('j1unycqpogho7xozg7vo3j6qx4n93pru','OTVkNzEwMGNkZDU5MjZjYmNiZmRkYTU5NDQwZjFiZDRhODg4NDc0Mzp7Il9hdXRoX3VzZXJfaGFzaCI6IjJiNjQ1NjE0NWVkMzlkMTY3OTlkYjBjZmI0YjU4YmJiYzdhMmIzMWQiLCJfYXV0aF91c2VyX2lkIjoiMyIsIl9hdXRoX3VzZXJfYmFja2VuZCI6ImRqYW5nby5jb250cmliLmF1dGguYmFja2VuZHMuTW9kZWxCYWNrZW5kIn0=','2016-01-19 02:44:13'),('jl561zmxy0p1lwm50vw2x1evoqipiuoz','MmJlOWIxNGM2NzA5NTE2ZDU5MTU2ZTliYzVlZjEyZGNmNTYwYzgyZTp7Il9hdXRoX3VzZXJfaGFzaCI6IjJmZjJkMzE4YzhiOTg1MjNkNTA5NjI2MWI1MDExN2U2YTUxNmJhY2MiLCJfYXV0aF91c2VyX2JhY2tlbmQiOiJkamFuZ28uY29udHJpYi5hdXRoLmJhY2tlbmRzLk1vZGVsQmFja2VuZCIsIl9hdXRoX3VzZXJfaWQiOiI0In0=','2015-12-29 06:08:03'),('lmtxhp6rn6d75l3m354jd1whhra2f96k','MTg0ZGQ4MzdhMzdlNWFkNWYwNGYzZjVkNTFkYzIyOGNhN2E0NDMwNDp7Il9hdXRoX3VzZXJfaGFzaCI6IjE0YWUzMzRmZWQ1YTRiNTJmMDQ4YTNlYzA3ZTA2NjRiMzM3MzdlODQiLCJfYXV0aF91c2VyX2JhY2tlbmQiOiJkamFuZ28uY29udHJpYi5hdXRoLmJhY2tlbmRzLk1vZGVsQmFja2VuZCIsIl9hdXRoX3VzZXJfaWQiOiIxIn0=','2015-12-03 03:41:16'),('lxu8n683426lbha23ldq13pwvo0r3uiu','YmRiNWM3MTc5MTU4NzdkMzgxZWRiNGQ0MTZjNDIyMWM5MjFiY2RmMzp7Il9hdXRoX3VzZXJfaGFzaCI6IjY1OGVjMTBiYTY5YTQ2ZWM1MWFjNDVmNjIwMjczMzQ2OWUwNDY2OGUiLCJfYXV0aF91c2VyX2JhY2tlbmQiOiJkamFuZ28uY29udHJpYi5hdXRoLmJhY2tlbmRzLk1vZGVsQmFja2VuZCIsIl9hdXRoX3VzZXJfaWQiOiIxMCJ9','2016-01-18 07:04:23'),('moouega6p1w2xgbhzxwsb3ifs1s4519q','MTg0ZGQ4MzdhMzdlNWFkNWYwNGYzZjVkNTFkYzIyOGNhN2E0NDMwNDp7Il9hdXRoX3VzZXJfaGFzaCI6IjE0YWUzMzRmZWQ1YTRiNTJmMDQ4YTNlYzA3ZTA2NjRiMzM3MzdlODQiLCJfYXV0aF91c2VyX2JhY2tlbmQiOiJkamFuZ28uY29udHJpYi5hdXRoLmJhY2tlbmRzLk1vZGVsQmFja2VuZCIsIl9hdXRoX3VzZXJfaWQiOiIxIn0=','2016-01-18 04:49:38'),('mret9k4ph133mqr223fzg2p11sro3w0g','MTg0ZGQ4MzdhMzdlNWFkNWYwNGYzZjVkNTFkYzIyOGNhN2E0NDMwNDp7Il9hdXRoX3VzZXJfaGFzaCI6IjE0YWUzMzRmZWQ1YTRiNTJmMDQ4YTNlYzA3ZTA2NjRiMzM3MzdlODQiLCJfYXV0aF91c2VyX2JhY2tlbmQiOiJkamFuZ28uY29udHJpYi5hdXRoLmJhY2tlbmRzLk1vZGVsQmFja2VuZCIsIl9hdXRoX3VzZXJfaWQiOiIxIn0=','2015-11-27 03:15:48'),('o8bh3jnceb5zb7fa0e61zh1gorkfvso1','MTg0ZGQ4MzdhMzdlNWFkNWYwNGYzZjVkNTFkYzIyOGNhN2E0NDMwNDp7Il9hdXRoX3VzZXJfaGFzaCI6IjE0YWUzMzRmZWQ1YTRiNTJmMDQ4YTNlYzA3ZTA2NjRiMzM3MzdlODQiLCJfYXV0aF91c2VyX2JhY2tlbmQiOiJkamFuZ28uY29udHJpYi5hdXRoLmJhY2tlbmRzLk1vZGVsQmFja2VuZCIsIl9hdXRoX3VzZXJfaWQiOiIxIn0=','2015-11-27 03:15:48'),('ohthp44vqec7y8ld7ksivp5enbvi63tz','MTg0ZGQ4MzdhMzdlNWFkNWYwNGYzZjVkNTFkYzIyOGNhN2E0NDMwNDp7Il9hdXRoX3VzZXJfaGFzaCI6IjE0YWUzMzRmZWQ1YTRiNTJmMDQ4YTNlYzA3ZTA2NjRiMzM3MzdlODQiLCJfYXV0aF91c2VyX2JhY2tlbmQiOiJkamFuZ28uY29udHJpYi5hdXRoLmJhY2tlbmRzLk1vZGVsQmFja2VuZCIsIl9hdXRoX3VzZXJfaWQiOiIxIn0=','2015-11-27 03:15:48'),('ouyzywjxg3nr9oiioa2tkydftztpigqs','MTg0ZGQ4MzdhMzdlNWFkNWYwNGYzZjVkNTFkYzIyOGNhN2E0NDMwNDp7Il9hdXRoX3VzZXJfaGFzaCI6IjE0YWUzMzRmZWQ1YTRiNTJmMDQ4YTNlYzA3ZTA2NjRiMzM3MzdlODQiLCJfYXV0aF91c2VyX2JhY2tlbmQiOiJkamFuZ28uY29udHJpYi5hdXRoLmJhY2tlbmRzLk1vZGVsQmFja2VuZCIsIl9hdXRoX3VzZXJfaWQiOiIxIn0=','2015-11-26 05:44:24'),('q3zipi9a02lbyvz5knk5d2h1t04kcj9z','OWRjNzMzZTIzMzA2OGEwMmI2NDAyNmQ1ZmI1NGY3YmUxZjA3MDU3MDp7Il9hdXRoX3VzZXJfaGFzaCI6IjNiOTRlNGJhMzYzMDI4M2E3OTNhNDhmZGNiYmNhMzkyN2FlNjFhMzYiLCJfYXV0aF91c2VyX2lkIjoiOSIsIl9hdXRoX3VzZXJfYmFja2VuZCI6ImRqYW5nby5jb250cmliLmF1dGguYmFja2VuZHMuTW9kZWxCYWNrZW5kIn0=','2016-01-18 07:03:57'),('qars1tq22yi7vfwm8hsudsomnkdhjg9w','N2RmMTRiNmFjYmU0ZjA5MjYxODdlYmE4ZjVmNTY0MWQ3ODE0NjcyNjp7Il9hdXRoX3VzZXJfaGFzaCI6IjU4NzBiMTg5M2UzYTFlNTRmODU0ZDZhMDlkNjNmN2JhNDU0OWYyNTMiLCJfYXV0aF91c2VyX2lkIjoiNyIsIl9hdXRoX3VzZXJfYmFja2VuZCI6ImRqYW5nby5jb250cmliLmF1dGguYmFja2VuZHMuTW9kZWxCYWNrZW5kIn0=','2016-01-18 07:06:04'),('s9injwpz30sowtr7oamp0mgpop6dco0a','MTg0ZGQ4MzdhMzdlNWFkNWYwNGYzZjVkNTFkYzIyOGNhN2E0NDMwNDp7Il9hdXRoX3VzZXJfaGFzaCI6IjE0YWUzMzRmZWQ1YTRiNTJmMDQ4YTNlYzA3ZTA2NjRiMzM3MzdlODQiLCJfYXV0aF91c2VyX2JhY2tlbmQiOiJkamFuZ28uY29udHJpYi5hdXRoLmJhY2tlbmRzLk1vZGVsQmFja2VuZCIsIl9hdXRoX3VzZXJfaWQiOiIxIn0=','2015-11-27 03:15:48'),('sdxay6h7yuk3ut33hd6bpvxpmy79x4se','MmJlOWIxNGM2NzA5NTE2ZDU5MTU2ZTliYzVlZjEyZGNmNTYwYzgyZTp7Il9hdXRoX3VzZXJfaGFzaCI6IjJmZjJkMzE4YzhiOTg1MjNkNTA5NjI2MWI1MDExN2U2YTUxNmJhY2MiLCJfYXV0aF91c2VyX2JhY2tlbmQiOiJkamFuZ28uY29udHJpYi5hdXRoLmJhY2tlbmRzLk1vZGVsQmFja2VuZCIsIl9hdXRoX3VzZXJfaWQiOiI0In0=','2015-12-28 07:52:36'),('sfzsrp1cukzi96z8gpid4viw0mzjevda','MTg0ZGQ4MzdhMzdlNWFkNWYwNGYzZjVkNTFkYzIyOGNhN2E0NDMwNDp7Il9hdXRoX3VzZXJfaGFzaCI6IjE0YWUzMzRmZWQ1YTRiNTJmMDQ4YTNlYzA3ZTA2NjRiMzM3MzdlODQiLCJfYXV0aF91c2VyX2JhY2tlbmQiOiJkamFuZ28uY29udHJpYi5hdXRoLmJhY2tlbmRzLk1vZGVsQmFja2VuZCIsIl9hdXRoX3VzZXJfaWQiOiIxIn0=','2015-12-28 12:54:35'),('swro42m6u3wroqx7gfppflyeu1e0aypj','MTg0ZGQ4MzdhMzdlNWFkNWYwNGYzZjVkNTFkYzIyOGNhN2E0NDMwNDp7Il9hdXRoX3VzZXJfaGFzaCI6IjE0YWUzMzRmZWQ1YTRiNTJmMDQ4YTNlYzA3ZTA2NjRiMzM3MzdlODQiLCJfYXV0aF91c2VyX2JhY2tlbmQiOiJkamFuZ28uY29udHJpYi5hdXRoLmJhY2tlbmRzLk1vZGVsQmFja2VuZCIsIl9hdXRoX3VzZXJfaWQiOiIxIn0=','2015-11-27 03:15:48'),('t0r5znzps8ly2tm0mje5flhbkrea4by8','MTg0ZGQ4MzdhMzdlNWFkNWYwNGYzZjVkNTFkYzIyOGNhN2E0NDMwNDp7Il9hdXRoX3VzZXJfaGFzaCI6IjE0YWUzMzRmZWQ1YTRiNTJmMDQ4YTNlYzA3ZTA2NjRiMzM3MzdlODQiLCJfYXV0aF91c2VyX2JhY2tlbmQiOiJkamFuZ28uY29udHJpYi5hdXRoLmJhY2tlbmRzLk1vZGVsQmFja2VuZCIsIl9hdXRoX3VzZXJfaWQiOiIxIn0=','2016-01-18 06:59:19'),('tmoaq2hvyytswd79g9jr91qvk3i07q6f','MTg0ZGQ4MzdhMzdlNWFkNWYwNGYzZjVkNTFkYzIyOGNhN2E0NDMwNDp7Il9hdXRoX3VzZXJfaGFzaCI6IjE0YWUzMzRmZWQ1YTRiNTJmMDQ4YTNlYzA3ZTA2NjRiMzM3MzdlODQiLCJfYXV0aF91c2VyX2JhY2tlbmQiOiJkamFuZ28uY29udHJpYi5hdXRoLmJhY2tlbmRzLk1vZGVsQmFja2VuZCIsIl9hdXRoX3VzZXJfaWQiOiIxIn0=','2015-11-27 03:15:48'),('u7t2rg4dsz2uqpjiiyyo8y5lpqs4o0er','MTg0ZGQ4MzdhMzdlNWFkNWYwNGYzZjVkNTFkYzIyOGNhN2E0NDMwNDp7Il9hdXRoX3VzZXJfaGFzaCI6IjE0YWUzMzRmZWQ1YTRiNTJmMDQ4YTNlYzA3ZTA2NjRiMzM3MzdlODQiLCJfYXV0aF91c2VyX2JhY2tlbmQiOiJkamFuZ28uY29udHJpYi5hdXRoLmJhY2tlbmRzLk1vZGVsQmFja2VuZCIsIl9hdXRoX3VzZXJfaWQiOiIxIn0=','2015-11-27 03:15:48'),('vprgxunueomn4k1p21jvffwpmq3fctp1','MTg0ZGQ4MzdhMzdlNWFkNWYwNGYzZjVkNTFkYzIyOGNhN2E0NDMwNDp7Il9hdXRoX3VzZXJfaGFzaCI6IjE0YWUzMzRmZWQ1YTRiNTJmMDQ4YTNlYzA3ZTA2NjRiMzM3MzdlODQiLCJfYXV0aF91c2VyX2JhY2tlbmQiOiJkamFuZ28uY29udHJpYi5hdXRoLmJhY2tlbmRzLk1vZGVsQmFja2VuZCIsIl9hdXRoX3VzZXJfaWQiOiIxIn0=','2016-01-18 05:49:10'),('wjgfe48kdh2hfs9uajcpmzzmpus0299v','MTg0ZGQ4MzdhMzdlNWFkNWYwNGYzZjVkNTFkYzIyOGNhN2E0NDMwNDp7Il9hdXRoX3VzZXJfaGFzaCI6IjE0YWUzMzRmZWQ1YTRiNTJmMDQ4YTNlYzA3ZTA2NjRiMzM3MzdlODQiLCJfYXV0aF91c2VyX2JhY2tlbmQiOiJkamFuZ28uY29udHJpYi5hdXRoLmJhY2tlbmRzLk1vZGVsQmFja2VuZCIsIl9hdXRoX3VzZXJfaWQiOiIxIn0=','2015-11-27 03:15:48'),('xxzw7nqlgkq6l3zmp0v3z8fpwxo7nt9v','MTg0ZGQ4MzdhMzdlNWFkNWYwNGYzZjVkNTFkYzIyOGNhN2E0NDMwNDp7Il9hdXRoX3VzZXJfaGFzaCI6IjE0YWUzMzRmZWQ1YTRiNTJmMDQ4YTNlYzA3ZTA2NjRiMzM3MzdlODQiLCJfYXV0aF91c2VyX2JhY2tlbmQiOiJkamFuZ28uY29udHJpYi5hdXRoLmJhY2tlbmRzLk1vZGVsQmFja2VuZCIsIl9hdXRoX3VzZXJfaWQiOiIxIn0=','2015-11-26 02:27:30'),('ylwpco7o3zvaxyy26vdqhlnaixf8mbkq','M2UyZTlmYmZjY2FhNzViMzU4YzU1ZjU3YWIyMjUxNWZlNGQ2ODJmNDp7Il9hdXRoX3VzZXJfaGFzaCI6IjM0ZWU2NjE0ODllYzdlNjdlM2U3MmZiNTZiZDY3Nzk2OWZhYjQ4NTIiLCJfYXV0aF91c2VyX2JhY2tlbmQiOiJkamFuZ28uY29udHJpYi5hdXRoLmJhY2tlbmRzLk1vZGVsQmFja2VuZCIsIl9hdXRoX3VzZXJfaWQiOiIzIn0=','2015-12-27 05:57:10');
/*!40000 ALTER TABLE `django_session` ENABLE KEYS */;
UNLOCK TABLES;

--
-- Table structure for table `eb_bankinfo`
--

DROP TABLE IF EXISTS `eb_bankinfo`;
/*!40101 SET @saved_cs_client     = @@character_set_client */;
/*!40101 SET character_set_client = utf8 */;
CREATE TABLE `eb_bankinfo` (
  `id` int(11) NOT NULL AUTO_INCREMENT,
  `bank_name` varchar(20) NOT NULL,
  `branch_no` varchar(3) NOT NULL,
  `branch_name` varchar(20) NOT NULL,
  `account_type` varchar(1) NOT NULL,
  `account_number` varchar(7) NOT NULL,
  `account_holder` varchar(20) DEFAULT NULL,
  `is_deleted` tinyint(1) NOT NULL,
  `deleted_date` datetime DEFAULT NULL,
  `company_id` int(11) NOT NULL,
  PRIMARY KEY (`id`),
  UNIQUE KEY `eb_bankinfo_branch_no_13f73b4b_uniq` (`branch_no`,`account_number`),
  KEY `eb_bankinfo_447d3092` (`company_id`),
  CONSTRAINT `eb_bankinfo_company_id_54a9d0af_fk_eb_company_id` FOREIGN KEY (`company_id`) REFERENCES `eb_company` (`id`)
) ENGINE=InnoDB AUTO_INCREMENT=3 DEFAULT CHARSET=utf8;
/*!40101 SET character_set_client = @saved_cs_client */;

--
-- Dumping data for table `eb_bankinfo`
--

LOCK TABLES `eb_bankinfo` WRITE;
/*!40000 ALTER TABLE `eb_bankinfo` DISABLE KEYS */;
INSERT INTO `eb_bankinfo` VALUES (1,'三菱東京UFJ銀行','４３３','新橋支店','1','５２１６９４７','カ）イービジネス',0,NULL,1),(2,'商工組合中央金庫','131','本店営業部','1','1228188','カ）イービジネス',0,NULL,1);
/*!40000 ALTER TABLE `eb_bankinfo` ENABLE KEYS */;
UNLOCK TABLES;

--
-- Table structure for table `eb_client`
--

DROP TABLE IF EXISTS `eb_client`;
/*!40101 SET @saved_cs_client     = @@character_set_client */;
/*!40101 SET character_set_client = utf8 */;
CREATE TABLE `eb_client` (
  `id` int(11) NOT NULL AUTO_INCREMENT,
  `name` varchar(30) NOT NULL,
  `japanese_spell` varchar(30) DEFAULT NULL,
  `found_date` date DEFAULT NULL,
  `capital` bigint(20) DEFAULT NULL,
  `post_code` varchar(7) DEFAULT NULL,
  `address1` varchar(200) DEFAULT NULL,
  `address2` varchar(200) DEFAULT NULL,
  `tel` varchar(15) DEFAULT NULL,
  `fax` varchar(15) DEFAULT NULL,
  `president` varchar(30) DEFAULT NULL,
  `employee_count` int(11) DEFAULT NULL,
  `sale_amount` bigint(20) DEFAULT NULL,
  `undertaker` varchar(30) DEFAULT NULL,
  `undertaker_mail` varchar(254) DEFAULT NULL,
  `payment_day` varchar(2),
  `remark` longtext,
  `comment` longtext,
  `request_file` varchar(100) DEFAULT NULL,
  `salesperson_id` int(11),
  `payment_month` varchar(1),
  `deleted_date` datetime,
  `is_deleted` tinyint(1) NOT NULL,
  `decimal_type` varchar(1) NOT NULL,
  `tax_rate` decimal(3,2) NOT NULL,
  `quotation_file` varchar(100),
  PRIMARY KEY (`id`),
  UNIQUE KEY `eb_client_name_41a5e898_uniq` (`name`),
  KEY `eb_client_611cf3bd` (`salesperson_id`),
  CONSTRAINT `eb_client_salesperson_id_34f27cd2_fk_eb_salesperson_id` FOREIGN KEY (`salesperson_id`) REFERENCES `eb_salesperson` (`id`)
) ENGINE=InnoDB AUTO_INCREMENT=49 DEFAULT CHARSET=utf8;
/*!40101 SET character_set_client = @saved_cs_client */;

--
-- Dumping data for table `eb_client`
--

LOCK TABLES `eb_client` WRITE;
/*!40000 ALTER TABLE `eb_client` DISABLE KEYS */;
INSERT INTO `eb_client` VALUES (1,'株式会社DTS','','1972-08-25',6113000000,'1050004','東京都港区新橋','6-19-13','03-3437-5488','03-3437-5330','西田　公一',2790,NULL,'','','99','','','',NULL,'1',NULL,0,'1',0.08,''),(2,'アイエックス・ナレッジ株式会社','','1979-06-22',1180897000,'1080022','東京都港区海岸','3-22-23MSCセンタービル','03-6400-7000','','安藤　文男',1319,NULL,'','','99','','',NULL,NULL,'1',NULL,0,'0',0.08,NULL),(4,'株式会社NSD','','1969-04-08',7205000000,'1010063','東京都千代田区神田淡路町','2-101　ワテラスタワー','03-3257-1130','03-3257-1131','今城　義和',3602,42990000000,'','','99','','',NULL,NULL,'1',NULL,0,'0',0.08,NULL),(5,'株式会社Minoriソリューションズ','',NULL,NULL,'1630817','東京都新宿区西新宿新宿','2-4-1　ＮＳビル１７階','03-5909-0801','03-5909-0802','',NULL,NULL,'','','99','','',NULL,NULL,'1',NULL,0,'0',0.08,NULL),(6,'天津梯递息軟件技術有限公司','',NULL,NULL,'1510053','東京都渋谷区代々木','3-22-7　新宿文化クイントビル','03-6730-8111','03-6730-8155','',NULL,NULL,'','','99','','',NULL,NULL,'1',NULL,0,'0',0.08,NULL),(7,'株式会社ヴィンクス','','1991-02-20',586440000,'5300004','大阪府大阪市北区堂島浜','2-2-8','03-3846-5473','03-5669-1812','藤田　俊哉',1252,NULL,'高橋　幸夫','','99','','',NULL,NULL,'1',NULL,0,'0',0.08,NULL),(8,'株式会社ティファナ・ドットコム','',NULL,NULL,'1530044','東京都目黒区大橋','2-22-7','03-3468-5661','03-3468-5675','藤井　亮',NULL,NULL,'','','99','','',NULL,NULL,'1',NULL,0,'0',0.08,NULL),(9,'株式会社ニューロンネットワーク','',NULL,1000000,'2310063','神奈川県横浜市中区花咲町','3-98','045-251-2550','045-251-2555','',NULL,NULL,'','','20','','',NULL,NULL,'2',NULL,0,'0',0.08,NULL),(10,'株式会社プライムテクノ','',NULL,NULL,'1040032','東京都中央区八丁堀','3-10-3','03-3555-1666','','',NULL,NULL,'','',NULL,'','',NULL,NULL,NULL,NULL,0,'0',0.08,NULL),(11,'TDCソフトウェアエンジニアリング株式会社','',NULL,NULL,'1510053','東京都渋谷区代々木','３丁目２２−７','03-6730-8111','','',NULL,NULL,'','','01','','',NULL,NULL,'1',NULL,0,'0',0.08,NULL),(12,'鈴与シンワート株式会社','',NULL,NULL,'1080014','東京都港区芝','4-1-23','03-5440-2800','03-5440-2827','',NULL,NULL,'','','99','','',NULL,NULL,'1',NULL,0,'0',0.08,NULL),(13,'株式会社アートテクノロジー','',NULL,NULL,'9160037','福井県鯖江市上河端町','6-1-33','0778-54-8080','0778-54-8089','',NULL,NULL,'','','99','','',NULL,NULL,'1',NULL,0,'0',0.08,NULL),(14,'スミセイ情報システム株式会社','',NULL,NULL,'1600023','東京都新宿区西新宿','6-14-1','03-3348-6475','03-3348-5307','',NULL,NULL,'','','10','','',NULL,NULL,'2',NULL,0,'0',0.08,NULL),(15,'株式会社エム・デー・ビー','',NULL,NULL,'1050014','東京都港区','芝２－１－２４　（五幸商事ビル５階）',' 03-5439-6323　','03-5439-6325','',NULL,NULL,'','','15','','',NULL,11,'2',NULL,0,'0',0.08,NULL),(16,'株式会社イーティーアイ','',NULL,NULL,'1010047','東京都千代田区内神田','3-2-9 SPビル4F','03-6206-0600','03-6206-0610','',NULL,NULL,'','','15','','',NULL,NULL,'2',NULL,0,'0',0.08,NULL),(17,'株式会社エフケイ·ジャパン','',NULL,NULL,'2210045','神奈川県横浜市神奈川区神奈川','２－１８－１６','045-444-6444','045-444-6444','',NULL,NULL,'','','99','','',NULL,NULL,'2',NULL,0,'0',0.08,NULL),(18,'株式会社電通国際情報サービス','',NULL,NULL,'1080075','東京都港区港南','2-17-1','03-6713-6111','03-6713-9928','',NULL,NULL,'','','99','','',NULL,NULL,'1',NULL,0,'0',0.08,NULL),(19,'株式会社東邦システムサイエンス','',NULL,NULL,'1120002','東京都文京区小石川','１－１２－１４日本生命小石川ビル5Ｆ','03-3868-6060','03-3868-6070','',NULL,NULL,'','','99','','',NULL,NULL,'1',NULL,0,'0',0.08,NULL),(20,'日本新思ソフト株式会社','',NULL,NULL,'1030025','東京都中央区日本橋茅場町','2-9-8 友泉茅場町ビル7F','03-5643-6625','03-5643-6626','',NULL,NULL,'','','99','','',NULL,NULL,'1',NULL,0,'0',0.08,NULL),(21,'株式会社クラウドアンドデータサービス','',NULL,NULL,'1600032','東京都新宿区西新宿','7-17-14　新宿シティ源ビル5F','03-3363-1518','','',NULL,NULL,'','','99','','',NULL,NULL,'1',NULL,0,'0',0.08,NULL),(22,'日立物流ソフトウェア株式会社','',NULL,NULL,'1350016','東京都江東区東陽','７－２－１４　東陽ＭＫビル６Ｆ','03-5634-1914','03-5634-1917','',NULL,NULL,'','','99','','',NULL,NULL,'1',NULL,0,'0',0.08,NULL),(23,'北港情報サービス株式会社','',NULL,NULL,'1000011','東京都千代田区内幸町','１－１－７ ＮＢＦ日比谷ビル ５Ｆ','03-3506-7111','03-3506-7120','',NULL,NULL,'','','99','','',NULL,NULL,'1',NULL,0,'0',0.08,NULL),(24,'株式会社LIXIL','',NULL,NULL,'1006036','東京都江東区大島2-1-1','','03-3638-6275','03-3638-8270','',NULL,NULL,'','','99','','',NULL,NULL,'1',NULL,0,'0',0.08,NULL),(25,'株式会社インフォマックス','',NULL,NULL,'1010025','東京都千代田区神田佐久間町','3-27-3 ガーデンパークビル501','03-6240-9697','03-6240-9698','',NULL,NULL,'','','15','','',NULL,NULL,'2',NULL,0,'0',0.08,NULL),(26,'株式会社ランドコンピュータ','',NULL,NULL,'1080023','東京都港区芝浦','4丁目13番23号 MS芝浦ビル','03-5232-3040','03-5232-3133','',NULL,NULL,'','','20','','',NULL,NULL,'2',NULL,0,'0',0.08,NULL),(27,'株式会社エスプロシステム','',NULL,NULL,'1010052','東京都千代田区神田小川町','1-1 山城ビル8F','03-5283-3291','03-5283-3299','',NULL,NULL,'','','05','','',NULL,NULL,'2',NULL,0,'0',0.08,NULL),(28,'MBPジャパン株式会社','',NULL,NULL,'1400013','東京都品川区南大井','6-22-7 大森ベルポートE館12階','03-6675-3890','03-6675-3899','',NULL,NULL,'','','05','','',NULL,NULL,'2',NULL,0,'0',0.08,NULL),(29,'コムチュア株式会社','',NULL,NULL,'1410032','東京都品川区大崎','1－11－2  ゲートシティ大崎イーストタワー8F・9F','03-5745-9700','03-5745-9715','',NULL,NULL,'','','10','','',NULL,NULL,'2',NULL,0,'0',0.08,NULL),(30,'株式会社システナ','',NULL,NULL,'1050022','東京都港区海岸','1丁目2番20号　汐留ビルディング 14F','03-6367-3842','03-3578-3017','',NULL,NULL,'','','99','','',NULL,NULL,'1',NULL,0,'0',0.08,NULL),(31,'株式会社ＩＳＴソフトウェア','',NULL,NULL,'1440052','東京都大田区蒲田','5-37-1 ニッセイアロマスクエア13Ｆ','03-5480-6711','03-5480-6712','',NULL,NULL,'','','99','','',NULL,NULL,'1',NULL,0,'0',0.08,NULL),(32,'サイネットプラス','',NULL,NULL,'1080074','東京都港区高輪 4-21-12','','03-5422-6128','','',NULL,NULL,'','','99','','',NULL,NULL,'1',NULL,0,'0',0.08,NULL),(33,'楽天総研（北京）技術有限会社','',NULL,NULL,'','','','010-87759662','','',NULL,NULL,'','','99','','',NULL,NULL,'1',NULL,0,'0',0.08,NULL),(34,'株式会社','',NULL,NULL,'','','','','','',NULL,NULL,'','','99','','','',NULL,'1','2015-12-16 06:36:58',1,'0',0.08,''),(35,'セントラル技研株式会社','',NULL,NULL,'','東京都品川区東五反田1丁目25番13号','','03-3440-3221','','',NULL,NULL,'','','30','','',NULL,NULL,'1',NULL,0,'0',0.08,''),(36,'株式会社ウフル','',NULL,NULL,'1050001','東京都港区虎ノ門','4-1-8虎ノ門4丁目MTビル ６階 ','03-6898-1525','03-6895-1524','',NULL,NULL,'','','99','','',NULL,NULL,'1',NULL,0,'0',0.08,''),(37,'株式会社マスターズソリューション','',NULL,NULL,'1030004','東京都中央区東日本3-12-2　清和ビル6階','','03-5614-0520','03-5614-0521','',NULL,NULL,'','','10','','','request/EB請求書_VR6xeQy.xlsx',NULL,'2',NULL,0,'0',0.08,''),(38,'株式会社パスコ','',NULL,NULL,'1530043','東京都目黒区東山','東山ビル　3F','03-6412-2544','','',NULL,NULL,'','','20','','','request/EB請求書_GHKMUfT.xlsx',16,'2',NULL,0,'0',0.08,''),(39,'システム・アナライズ株式会社','',NULL,NULL,'1020072','東京都千代田区飯田橋','1-12-7　飯田橋センタービル2階','03-3261-4332','03-3221-1889','',NULL,NULL,'','','15','','','',NULL,'2',NULL,0,'0',0.08,''),(40,'エヌシーアイ総合システム株式会社','',NULL,NULL,'1640011','東京都中野区中央一丁目38番1号　住友中野坂上ビル12階','','03-5348-7182','','',NULL,NULL,'','','99','','','',8,'1',NULL,0,'0',0.08,''),(41,'アイコムシステック株式会社','',NULL,NULL,'','東京都港区芝浦4-2-8　住友不動産三田ツインビル東館','','','','',NULL,NULL,'','','99','','','',NULL,'1',NULL,0,'0',0.08,''),(42,'株式会社ヴィー・エス・シー・ジャパン','',NULL,NULL,'1030023','東京都中央区日本橋本町3-9-4','日本橋ロードビル5階','03-5651-0733','035651-0383','',NULL,NULL,'','','10','','','',NULL,'2','2015-12-16 06:35:46',0,'0',0.08,''),(43,'日鉄日立システムエンジニアリング株式会社','',NULL,NULL,'1046591','東京都中央区明石町8番1号','聖路加タワー26階','03-3544-7800','03-3544-7900','',NULL,NULL,'','','99','','','',NULL,'1',NULL,0,'0',0.08,''),(44,'UTO株式会社','',NULL,NULL,'1030016','東京都中央区日本橋小網町3-14','茅場町K-1ビール502','','','',NULL,NULL,'','','99','','','',16,'2',NULL,0,'0',0.08,''),(45,'株式会社ユーシーアイー','',NULL,NULL,'1700013','東京都豊島区東池袋3-9-9','明昌MGビル5F','03-5951-2382','','',NULL,NULL,'','','99','','','',NULL,'2',NULL,0,'0',0.08,''),(46,'株式会社ネットコム','',NULL,NULL,'1050014','東京都港区芝3-17-12','第2Mビル7F','03-3454-8017','','',NULL,NULL,'','','20','','','',NULL,'2',NULL,0,'0',0.08,''),(47,'大連睿利','',NULL,NULL,'','','','','','',NULL,NULL,'','','99','','','',NULL,'1',NULL,0,'0',0.00,''),(48,'i株式会社','',NULL,NULL,'1030007','東京都中央区日本橋蛎殻町1-6-4','第三カネタツビル702','050-3630-6188','','',NULL,NULL,'','','20','','','',NULL,'2',NULL,0,'0',0.08,'');
/*!40000 ALTER TABLE `eb_client` ENABLE KEYS */;
UNLOCK TABLES;

--
-- Table structure for table `eb_clientmember`
--

DROP TABLE IF EXISTS `eb_clientmember`;
/*!40101 SET @saved_cs_client     = @@character_set_client */;
/*!40101 SET character_set_client = utf8 */;
CREATE TABLE `eb_clientmember` (
  `id` int(11) NOT NULL AUTO_INCREMENT,
  `name` varchar(30) NOT NULL,
  `email` varchar(254) DEFAULT NULL,
  `phone` varchar(11) DEFAULT NULL,
  `client_id` int(11) NOT NULL,
  `deleted_date` datetime,
  `is_deleted` tinyint(1) NOT NULL,
  PRIMARY KEY (`id`),
  KEY `eb_clientmember_client_id_bc69e07_fk_eb_client_id` (`client_id`),
  CONSTRAINT `eb_clientmember_client_id_bc69e07_fk_eb_client_id` FOREIGN KEY (`client_id`) REFERENCES `eb_client` (`id`)
) ENGINE=InnoDB DEFAULT CHARSET=utf8;
/*!40101 SET character_set_client = @saved_cs_client */;

--
-- Dumping data for table `eb_clientmember`
--

LOCK TABLES `eb_clientmember` WRITE;
/*!40000 ALTER TABLE `eb_clientmember` DISABLE KEYS */;
/*!40000 ALTER TABLE `eb_clientmember` ENABLE KEYS */;
UNLOCK TABLES;

--
-- Table structure for table `eb_clientorder`
--

DROP TABLE IF EXISTS `eb_clientorder`;
/*!40101 SET @saved_cs_client     = @@character_set_client */;
/*!40101 SET character_set_client = utf8 */;
CREATE TABLE `eb_clientorder` (
  `id` int(11) NOT NULL AUTO_INCREMENT,
  `name` varchar(30) NOT NULL,
  `order_no` varchar(20) NOT NULL,
  `order_file` varchar(100) DEFAULT NULL,
  `deleted_date` datetime(6) DEFAULT NULL,
  `is_deleted` tinyint(1) NOT NULL,
  `end_date` date NOT NULL,
  `start_date` date NOT NULL,
  `bank_info_id` int(11),
  `order_date` date,
  `member_comma_list` varchar(255),
  PRIMARY KEY (`id`),
  KEY `eb_clientorder_b825292c` (`bank_info_id`),
  CONSTRAINT `eb_clientorder_bank_info_id_4fb8cc91_fk_eb_bankinfo_id` FOREIGN KEY (`bank_info_id`) REFERENCES `eb_bankinfo` (`id`)
) ENGINE=InnoDB AUTO_INCREMENT=135 DEFAULT CHARSET=utf8;
/*!40101 SET character_set_client = @saved_cs_client */;

--
-- Dumping data for table `eb_clientorder`
--

LOCK TABLES `eb_clientorder` WRITE;
/*!40000 ALTER TABLE `eb_clientorder` DISABLE KEYS */;
INSERT INTO `eb_clientorder` VALUES (5,'あいおいニッセイ同和損害保険','0000014198','',NULL,0,'2015-11-30','2015-11-01',NULL,NULL,NULL),(6,'Salesforce技術支援','INBS-150016','',NULL,0,'2015-11-30','2015-11-01',NULL,NULL,NULL),(7,'プリカ決済PF開発支援','446905','',NULL,0,'2015-11-30','2015-11-01',1,NULL,NULL),(8,'みずほ担保オンラインプロジェクト設計・開発','SI115-040-190','',NULL,0,'2015-11-30','2015-11-01',1,NULL,NULL),(9,'カード会社様次期システム案件','15-250','',NULL,0,'2015-11-30','2015-11-01',1,NULL,NULL),(10,'JAL・運航旅客システム開発/PJ支援','446329','',NULL,0,'2015-12-31','2015-12-01',1,NULL,NULL),(11,'ANACore2015年度定常改修','446353','',NULL,0,'2015-12-31','2015-12-01',1,NULL,NULL),(12,'Webアプリケーション再構築開発支援','446715','',NULL,0,'2015-12-31','2015-12-01',1,NULL,NULL),(13,'KIRIN社向け需給システム再構築開発支援','446686','',NULL,0,'2015-12-31','2015-12-01',1,NULL,NULL),(14,'コールセンタシステム開発支援','446267','',NULL,0,'2015-12-31','2015-12-01',1,NULL,NULL),(15,'明治安田生命保険相互会社様向けシステム開発支援','445741','',NULL,0,'2015-12-31','2015-12-01',1,'2015-09-30',NULL),(16,'カード会社様次期システム案件','15-269','',NULL,0,'2015-12-31','2015-12-01',1,'2015-11-20',NULL),(17,'顧客系システムの機能追加・保守','＃903100-15','',NULL,0,'2015-12-31','2015-12-01',1,NULL,NULL),(18,'PHPシステム開発支援','EB2015120301','',NULL,0,'2015-12-31','2015-12-04',1,'2015-11-30',NULL),(19,'salesforce開発支援','EB2015113001','',NULL,0,'2015-12-31','2015-12-01',1,NULL,NULL),(20,'INTEC-電力関連開発支援（1510-1512）','E-SI-150148','',NULL,0,'2015-12-31','2015-12-01',1,'2015-09-30',NULL),(21,'INTEC-電力関連開発支援（1511-1512）','E-SI-150168','',NULL,0,'2015-12-31','2015-12-01',1,NULL,NULL),(22,'　INTEC-電力関連開発支援（1511-1512）','E-SI-150163','',NULL,0,'2015-12-31','2015-12-01',1,'2015-10-29',NULL),(23,' INTEC-電力関連開発支援（1510-1512）','E-SI-150150','',NULL,0,'2015-12-31','2015-12-01',1,NULL,NULL),(24,'Salesforce技術支援','INBS-150016','',NULL,0,'2015-12-31','2015-12-01',1,NULL,NULL),(25,'東京電力様向け託送システム開発','1543820101-01','',NULL,0,'2015-12-31','2015-12-01',1,NULL,NULL),(26,'SMCC殿向け次期クレジットシステム再構築に係る業務','T151863-01','',NULL,0,'2015-12-31','2015-12-01',1,NULL,NULL),(27,'ライフGRプロジェクト2015','T152021','',NULL,0,'2015-12-31','2015-12-01',1,NULL,NULL),(28,'ゆうちょJC開発　2017年1月及び5月案件及び付帯作業','T151599','',NULL,0,'2015-12-31','2015-12-01',1,NULL,NULL),(29,'需給保税システム仕様変更対応(徐）','C-15-0603','',NULL,0,'2015-12-31','2015-12-01',1,NULL,NULL),(30,'需給保税システム仕様変更対応','C-15-0569','',NULL,0,'2015-12-31','2015-12-01',1,NULL,NULL),(31,'生命保険関連/保全BPO業務','215MSS12-001','',NULL,0,'2015-12-31','2015-12-01',1,NULL,NULL),(32,'次期ファイナンスシステム構築作業における請負契約','3150038719','',NULL,0,'2015-12-31','2015-12-01',1,NULL,NULL),(33,'SMBCFS統合契約精算システム保守契約に関する請負契約','3150038750','',NULL,0,'2015-12-31','2015-12-01',1,NULL,NULL),(34,'SMBCFS統合契約精算システム保守契約に関する請負契約','3150038749','',NULL,0,'2015-12-31','2015-12-01',1,NULL,NULL),(35,'windchill構築に向けた開発要件定義及びテスト','LIX-2015-0969','',NULL,0,'2015-12-31','2015-12-01',1,NULL,NULL),(36,'SMBCFS統合契約精算システム保守契約に関する請負契約','3150038748','',NULL,0,'2015-12-31','2015-12-01',1,NULL,NULL),(37,'CC-Quattro研究開発支援（拡販向け課題対応）','MDB-15C-10011','',NULL,0,'2015-12-31','2015-12-01',1,NULL,NULL),(38,'ソフトウェア開発（4条1項1号業務）','S2015113001','',NULL,0,'2015-12-31','2015-12-01',1,'2015-11-20',NULL),(39,'情報システムに関する技術支援業務','S22015113001','',NULL,0,'2015-12-31','2015-12-01',1,NULL,NULL),(40,'ソフトウェア開発（4条1項1号業務）','S2015113002','',NULL,0,'2015-12-31','2015-12-01',1,NULL,NULL),(41,'メモアプリエンハンス（IOS）/アプリ開発','P034-PD-0973','',NULL,0,'2015-12-31','2015-12-01',1,NULL,NULL),(42,'C#開発要員','H15-0066','',NULL,0,'2015-12-31','2015-12-01',1,NULL,NULL),(43,'国保システム開発支援','IK15-2490','',NULL,0,'2015-12-31','2015-12-01',1,NULL,NULL),(44,'リクルートじゃらん支援','15S2H0754','',NULL,0,'2015-12-31','2015-12-01',1,NULL,NULL),(45,'EPSON運用支援作業・EPG開発支援作業','1212150375','',NULL,0,'2015-12-31','2015-12-01',1,NULL,NULL),(46,'ソフトウェア開発','S12015112401','',NULL,0,'2015-12-31','2015-12-01',1,NULL,NULL),(47,'基本設計行程「基本設計書」作成','T152395-01','',NULL,0,'2015-12-31','2015-12-01',1,NULL,NULL),(48,'NTT-D FGCC次世代ファイナンス一括追加開発+障害対応','H15218-01-01','',NULL,0,'2015-12-31','2015-12-01',1,NULL,NULL),(49,'部品移管システム（FlowLites)老朽更新','3150038545','',NULL,0,'2015-12-20','2015-12-01',1,NULL,NULL),(50,'延滞管理システム保守対応に関する請負契約','3150037691','',NULL,0,'2015-12-31','2015-12-01',1,NULL,NULL),(52,'保険システム開発','T-1511-0004','',NULL,0,'2015-12-31','2015-12-01',1,NULL,NULL),(53,'Lシ11　殿向け【物流ソ】開発作番','15-0572','',NULL,0,'2015-12-31','2015-12-01',1,NULL,NULL),(54,'Lシ11　殿向けTRINET保守作業','15-0650','',NULL,0,'2015-12-31','2015-12-01',1,NULL,NULL),(55,'Webアプリケーション再構築開発支援　','447529','',NULL,0,'2015-12-31','2015-12-01',1,NULL,NULL),(56,'みずほ銀行向け業務の開発支援②','S22015113002','',NULL,0,'2015-12-31','2015-12-01',1,NULL,NULL),(57,'FRグローバル共通基盤AP維持','447532','',NULL,0,'2015-12-31','2015-12-07',1,NULL,NULL),(58,'データ統合システム開発','447630','',NULL,0,'2015-12-31','2015-12-01',1,NULL,NULL),(59,'NTTコムウェア殿向け共通経理システム時期開発作業','A150367','',NULL,0,'2015-12-31','2015-12-01',1,NULL,NULL),(60,'プリカ決済PF開発支援（2015/12）','447422','',NULL,0,'2015-12-31','2015-12-01',1,NULL,NULL),(61,'みずほ銀行殿向け　次期システム・市場系','0014972','',NULL,0,'2015-12-31','2015-12-01',1,NULL,NULL),(62,'ユーキャン様システム再構築開発支援','447248','',NULL,0,'2015-12-31','2015-12-01',1,NULL,NULL),(63,'クレジット系システムの保守作業','VE1511001','',NULL,0,'2015-12-31','2015-12-01',1,NULL,NULL),(64,'ANA様向け　POSITIVE導入','LIHB-1511-0621','',NULL,0,'2015-12-31','2015-12-01',1,NULL,NULL),(65,'i*Standard保守作業','LIHB-1509-0518','',NULL,0,'2015-12-31','2015-12-01',1,NULL,NULL),(66,'東京電力　託送検針機能開発に関するSES支援','1503150171','',NULL,0,'2015-12-31','2015-12-01',1,NULL,NULL),(67,'平成27年経過管理開発業務に係る基盤ソフトウェア開発C','1503150177','',NULL,0,'2015-12-31','2015-12-01',1,NULL,NULL),(68,'JaLC2＿J3コンテンツ拡大対応','1502150232-1','',NULL,0,'2015-12-31','2015-12-01',1,NULL,NULL),(69,'三井住友海上火災保険　保険業法・監督指針改定対応','0000015133','',NULL,0,'2015-12-31','2015-12-01',1,NULL,NULL),(70,'三井住友海上あいおい生命保険名寄せ通算契約（損保）','0000015142','',NULL,0,'2015-12-31','2015-12-01',1,NULL,NULL),(71,'あいおいニッセイ同和損害保険','0000014198','',NULL,0,'2015-12-31','2015-12-01',1,NULL,NULL),(72,'Ｗｅｂアプリケーション再構築開発支援（楊旭峰）','446366','',NULL,0,'2015-12-31','2015-12-01',1,NULL,NULL),(73,'マイナンバーに関わる開発支援','IK15-2491','',NULL,0,'2015-12-31','2015-12-01',1,NULL,NULL),(74,'マイナンバーに関わる開発支援（何）','Ik15-2492','',NULL,0,'2015-12-31','2015-12-01',1,NULL,NULL),(75,'生命保険会社向け保険金・給付金支払システム構築','IK15-2497','',NULL,0,'2015-12-31','2015-12-01',1,NULL,NULL),(76,'生命保険会社向け保険金・給付金支払システム構築（朱）','IK15-2498','',NULL,0,'2015-12-31','2015-12-01',1,NULL,NULL),(77,'勘定系/外国為替システム開発','IK15-2442','',NULL,0,'2015-12-31','2015-12-01',1,'2015-11-24',NULL),(78,'次期システム3-2推進PT支援','IK15-2458','',NULL,0,'2015-12-31','2015-12-01',1,'2015-11-25',NULL),(79,'あいおいニッセイ同和損害保険基幹系システム','0000014198','',NULL,0,'2015-12-31','2015-12-01',1,'2015-09-18',NULL),(80,'あいおいニッセイ同和損害保険　基幹系システム開発・保守','0000014198','',NULL,0,'2015-12-31','2015-12-01',1,'2015-09-18',NULL),(81,'次期システム3-2推進PT支援　','IK15-2459','',NULL,0,'2015-12-31','2015-12-01',1,'2015-11-25',NULL),(82,'三井住友海上火災保険保険業法・監督指針改定対応','0000015213','',NULL,0,'2015-12-31','2015-12-01',1,'2015-11-26',NULL),(83,'証券会社向けESTREX導入開発','IK15-2418','',NULL,0,'2015-12-31','2015-12-01',1,'2015-11-20',NULL),(84,'みずほ担保オンラインプロジェクト設計・開発','SI115-040-218-1','',NULL,0,'2015-12-31','2015-12-01',1,'2015-11-16',NULL),(85,'銀行システムに関わる業パ・開発・保守','IK15-2384','',NULL,0,'2015-12-31','2015-12-01',1,'2015-11-16',NULL),(86,'三井住友会場火災保険【傷害新種更改】','0000015132','',NULL,0,'2015-12-31','2015-12-01',1,'2015-11-24',NULL),(87,'証券会社向けESTREX導入開発　','IK15-2363','',NULL,0,'2015-12-31','2015-12-01',1,'2015-11-12',NULL),(88,'生命保険会社変額年金ダウンサイジング','IK15-2266','',NULL,0,'2015-12-31','2015-12-01',1,'2015-10-29',NULL),(89,'証券会社向けESTREX導入開発　　','IK15-2243','',NULL,0,'2015-12-31','2015-12-01',1,'2015-10-27',NULL),(90,'証券会社向けESTREX導入開発　　　','IK15-1964','',NULL,0,'2015-12-31','2015-12-01',1,'2015-09-25',NULL),(91,'証券会社向けESTREX導入開発　　　　','IK15-1965','',NULL,0,'2015-12-31','2015-12-01',1,'2015-09-25',NULL),(92,'証券会社向けESTREX導入開発　　　　　','IK15-1966','',NULL,0,'2015-12-31','2015-12-01',1,'2015-09-25',NULL),(93,'かんぽ生命殿向け支払業務システム','0000015037','',NULL,0,'2015-12-31','2015-12-01',1,'2015-11-24',NULL),(94,'証券会社向けESTREX導入開発　　　　　　','IK15-1967','',NULL,0,'2015-12-31','2015-12-01',1,'2015-09-25',NULL),(95,'みずほ銀行向け業務の開発支援①','S22015113003','',NULL,0,'2015-12-31','2015-12-01',1,'2015-11-30',NULL),(96,'証券会社向けESTREX導入開発　　　　　　　　','IK15-1968','',NULL,0,'2015-12-31','2015-12-01',1,'2015-09-25',NULL),(97,'GNS開発支援','IK15-1652','',NULL,0,'2015-12-31','2015-12-01',1,'2015-09-11',NULL),(98,'信販会社様　決済サービスシステム支援作業','1405150245','',NULL,0,'2015-12-31','2015-12-01',2,'2015-11-30',NULL),(99,'日立受け　戦略（中期）自火　CDPT','1202150309','',NULL,0,'2015-12-31','2015-12-01',2,'2015-11-30',NULL),(100,'次期シス/外為　12月分','1401150246','',NULL,0,'2015-12-31','2015-12-01',2,'2015-11-30',NULL),(101,'INTEC-電力関連開発支援（1512-1601）','E-SI-150174','',NULL,0,'2015-12-31','2015-12-01',1,'2015-11-30',NULL),(102,'次期シス設計。開発支援（与信）2015年12月分','1401150244','',NULL,0,'2015-12-31','2015-12-01',2,'2015-11-30',NULL),(103,'三菱食品向けシステム開発支援','S22015113004','',NULL,0,'2015-12-31','2015-12-01',1,'2015-11-30',NULL),(104,'次期会計システム・AA工程業務支援作業','S22015113005','',NULL,0,'2015-12-31','2015-12-01',1,'2015-11-30',NULL),(105,'SEIBI詳細設計支援（２０１５年１２月）','1401150263','',NULL,0,'2015-12-31','2015-12-01',2,'2015-11-30',NULL),(106,'アジア仕様変更対応','S22015113006','',NULL,0,'2015-12-31','2015-12-01',1,'2015-11-30',NULL),(107,'JCB殿次世代システム保守、利用後スキップ機能開発作業','H152020-0','',NULL,0,'2015-12-31','2015-12-01',1,'2015-11-18',NULL),(108,'次期シス/外為　12月分　','1401150251','',NULL,0,'2015-12-31','2015-12-01',2,'2015-11-30',NULL),(109,'郵便国際DB-H27・12月','注-東-15-0173-002','',NULL,0,'2015-12-31','2015-12-01',1,'2015-11-26',NULL),(110,'国際ブランドデビットカード','1101150154','',NULL,0,'2015-12-31','2015-12-01',2,'2015-11-30',NULL),(111,'共同基幹システム（マグロ設計支援・顧客/加盟店）','1405150228','',NULL,0,'2015-12-31','2015-12-01',2,'2015-11-30',NULL),(112,'共同基幹システム（マグロ設計支援・顧客/加盟店）　','1405150273','',NULL,0,'2015-12-31','2015-12-01',2,'2015-11-30',NULL),(113,'延滞管理システム保守対応に関する請負契約　','3150037690','',NULL,0,'2015-12-31','2015-12-01',1,'2015-09-18',NULL),(115,'PJ向けABAP開発支援SAPサポート','C152860','',NULL,0,'2015-12-31','2015-12-01',1,'2015-11-30',NULL),(116,'システム開発支援','S12016010401','',NULL,0,'2015-12-31','2015-12-01',1,'2014-06-30',NULL),(117,'システム開発支援','S12016010402','',NULL,0,'2015-12-31','2015-12-01',1,'2013-06-30',NULL),(118,'NTTコムウェア殿向け共通経理システム時期開発作業','A150367','',NULL,0,'2015-12-31','2015-12-01',1,'2015-11-10',NULL),(119,'Yahoo向け社内システム開発','C20140621-001','',NULL,0,'2015-12-31','2015-12-01',1,'2015-06-20',NULL),(120,'システム開発支援','S12016010501','',NULL,0,'2015-12-31','2015-12-01',1,'2013-07-01',NULL),(121,'東芝エレベーター（株）殿にての常駐支援作業','511323-5','',NULL,0,'2015-12-31','2015-12-01',1,'2015-09-16',NULL),(122,'保険共済端末の開発','EB2015113015','',NULL,0,'2015-12-31','2015-12-01',1,'2015-11-30',NULL),(123,'FINEMAX　FFGh品質向上','EB2015113016','',NULL,0,'2015-12-31','2015-12-01',1,'2015-11-30',NULL),(124,'システム開発支援','00260680','',NULL,0,'2015-12-31','2015-12-01',1,'2015-09-01',NULL),(125,'システム開発支援','S12016010601','',NULL,0,'2015-12-31','2015-12-01',1,'2015-11-30',NULL),(126,'YSDフィナンシャル新基幹開発支援','1303150200','',NULL,0,'2015-12-31','2015-12-01',2,'2015-11-30',NULL),(127,'金融システムハンス対応','1104150092','',NULL,0,'2015-12-31','2015-12-01',2,'2015-11-30',NULL),(128,'国際ブランドデビット対応','1101150135','',NULL,0,'2015-12-31','2015-12-01',2,'2015-11-30',NULL),(129,'みずほＦＧ　統合DB整備「ＣＤＵＴ」','1402150229','',NULL,0,'2015-12-31','2015-12-01',2,'2015-11-30',NULL),(130,'共同基幹システム（マグロ設計支援・顧客/加盟店）','1405150226','',NULL,0,'2015-12-31','2015-12-01',2,'2015-11-30',NULL),(131,'日立受け　戦略（中期）自火　12月度','1202150311','',NULL,0,'2015-12-31','2015-12-01',2,'2015-11-30',NULL),(132,'DFLペーパレス対応（２０１５年度下期）','1403150076','',NULL,0,'2015-12-31','2015-12-01',2,'2015-11-30',NULL),(133,'DFLペーパレス対応　（２０１５年度下期）','1403150079','',NULL,0,'2015-12-31','2015-12-01',2,'2015-11-30',NULL),(134,'H27/12末　拠点業績対応','1201150145','',NULL,0,'2015-12-31','2015-12-01',2,'2015-11-30',NULL);
/*!40000 ALTER TABLE `eb_clientorder` ENABLE KEYS */;
UNLOCK TABLES;

--
-- Table structure for table `eb_clientorder_projects`
--

DROP TABLE IF EXISTS `eb_clientorder_projects`;
/*!40101 SET @saved_cs_client     = @@character_set_client */;
/*!40101 SET character_set_client = utf8 */;
CREATE TABLE `eb_clientorder_projects` (
  `id` int(11) NOT NULL AUTO_INCREMENT,
  `clientorder_id` int(11) NOT NULL,
  `project_id` int(11) NOT NULL,
  PRIMARY KEY (`id`),
  UNIQUE KEY `clientorder_id` (`clientorder_id`,`project_id`),
  KEY `eb_clientorder_projects_project_id_4973b9d7_fk_eb_project_id` (`project_id`),
  CONSTRAINT `eb_clientorder_proj_clientorder_id_6f597b1f_fk_eb_clientorder_id` FOREIGN KEY (`clientorder_id`) REFERENCES `eb_clientorder` (`id`),
  CONSTRAINT `eb_clientorder_projects_project_id_4973b9d7_fk_eb_project_id` FOREIGN KEY (`project_id`) REFERENCES `eb_project` (`id`)
) ENGINE=InnoDB AUTO_INCREMENT=139 DEFAULT CHARSET=utf8;
/*!40101 SET character_set_client = @saved_cs_client */;

--
-- Dumping data for table `eb_clientorder_projects`
--

LOCK TABLES `eb_clientorder_projects` WRITE;
/*!40000 ALTER TABLE `eb_clientorder_projects` DISABLE KEYS */;
INSERT INTO `eb_clientorder_projects` VALUES (4,5,4),(6,6,5),(1,7,2),(9,8,7),(11,9,8),(13,10,9),(14,11,10),(15,12,11),(16,13,12),(8,14,6),(127,15,13),(128,16,8),(18,17,14),(119,18,16),(120,18,17),(21,19,17),(22,20,18),(23,21,19),(24,22,20),(25,23,21),(7,24,5),(19,25,15),(26,26,22),(27,27,23),(28,28,24),(30,29,26),(29,30,25),(31,31,27),(32,32,28),(33,33,29),(34,34,30),(35,35,31),(36,36,32),(3,37,3),(37,38,33),(38,39,34),(39,40,35),(40,41,36),(41,42,37),(42,43,38),(43,44,39),(44,45,40),(45,46,41),(46,47,43),(47,48,44),(48,49,45),(49,50,46),(53,52,48),(54,53,49),(55,54,50),(56,55,51),(57,56,52),(58,57,53),(60,58,55),(61,59,56),(2,60,2),(63,61,57),(64,62,58),(65,63,59),(66,64,60),(67,65,61),(68,66,62),(69,67,63),(70,68,64),(72,69,66),(73,70,67),(5,71,4),(71,72,65),(74,73,68),(75,74,69),(76,75,70),(77,76,71),(78,77,72),(79,78,73),(81,79,75),(82,80,75),(80,81,74),(83,82,76),(84,83,77),(10,84,7),(86,85,79),(85,86,78),(87,87,80),(88,88,81),(89,89,82),(90,90,83),(91,91,84),(93,92,86),(92,93,85),(94,94,87),(59,95,54),(95,96,88),(96,97,90),(97,98,93),(98,99,94),(99,100,95),(101,101,97),(100,102,96),(102,103,98),(104,104,100),(129,105,99),(106,106,103),(107,107,104),(105,108,102),(108,109,105),(109,110,106),(110,111,107),(111,112,108),(112,113,110),(52,115,47),(113,116,111),(114,117,112),(62,118,56),(115,119,113),(121,120,114),(122,121,115),(123,122,116),(124,123,101),(125,124,117),(126,125,118),(130,126,119),(131,127,42),(132,128,120),(133,129,121),(134,130,122),(135,131,123),(136,132,124),(137,133,125),(138,134,126);
/*!40000 ALTER TABLE `eb_clientorder_projects` ENABLE KEYS */;
UNLOCK TABLES;

--
-- Table structure for table `eb_company`
--

DROP TABLE IF EXISTS `eb_company`;
/*!40101 SET @saved_cs_client     = @@character_set_client */;
/*!40101 SET character_set_client = utf8 */;
CREATE TABLE `eb_company` (
  `id` int(11) NOT NULL AUTO_INCREMENT,
  `name` varchar(30) NOT NULL,
  `japanese_spell` varchar(30) DEFAULT NULL,
  `found_date` date DEFAULT NULL,
  `capital` bigint(20) DEFAULT NULL,
  `post_code` varchar(7) DEFAULT NULL,
  `address1` varchar(200) DEFAULT NULL,
  `address2` varchar(200) DEFAULT NULL,
  `tel` varchar(15) DEFAULT NULL,
  `fax` varchar(15) DEFAULT NULL,
  `quotation_file` varchar(100),
  `request_file` varchar(100),
  PRIMARY KEY (`id`),
  UNIQUE KEY `eb_company_name_5d067c6b_uniq` (`name`)
) ENGINE=InnoDB AUTO_INCREMENT=2 DEFAULT CHARSET=utf8;
/*!40101 SET character_set_client = @saved_cs_client */;

--
-- Dumping data for table `eb_company`
--

LOCK TABLES `eb_company` WRITE;
/*!40000 ALTER TABLE `eb_company` DISABLE KEYS */;
INSERT INTO `eb_company` VALUES (1,'株式会社イー・ビジネス','',NULL,NULL,'1050014','東京都港区芝2丁目','28-8芝２丁目ビル１０階','03-6809-3235','03-6809-3238','','request/EB請求書.xlsx');
/*!40000 ALTER TABLE `eb_company` ENABLE KEYS */;
UNLOCK TABLES;

--
-- Table structure for table `eb_degree`
--

DROP TABLE IF EXISTS `eb_degree`;
/*!40101 SET @saved_cs_client     = @@character_set_client */;
/*!40101 SET character_set_client = utf8 */;
CREATE TABLE `eb_degree` (
  `id` int(11) NOT NULL AUTO_INCREMENT,
  `start_date` date NOT NULL,
  `end_date` date NOT NULL,
  `description` varchar(255) DEFAULT NULL,
  `member_id` int(11) NOT NULL,
  `deleted_date` datetime,
  `is_deleted` tinyint(1) NOT NULL,
  PRIMARY KEY (`id`),
  KEY `eb_degree_b5c3e75b` (`member_id`),
  CONSTRAINT `eb_degree_member_id_30e19b29_fk_eb_member_id` FOREIGN KEY (`member_id`) REFERENCES `eb_member` (`id`)
) ENGINE=InnoDB DEFAULT CHARSET=utf8;
/*!40101 SET character_set_client = @saved_cs_client */;

--
-- Dumping data for table `eb_degree`
--

LOCK TABLES `eb_degree` WRITE;
/*!40000 ALTER TABLE `eb_degree` DISABLE KEYS */;
/*!40000 ALTER TABLE `eb_degree` ENABLE KEYS */;
UNLOCK TABLES;

--
-- Table structure for table `eb_expensescategory`
--

DROP TABLE IF EXISTS `eb_expensescategory`;
/*!40101 SET @saved_cs_client     = @@character_set_client */;
/*!40101 SET character_set_client = utf8 */;
CREATE TABLE `eb_expensescategory` (
  `id` int(11) NOT NULL AUTO_INCREMENT,
  `name` varchar(50) NOT NULL,
  `deleted_date` datetime,
  `is_deleted` tinyint(1) NOT NULL,
  PRIMARY KEY (`id`)
) ENGINE=InnoDB AUTO_INCREMENT=6 DEFAULT CHARSET=utf8;
/*!40101 SET character_set_client = @saved_cs_client */;

--
-- Dumping data for table `eb_expensescategory`
--

LOCK TABLES `eb_expensescategory` WRITE;
/*!40000 ALTER TABLE `eb_expensescategory` DISABLE KEYS */;
INSERT INTO `eb_expensescategory` VALUES (1,'交通費',NULL,0),(2,'出張',NULL,0),(3,'出張手当',NULL,0),(4,'交通宿泊費',NULL,0),(5,'出張交通費',NULL,0);
/*!40000 ALTER TABLE `eb_expensescategory` ENABLE KEYS */;
UNLOCK TABLES;

--
-- Table structure for table `eb_historyproject`
--

DROP TABLE IF EXISTS `eb_historyproject`;
/*!40101 SET @saved_cs_client     = @@character_set_client */;
/*!40101 SET character_set_client = utf8 */;
CREATE TABLE `eb_historyproject` (
  `id` int(11) NOT NULL AUTO_INCREMENT,
  `name` varchar(50) NOT NULL,
  `location` varchar(20) DEFAULT NULL,
  `description` longtext,
  `start_date` date DEFAULT NULL,
  `end_date` date DEFAULT NULL,
  `role` varchar(2) NOT NULL,
  `member_id` int(11) NOT NULL,
  `deleted_date` datetime,
  `is_deleted` tinyint(1) NOT NULL,
  PRIMARY KEY (`id`),
  KEY `eb_historyproject_b5c3e75b` (`member_id`),
  CONSTRAINT `eb_historyproject_member_id_2cc60eb4_fk_eb_member_id` FOREIGN KEY (`member_id`) REFERENCES `eb_member` (`id`)
) ENGINE=InnoDB DEFAULT CHARSET=utf8;
/*!40101 SET character_set_client = @saved_cs_client */;

--
-- Dumping data for table `eb_historyproject`
--

LOCK TABLES `eb_historyproject` WRITE;
/*!40000 ALTER TABLE `eb_historyproject` DISABLE KEYS */;
/*!40000 ALTER TABLE `eb_historyproject` ENABLE KEYS */;
UNLOCK TABLES;

--
-- Table structure for table `eb_historyproject_os`
--

DROP TABLE IF EXISTS `eb_historyproject_os`;
/*!40101 SET @saved_cs_client     = @@character_set_client */;
/*!40101 SET character_set_client = utf8 */;
CREATE TABLE `eb_historyproject_os` (
  `id` int(11) NOT NULL AUTO_INCREMENT,
  `historyproject_id` int(11) NOT NULL,
  `os_id` int(11) NOT NULL,
  PRIMARY KEY (`id`),
  UNIQUE KEY `historyproject_id` (`historyproject_id`,`os_id`),
  KEY `eb_historyproject_os_os_id_734aaf3a_fk_eb_os_id` (`os_id`),
  CONSTRAINT `eb_historypro_historyproject_id_59521a57_fk_eb_historyproject_id` FOREIGN KEY (`historyproject_id`) REFERENCES `eb_historyproject` (`id`),
  CONSTRAINT `eb_historyproject_os_os_id_734aaf3a_fk_eb_os_id` FOREIGN KEY (`os_id`) REFERENCES `eb_os` (`id`)
) ENGINE=InnoDB DEFAULT CHARSET=utf8;
/*!40101 SET character_set_client = @saved_cs_client */;

--
-- Dumping data for table `eb_historyproject_os`
--

LOCK TABLES `eb_historyproject_os` WRITE;
/*!40000 ALTER TABLE `eb_historyproject_os` DISABLE KEYS */;
/*!40000 ALTER TABLE `eb_historyproject_os` ENABLE KEYS */;
UNLOCK TABLES;

--
-- Table structure for table `eb_historyproject_skill`
--

DROP TABLE IF EXISTS `eb_historyproject_skill`;
/*!40101 SET @saved_cs_client     = @@character_set_client */;
/*!40101 SET character_set_client = utf8 */;
CREATE TABLE `eb_historyproject_skill` (
  `id` int(11) NOT NULL AUTO_INCREMENT,
  `historyproject_id` int(11) NOT NULL,
  `skill_id` int(11) NOT NULL,
  PRIMARY KEY (`id`),
  UNIQUE KEY `historyproject_id` (`historyproject_id`,`skill_id`),
  KEY `eb_historyproject_skill_skill_id_84ead96_fk_eb_skill_id` (`skill_id`),
  CONSTRAINT `eb_historypro_historyproject_id_61b685ef_fk_eb_historyproject_id` FOREIGN KEY (`historyproject_id`) REFERENCES `eb_historyproject` (`id`),
  CONSTRAINT `eb_historyproject_skill_skill_id_84ead96_fk_eb_skill_id` FOREIGN KEY (`skill_id`) REFERENCES `eb_skill` (`id`)
) ENGINE=InnoDB DEFAULT CHARSET=utf8;
/*!40101 SET character_set_client = @saved_cs_client */;

--
-- Dumping data for table `eb_historyproject_skill`
--

LOCK TABLES `eb_historyproject_skill` WRITE;
/*!40000 ALTER TABLE `eb_historyproject_skill` DISABLE KEYS */;
/*!40000 ALTER TABLE `eb_historyproject_skill` ENABLE KEYS */;
UNLOCK TABLES;

--
-- Table structure for table `eb_historyproject_stages`
--

DROP TABLE IF EXISTS `eb_historyproject_stages`;
/*!40101 SET @saved_cs_client     = @@character_set_client */;
/*!40101 SET character_set_client = utf8 */;
CREATE TABLE `eb_historyproject_stages` (
  `id` int(11) NOT NULL AUTO_INCREMENT,
  `historyproject_id` int(11) NOT NULL,
  `projectstage_id` int(11) NOT NULL,
  PRIMARY KEY (`id`),
  UNIQUE KEY `historyproject_id` (`historyproject_id`,`projectstage_id`),
  KEY `eb_historyproject__projectstage_id_6b2ed06_fk_eb_projectstage_id` (`projectstage_id`),
  CONSTRAINT `eb_historypro_historyproject_id_6cef6e80_fk_eb_historyproject_id` FOREIGN KEY (`historyproject_id`) REFERENCES `eb_historyproject` (`id`),
  CONSTRAINT `eb_historyproject__projectstage_id_6b2ed06_fk_eb_projectstage_id` FOREIGN KEY (`projectstage_id`) REFERENCES `eb_projectstage` (`id`)
) ENGINE=InnoDB DEFAULT CHARSET=utf8;
/*!40101 SET character_set_client = @saved_cs_client */;

--
-- Dumping data for table `eb_historyproject_stages`
--

LOCK TABLES `eb_historyproject_stages` WRITE;
/*!40000 ALTER TABLE `eb_historyproject_stages` DISABLE KEYS */;
/*!40000 ALTER TABLE `eb_historyproject_stages` ENABLE KEYS */;
UNLOCK TABLES;

--
-- Table structure for table `eb_member`
--

DROP TABLE IF EXISTS `eb_member`;
/*!40101 SET @saved_cs_client     = @@character_set_client */;
/*!40101 SET character_set_client = utf8 */;
CREATE TABLE `eb_member` (
  `id` int(11) NOT NULL AUTO_INCREMENT,
  `employee_id` varchar(30) NOT NULL,
  `first_name` varchar(30) NOT NULL,
  `last_name` varchar(30) NOT NULL,
  `first_name_ja` varchar(30) DEFAULT NULL,
  `last_name_ja` varchar(30) DEFAULT NULL,
  `first_name_en` varchar(30) DEFAULT NULL,
  `last_name_en` varchar(30) DEFAULT NULL,
  `sex` varchar(1) DEFAULT NULL,
  `country` varchar(20) DEFAULT NULL,
  `birthday` date,
  `graduate_date` date DEFAULT NULL,
  `join_date` date,
  `email` varchar(254) DEFAULT NULL,
  `private_email` varchar(254) DEFAULT NULL,
  `post_code` varchar(7) DEFAULT NULL,
  `address1` varchar(200) DEFAULT NULL,
  `address2` varchar(200) DEFAULT NULL,
  `nearest_station` varchar(15) DEFAULT NULL,
  `years_in_japan` int(11) DEFAULT NULL,
  `phone` varchar(11) DEFAULT NULL,
  `is_married` varchar(1) DEFAULT NULL,
  `japanese_description` longtext,
  `certificate` longtext,
  `skill_description` longtext,
  `comment` longtext,
  `member_type` int(11) NOT NULL,
  `cost` int(11) NOT NULL,
  `company_id` int(11) DEFAULT NULL,
  `salesperson_id` int(11),
  `section_id` int(11),
  `subcontractor_id` int(11),
  `user_id` int(11),
  `is_retired` tinyint(1) NOT NULL,
  `deleted_date` datetime,
  `is_deleted` tinyint(1) NOT NULL,
  `coordinate_update_date` datetime,
  `lat` varchar(25),
  `lng` varchar(25),
  PRIMARY KEY (`id`),
  UNIQUE KEY `employee_id` (`employee_id`),
  UNIQUE KEY `user_id` (`user_id`),
  KEY `eb_member_company_id_76581a6b_fk_eb_company_id` (`company_id`),
  KEY `eb_member_611cf3bd` (`salesperson_id`),
  KEY `eb_member_730f6511` (`section_id`),
  KEY `eb_member_9894ca87` (`subcontractor_id`),
  CONSTRAINT `eb_member_company_id_76581a6b_fk_eb_company_id` FOREIGN KEY (`company_id`) REFERENCES `eb_company` (`id`),
  CONSTRAINT `eb_member_salesperson_id_3ee6e133_fk_eb_salesperson_id` FOREIGN KEY (`salesperson_id`) REFERENCES `eb_salesperson` (`id`),
  CONSTRAINT `eb_member_section_id_77da938b_fk_eb_section_id` FOREIGN KEY (`section_id`) REFERENCES `eb_section` (`id`),
  CONSTRAINT `eb_member_subcontractor_id_1f2bb4f1_fk_eb_subcontractor_id` FOREIGN KEY (`subcontractor_id`) REFERENCES `eb_subcontractor` (`id`),
  CONSTRAINT `eb_member_user_id_3f789cf0_fk_auth_user_id` FOREIGN KEY (`user_id`) REFERENCES `auth_user` (`id`)
) ENGINE=InnoDB AUTO_INCREMENT=779 DEFAULT CHARSET=utf8;
/*!40101 SET character_set_client = @saved_cs_client */;

--
-- Dumping data for table `eb_member`
--

LOCK TABLES `eb_member` WRITE;
/*!40000 ALTER TABLE `eb_member` DISABLE KEYS */;
INSERT INTO `eb_member` VALUES (339,'0348','張','瑞杰','チョウズイケツ','','','','2','','1988-01-25',NULL,'2015-12-01','zhangruijie@e-business.co.jp','zhangruijie_0605@yahoo.co.jp','','東京都練馬区桜台4-10-14美津葉荘206室','','',NULL,'08047335405',NULL,'','','','',1,240000,1,14,1,NULL,NULL,0,NULL,0,'2015-12-11 12:11:40','35.7390093','139.66087619999996'),(340,'0347','李','志偉','リシイ','','','','1','','1986-05-04',NULL,'2015-11-20','lizhiwei@e-business.co.jp','lizhiwei019@163.com','','','','',NULL,'',NULL,'','','','',1,420000,1,17,1,NULL,NULL,0,NULL,0,NULL,NULL,NULL),(341,'0346','王','雅','オウヤ',NULL,NULL,NULL,'2',NULL,'1980-05-02',NULL,'2015-10-01','','akane0502@gmail.com',NULL,'',NULL,'',NULL,NULL,NULL,NULL,NULL,NULL,NULL,0,240000,1,NULL,2,NULL,NULL,0,NULL,0,NULL,NULL,NULL),(342,'0345','権','ヨルム','クォンヨルム','','','','1','','1978-10-20',NULL,'2015-11-01','','','','','','',NULL,'08013161560',NULL,'','','','',1,520000,1,17,1,NULL,NULL,0,NULL,0,NULL,NULL,NULL),(343,'0344','趙','志龍','チョウシリュウ','','','','1','','1980-01-13',NULL,'2015-11-01','zhaozhilong@e-business.co.jp','bei_jing2008_long@163.com','2710075','千葉県松戸市胡緑台363番地の7サニー松戸414号','','',NULL,'08032750113',NULL,'','','','',1,420000,1,17,1,NULL,NULL,0,NULL,0,'2015-12-11 12:12:10','35.7876491','139.903093'),(344,'0343','張','燕','チョウエン','','','','2','','1987-08-14',NULL,'2015-11-01','yanzhang@e-business.co.jp','zyzy945@sina.cn','3330853','埼玉県川口市芝園町3番芝園団地2-913号','','',NULL,'08056905490',NULL,'','','','',1,400000,1,17,1,NULL,NULL,0,NULL,0,'2015-12-11 12:11:41','35.8326281','139.68391889999998'),(345,'0342','張','斯諾','チョウ','シダク',NULL,NULL,'2',NULL,'1988-07-17',NULL,'2015-10-01','zhangsinuo@e-business.co.jp','zhangsinuo.royal@gmail.com','2770005','千葉県柏市柏6丁目5-24シティ島村102室',NULL,'',NULL,'08035992757',NULL,NULL,NULL,NULL,NULL,0,230000,1,NULL,2,NULL,NULL,0,NULL,0,'2015-12-11 12:11:41','35.86446919999999','139.97725279999997'),(346,'0341','齋藤','徳嗣','サイト','ノリツグ','','','1','','1980-01-01',NULL,'2015-10-01','saitounoritsugu@e-business.co.jp','','1840004','東京都小金井市本町1-7-3日神パレステージ武蔵小金井201号','','',NULL,'09085980429',NULL,'','','','',1,570000,1,13,1,NULL,NULL,0,NULL,0,'2015-12-11 12:12:17','35.6987326','139.50680420000003'),(347,'0340','畑村','宏彦','ハタムラ','ヒロヒコ','','','1','','1980-01-01',NULL,'2015-10-01','hatamura@e-business.co.jp','','1140001','東京都北区東十条3-15-12-501','','',NULL,'08038083353',NULL,'','','','',1,720000,1,13,1,NULL,NULL,0,NULL,0,'2015-12-11 12:12:02','35.765936','139.72839709999994'),(348,'0339','井','月','イ','ツキ','','','2','','1989-10-23',NULL,'2015-10-01','jingyue@e-business.co.jp','381118526@qq.com','1200044','東京都足立区千住緑町三丁目13番15-803 サングランデ 千住大橋','','',NULL,'08094631989',NULL,'','','','',1,270000,1,14,1,NULL,NULL,0,NULL,0,'2015-12-11 12:09:48','35.7471651','139.79202039999996'),(349,'0338','張','寧','チョウ','ネイ',NULL,NULL,'1',NULL,'1980-01-01',NULL,'2015-09-08','','pkuzning@gmail.com',NULL,'',NULL,'',NULL,NULL,NULL,NULL,NULL,NULL,NULL,0,606666,1,NULL,3,NULL,NULL,0,NULL,0,NULL,NULL,NULL),(350,'0337','沈','漪帆','チン','イハン',NULL,NULL,'2',NULL,'1982-08-22',NULL,'2015-09-01','shenyifan@e-business.co.jp','eb.shenyifan@gmail.com','3360936','埼玉県さいたま市緑区太田窪1-28-5',NULL,'',NULL,'08043216062',NULL,NULL,NULL,NULL,NULL,0,220000,1,NULL,2,NULL,NULL,0,NULL,0,'2015-12-11 12:11:58','35.8657624','139.66863280000007'),(351,'0336','沈','坤茂','シン','','','','1','','1983-12-12',NULL,'2015-09-01','','','','','','',NULL,'',NULL,'','','','',1,450000,1,16,1,NULL,NULL,0,NULL,0,NULL,NULL,NULL),(352,'0335','蒋','杰','ショウケツ','','','','1','','1979-01-26',NULL,'2015-09-01','jiangjie@e-business.co.jp','jordon974135@gmail.com','4620831','名古屋市北区城東町３－６９エクセレンス志賀本通６０３','','',NULL,'08044442088',NULL,'','','','',1,723333,1,16,1,NULL,NULL,0,NULL,0,'2015-12-11 12:12:07','35.1947429','136.91871889999993'),(353,'0334','田','洪雨','デンコウウ',NULL,NULL,NULL,'1',NULL,'1980-01-01',NULL,'2015-08-01','','tianhongyu2006@gmail.com','1740056','東京都板橋区志村1-1-2 411室',NULL,'',NULL,'08076981870',NULL,NULL,NULL,NULL,NULL,0,430000,1,NULL,1,NULL,NULL,0,NULL,0,'2015-12-11 12:12:00','35.7720649','139.6988884'),(354,'0333','王','余','オウヨ','','','','1','','1988-12-09',NULL,'2015-09-01','wangyu@e-business.co.jp','hsyzwy@126.com','1230852','東京都足立区関原2-32-5メゾーン共信F室','','',NULL,'07014596809',NULL,'','','','',1,420000,1,14,1,NULL,NULL,0,NULL,0,'2015-12-11 12:11:58','35.7652573','139.78769190000003'),(355,'0332','呂','爍霞','ロシャクカ','','','','2','','1981-01-01',NULL,'2015-09-01','lvshuoxia@e-business.co.jp','lsx1981jp@yahoo.co.jp','','東京都江東区東雲1-9-50　1503室','','',NULL,'08041350519',NULL,'','','','',1,460000,1,16,4,NULL,NULL,0,NULL,0,'2015-12-11 12:11:32','35.6495232','139.80459559999997'),(356,'0331','劉','寧','リュウネイ','','','','1','','1980-04-27',NULL,'2015-09-01','liuning@e-business.co.jp','l.ney.427@gmail.com','2340054','神奈川横浜市港南区港南台２丁目1番1-1008号','','',NULL,'08023479626',NULL,'','','','',1,420000,1,14,5,NULL,NULL,0,NULL,0,'2015-12-11 12:11:24','35.3740606','139.58291469999995'),(357,'0330','胡','水','コスイ','','','','1','','1978-11-07',NULL,'2015-04-01','hushui@e-business.co.jp','kosui1978@hotmail.com','2120054','川崎市幸区小倉1-1-J-1007','','',NULL,'08051798147',NULL,'','','','',1,620000,1,14,1,NULL,NULL,0,NULL,0,'2015-12-11 12:12:05','35.5483452','139.67449480000005'),(358,'0329','崔','岳','サイガク',NULL,NULL,NULL,'1',NULL,'1962-11-06',NULL,'2015-08-03','','cuiyuejp@yahoo.co.jp','3330853','埼玉県川口市芝園町３－３－３３１号',NULL,'蕨',NULL,'08053807645',NULL,NULL,NULL,NULL,NULL,0,600000,1,NULL,1,NULL,NULL,0,NULL,0,'2015-12-11 12:11:35','35.8308898','139.6867105'),(359,'0328','林','悠','リンユウ',NULL,NULL,NULL,'2',NULL,'1989-12-29',NULL,'2015-08-01','linyou@e-business.co.jp','rinyuu1229@yahoo.co.jp','1330056','東京都江戸川区南小岩8-9-14レオパレスサンクイーンハウス１　105',NULL,'小岩',NULL,'08037266667',NULL,NULL,NULL,NULL,NULL,0,200000,1,NULL,6,NULL,NULL,0,NULL,0,'2015-12-11 12:11:52','35.7317675','139.88502960000005'),(360,'0327','張','璐璐','チョウロロ','','','','2','','1987-10-15',NULL,'2015-01-20','','zhanglulu0615@gmail.com','2610004','千葉県千葉市美浜区高洲4-3-4 303号','','',NULL,'08048758172',NULL,'','','','',1,470000,1,14,1,NULL,NULL,0,NULL,0,'2015-12-11 12:11:40','35.6312709','140.07282859999998'),(361,'0326','李','超逸','リチョウイチ','','','','1','','1988-10-14',NULL,'2015-08-04','lichaoyi@e-business.co.jp','icylydia@gmail.com','2702261','千葉県松戸市常盤平2丁目25番地常盤平公団住宅1街区39棟301号','','',NULL,'09032371889',NULL,'','','','',1,270000,1,13,1,NULL,NULL,0,NULL,0,'2015-12-11 12:11:52','35.7995658','139.9483947'),(362,'0325','孫','茂琳','ソンボウリン',NULL,NULL,NULL,'1',NULL,'1983-03-13',NULL,'2015-08-01','','',NULL,'',NULL,'',NULL,NULL,NULL,NULL,NULL,NULL,NULL,0,425000,1,NULL,1,NULL,NULL,0,NULL,0,NULL,NULL,NULL),(363,'0324','祝','祺禎','シュク','キテイ',NULL,NULL,'1',NULL,'1982-06-01',NULL,'2015-07-09','','',NULL,'',NULL,'',NULL,NULL,NULL,NULL,NULL,NULL,NULL,0,350000,1,NULL,1,NULL,NULL,0,NULL,0,NULL,NULL,NULL),(364,'0323','張','娜','チョウナ','','','','2','','1990-07-07',NULL,'2015-08-01','','15618689908@163.com','','','','',NULL,'',NULL,'','','','',1,330000,1,16,1,NULL,NULL,0,NULL,0,NULL,NULL,NULL),(365,'0322','劉','晋','リュウシン',NULL,NULL,NULL,'1',NULL,'1983-03-24',NULL,'2015-08-01','','mystefaine@163.com',NULL,'',NULL,'',NULL,NULL,NULL,NULL,NULL,NULL,NULL,0,320000,1,NULL,1,NULL,NULL,0,NULL,0,NULL,NULL,NULL),(366,'0321','肖','迪','ショウテキ','','','','2','','1989-05-31',NULL,'2015-08-01','','xiaodissgz@163.com','','','','',NULL,'',NULL,'','','','',1,270000,1,16,1,NULL,NULL,0,NULL,0,NULL,NULL,NULL),(367,'0320','馮','倹','ヒョウケン','','','','1','','1982-01-18',NULL,'2015-07-21','','50345739@qq.com','','','','',NULL,'',NULL,'','','','',1,420000,1,16,1,NULL,NULL,0,NULL,0,NULL,NULL,NULL),(368,'0319','杜','暁厦','トギョウカ','','','','1','','1985-02-18',NULL,'2015-07-21','','duxiaosha@126.com','','','','',NULL,'',NULL,'','','','',1,470000,1,13,7,NULL,NULL,0,NULL,0,NULL,NULL,NULL),(369,'0318','崔','虓','サイコ','','','','1','','1989-08-26',NULL,'2015-07-21','','386980026@qq.com','','','','',NULL,'08051993789',NULL,'','','','',1,320000,1,8,7,NULL,NULL,0,NULL,0,NULL,NULL,NULL),(370,'0317','寧','成遠','ネイセイエン',NULL,NULL,NULL,'1',NULL,'1900-01-01',NULL,'2015-07-02','','ningchy4389@gmail.com',NULL,'',NULL,'',NULL,'09060023558',NULL,NULL,NULL,NULL,NULL,0,250000,1,NULL,8,NULL,NULL,0,NULL,0,NULL,NULL,NULL),(371,'0316','徐','文珍','ジョブンチン',NULL,NULL,NULL,'1',NULL,'1981-10-29',NULL,'2015-07-01','','xuwenzhen2005@yahoo.co.jp',NULL,'',NULL,'',NULL,'08035838326',NULL,NULL,NULL,NULL,NULL,0,620000,1,NULL,5,NULL,NULL,0,NULL,0,NULL,NULL,NULL),(372,'0315','崔','寧','サイネイ','','','','1','','1900-01-01',NULL,'2015-08-01','','','','','','',NULL,'08039303323',NULL,'','','','',1,570000,1,16,1,NULL,NULL,0,NULL,0,NULL,NULL,NULL),(373,'0314','王','雅','オウマサ',NULL,NULL,NULL,'2',NULL,'1980-01-01',NULL,'2015-07-21','','akane0502@gmail.com',NULL,'',NULL,'',NULL,NULL,NULL,NULL,NULL,NULL,NULL,0,240000,1,NULL,2,NULL,NULL,0,NULL,0,NULL,NULL,NULL),(374,'0313','張','涛','チョウトウ',NULL,NULL,NULL,'1',NULL,'1983-08-24',NULL,'2015-07-01','','ztang_ztang@126.com',NULL,'',NULL,'',NULL,'08059535132',NULL,NULL,NULL,NULL,NULL,0,570000,1,NULL,1,NULL,NULL,0,NULL,0,NULL,NULL,NULL),(375,'0311','董','志剛','トウシゴウ',NULL,NULL,NULL,'1',NULL,'1976-05-12',NULL,'2015-06-08','','',NULL,'',NULL,'',NULL,NULL,NULL,NULL,NULL,NULL,NULL,0,620000,1,NULL,1,NULL,NULL,0,NULL,0,NULL,NULL,NULL),(376,'0310','江','純','コウジュン','','','','1','','1986-04-15',NULL,'2015-07-01','','jiangchuntimmail@gmail.com','','','','',NULL,'08096925233',NULL,'','','','',1,390000,1,14,1,NULL,NULL,0,NULL,0,NULL,NULL,NULL),(377,'0309','楊','鵬程','ヨウホウテイ','','','','1','','1987-01-10',NULL,'2015-07-01','','spoony_peng@163.com','','千葉県松戸市上本郷364-3','','北松戸',NULL,'08067590802',NULL,'','','','',1,478000,1,14,1,NULL,NULL,0,NULL,0,'2015-12-11 12:11:55','35.7987394','139.90919480000002'),(378,'0308','李','超','リチョウ','','','','1','','1900-01-01',NULL,'2015-07-01','','lichao@hotmail.co.jp','','','','',NULL,'',NULL,'','','','',1,620000,1,17,1,NULL,NULL,0,NULL,0,NULL,NULL,NULL),(379,'0307','齋藤','雅一','サイトウマサカズ','','','','1','','1970-10-03',NULL,'2015-07-01','','','','','','',NULL,'',NULL,'','','','',1,620000,1,16,1,NULL,NULL,0,NULL,0,NULL,NULL,NULL),(380,'0306','程','単','テイタン','','','','2','','1981-07-08',NULL,'2015-07-21','','chengdan@liandisys.com.cn','','','','',NULL,'',NULL,'','','','',1,574000,1,16,1,NULL,NULL,0,NULL,0,NULL,NULL,NULL),(381,'0305','王','婷婷','オウテイテイ','','','','2','','1989-10-28',NULL,'2015-07-21','','tingting_wang_a@163.com','','','','',NULL,'',NULL,'','','','',1,340000,1,13,7,NULL,NULL,0,NULL,0,NULL,NULL,NULL),(382,'0304','王','亜麗','オウアレイ','','','','2','','1988-01-29',NULL,'2015-08-01','','next_regina@163.com','','','','',NULL,'',NULL,'','','','',1,330000,1,14,1,NULL,NULL,0,NULL,0,NULL,NULL,NULL),(383,'0303','王','雪','オウセツ','','','','2','','1993-10-10',NULL,'2015-07-15','','wx15804253605@163.com','','','','',NULL,'',NULL,'','','','',1,270000,1,16,1,NULL,NULL,0,NULL,0,NULL,NULL,NULL),(384,'0302','白','洋','ハクヨウ','','','','2','','1984-01-04',NULL,'2015-07-01','','poplar1212@163.com','','','','',NULL,'',NULL,'','','','',1,420000,1,16,1,NULL,NULL,0,NULL,0,NULL,NULL,NULL),(385,'0300','徐','翔','ジョショウ','','','','1','','1990-01-18',NULL,'2015-06-22','','664659489@qq.com','','','','',NULL,'',NULL,'','','','',1,220000,1,16,1,NULL,NULL,0,NULL,0,NULL,NULL,NULL),(386,'0299','汪','澤浩','オウサワヒロ','','','','1','','1991-04-10',NULL,'2015-06-15','','810802610@qq.com','','','','',NULL,'',NULL,'','','','',1,220000,1,16,1,NULL,NULL,0,NULL,0,NULL,NULL,NULL),(387,'0298','周','紅','シュウコウ','','','','2','','1990-02-18',NULL,'2015-06-01','','zhouhong318@gmail.com','','','','',NULL,'08034792123',NULL,'','','','',1,320000,1,16,1,NULL,NULL,0,NULL,0,NULL,NULL,NULL),(388,'0297','黄','蕾','コウライ','','','','1','','1984-10-11',NULL,'2015-05-18','','kou.rai@hotmail.com','','','','',NULL,'08098068866',NULL,'','','','',1,220000,1,NULL,2,NULL,NULL,1,'2016-01-04 07:38:58',1,NULL,NULL,NULL),(389,'0296','林','子芸','リンシゲイ','','','','2','','1989-06-03',NULL,'2015-06-01','','lin_ziyi@126.com','','','','',NULL,'08098195459',NULL,'','','','',1,420000,1,8,1,NULL,NULL,0,NULL,0,NULL,NULL,NULL),(390,'0295','羅','凱','ラガイ','','','','1','','1981-01-31',NULL,'2015-06-01','','luokaijp@gmail.com','','','','',NULL,'08046139198',NULL,'','','','',1,665000,1,14,1,NULL,NULL,0,NULL,0,NULL,NULL,NULL),(391,'0294','張','寧','チョウネイ',NULL,NULL,NULL,'2',NULL,'1981-10-26',NULL,'2015-05-07','','',NULL,'',NULL,'',NULL,NULL,NULL,NULL,NULL,NULL,NULL,0,0,1,NULL,3,NULL,NULL,0,NULL,0,NULL,NULL,NULL),(392,'0293','権','楡鈞','ケンユキン','','','','1','','1986-11-19',NULL,'2015-05-25','','yujun_quan@163.com','','','','',NULL,'',NULL,'','','','',1,420000,1,14,5,NULL,NULL,0,NULL,0,NULL,NULL,NULL),(393,'0292','市川','徹','イチガワトオル','','','','1','','1972-02-19',NULL,'2015-06-01','','ichikawa@mssysde.com','','','','',NULL,'09072621512',NULL,'','','','',1,620000,1,8,9,NULL,NULL,0,NULL,0,NULL,NULL,NULL),(394,'0291','倪','楊','ゲイ','ヨウ','','','1','','1988-11-24',NULL,'2015-06-01','','474283454@qq.com','','','','',NULL,'',NULL,'','','','',1,370000,1,13,1,NULL,NULL,0,NULL,0,NULL,NULL,NULL),(395,'0290','王','碩','オウセキ','','','','1','','1987-12-30',NULL,'2015-06-01','','kamiowang@gmail.com','','','','',NULL,'',NULL,'','','','',1,320000,1,16,1,NULL,NULL,0,NULL,0,NULL,NULL,NULL),(396,'0289','王','亜楠','オウ','アナン','','','1','','1990-09-15',NULL,'2015-06-01','','wangynldns@yahoo.co.jp','','','','',NULL,'',NULL,'','','','',1,355000,1,16,5,NULL,NULL,0,NULL,0,NULL,NULL,NULL),(397,'0287','李','英男','リエイナン','','','','1','','1982-05-30',NULL,'2015-06-01','liyingnan@e-business.co.jp','hideo_2006@hotmail.co.jp','4640044','愛知県名古屋市千種区自由ヶ丘1丁目16番2号西田代荘2棟205号','','',NULL,'08069285624',NULL,'','','','',1,420000,1,16,10,NULL,NULL,0,NULL,0,'2015-12-11 12:11:52','35.1739033','136.9618967'),(398,'0286','伍','瑛','ゴエイ','','','','2','','1978-07-24',NULL,'2015-07-01','wuying@e-business.co.jp','wuying_faye2000@hotmail.com','3330853','埼玉県川口市芝園町3番15-1115号芝園団地','','',NULL,'08088620778',NULL,'','','','',1,600000,1,16,4,NULL,NULL,0,NULL,0,'2015-12-11 12:09:48','35.8314685','139.68423789999997'),(399,'0285','孫','叡','ソンエイ','','','','1','','1982-05-16',NULL,'2015-05-11','','sunrui82@163.com','','','','',NULL,'',NULL,'','','','',1,420000,1,14,1,NULL,NULL,0,NULL,0,NULL,NULL,NULL),(400,'0284','宇','虹','ウコウ',NULL,NULL,NULL,'2',NULL,'1987-06-06',NULL,'2015-04-16','','ukousaggem@gmail.com',NULL,'',NULL,'',NULL,NULL,NULL,NULL,NULL,NULL,NULL,0,0,1,NULL,3,NULL,NULL,0,NULL,0,NULL,NULL,NULL),(401,'0283','朱','俊傑','シュシュンケツ',NULL,NULL,NULL,'1',NULL,'1978-07-25',NULL,'2015-05-01','','1048420662@qq.com',NULL,'',NULL,'',NULL,NULL,NULL,NULL,NULL,NULL,NULL,0,370000,1,NULL,1,NULL,NULL,0,NULL,0,NULL,NULL,NULL),(402,'0282','張','丹','チョウ','タン',NULL,NULL,'1',NULL,'1983-03-05',NULL,'2015-05-01','','dszq100@163.com',NULL,'',NULL,'',NULL,NULL,NULL,NULL,NULL,NULL,NULL,0,430000,1,NULL,1,NULL,NULL,0,NULL,0,NULL,NULL,NULL),(403,'0281','丁','君禄','テイクンロク','','','','1','','1989-07-28',NULL,'2015-05-01','','junlu05@sina.com','','','','',NULL,'',NULL,'','','','',1,340000,1,16,1,NULL,NULL,0,NULL,0,NULL,NULL,NULL),(404,'0280','庄','昌昌','ショウショウショウ','','','','1','','1985-12-23',NULL,'2015-05-01','','240050570@qq.com','','','','',NULL,'',NULL,'','','','',1,410000,1,14,1,NULL,NULL,0,NULL,0,NULL,NULL,NULL),(405,'0279','史','禎麟','シテイリン',NULL,NULL,NULL,'1',NULL,'1983-05-14',NULL,'2015-05-01','','',NULL,'',NULL,'',NULL,NULL,NULL,NULL,NULL,NULL,NULL,0,290000,1,NULL,3,NULL,NULL,0,NULL,0,NULL,NULL,NULL),(406,'0278','金','銀順','キンギンジュン',NULL,NULL,NULL,'2',NULL,'1981-03-04',NULL,'2015-04-06','','',NULL,'',NULL,'',NULL,NULL,NULL,NULL,NULL,NULL,NULL,0,0,1,NULL,2,NULL,NULL,0,NULL,0,NULL,NULL,NULL),(407,'0277','王','莉','オウリ',NULL,NULL,NULL,'2',NULL,'2015-11-12',NULL,'2015-04-06','','',NULL,'',NULL,'',NULL,NULL,NULL,NULL,NULL,NULL,NULL,0,256666,1,NULL,2,NULL,NULL,0,NULL,0,NULL,NULL,NULL),(408,'0276','崔','宇星','サイウセイ','','','','1','','2015-11-12',NULL,'2015-04-06','','','','','','',NULL,'09048460119',NULL,'','','','',1,520000,1,13,1,NULL,NULL,0,NULL,0,NULL,NULL,NULL),(409,'0275','倪','丹','ニタン',NULL,NULL,NULL,'2',NULL,'1982-10-23',NULL,'2015-04-06','','nidan2003@hotmail.com',NULL,'',NULL,'',NULL,NULL,NULL,NULL,NULL,NULL,NULL,0,21200,1,NULL,3,NULL,NULL,0,NULL,0,NULL,NULL,NULL),(410,'0274','王','小凡','オウショウハン',NULL,NULL,NULL,'2',NULL,'1981-01-30',NULL,'2015-04-02','','495738027@QQ.com',NULL,'',NULL,'',NULL,NULL,NULL,NULL,NULL,NULL,NULL,0,440000,1,NULL,1,NULL,NULL,0,NULL,0,NULL,NULL,NULL),(411,'0273','馮','嵩','フウスウ',NULL,NULL,NULL,'1',NULL,'1994-07-18',NULL,'2015-03-27','','henryandmasta@gmail.com',NULL,'',NULL,'',NULL,'08067823687',NULL,NULL,NULL,NULL,NULL,0,0,1,NULL,1,NULL,NULL,0,NULL,0,NULL,NULL,NULL),(412,'0272','邱','文','キュウブン','','','','2','','2015-11-12',NULL,'2015-04-01','','946842583@qq.com','','','','',NULL,'',NULL,'','','','',1,320000,1,16,1,NULL,NULL,0,NULL,0,NULL,NULL,NULL),(413,'0271','徐','玉柱','ジョギョクチュウ','','','','1','','1991-10-25',NULL,'2015-04-15','xuyuzhu@e-business.co.jp','xuyuzhu27@gmail.com','2702261','千葉県松戸市常盤平7-17　常盤平公団住宅2-26号棟207号室','','',NULL,'07028061025',NULL,'','','','',1,300000,1,14,5,NULL,NULL,0,NULL,0,'2015-12-11 12:11:46','35.796458','139.95288619999997'),(414,'0270','王','婧','オウセイ','','','','2','','1986-04-05',NULL,'2015-04-01','','wangjing-19860405@hotmail.com','','','','',NULL,'',NULL,'','','','',1,540166,1,14,5,NULL,NULL,0,NULL,0,NULL,NULL,NULL),(415,'0269','包','雲芳','ホウウンホウ','','','','2','','1981-07-15',NULL,'2015-03-23','','uubaobao715@gmail.com','','','','',NULL,'',NULL,'','','','',1,470000,1,14,1,NULL,NULL,0,NULL,0,NULL,NULL,NULL),(416,'0268','王','賽','オウサイ','','','','1','','1989-10-10',NULL,'2015-04-01','','qq825204942@163.com','','','','',NULL,'',NULL,'','','','',1,320000,1,16,4,NULL,NULL,0,NULL,0,NULL,NULL,NULL),(417,'0267','張','磊（★）','チョウレイ','','','','1','','1983-07-07',NULL,'2015-04-01','szhanglei@e-business.co.jp','ahuzl007@gmail.com','3320034','埼玉県川口市並木4-1-1-608','','',NULL,'08036925777',NULL,'','','','',1,570000,1,14,5,NULL,NULL,0,NULL,0,'2015-12-11 12:11:40','35.8187468','139.7083834'),(418,'0266','三好','博之','ミヨシヒロユキ',NULL,NULL,NULL,'1',NULL,'1966-06-14',NULL,'2015-03-09','','hkym2312@myagent.ne.jp','3020013','茨城県取手市台宿2丁目22番33号ペルル取手605号室',NULL,'0297-72-6388',NULL,'08066870160',NULL,NULL,NULL,NULL,NULL,0,220000,1,NULL,9,NULL,NULL,0,NULL,0,'2015-12-11 12:09:48','35.8958565','140.0706411'),(419,'0265','張','倩楠','チョウセンナン',NULL,NULL,NULL,'2',NULL,'1986-08-11',NULL,'2015-03-01','','pinpin0706@gmail.com',NULL,'',NULL,'',NULL,'08088191922',NULL,NULL,NULL,NULL,NULL,0,270000,1,NULL,1,NULL,NULL,0,NULL,0,NULL,NULL,NULL),(420,'0264','張','妍','チョウ','ケン',NULL,NULL,'2',NULL,'1986-06-12',NULL,'2015-04-01','','sun634@126.com',NULL,'',NULL,'',NULL,NULL,NULL,NULL,NULL,NULL,NULL,0,420000,1,NULL,1,NULL,NULL,0,NULL,0,NULL,NULL,NULL),(421,'0263','孫','林','ソンリン','','','','1','','1986-02-06',NULL,'2015-04-01','','sun634@126.com','','','','',NULL,'',NULL,'','','','',1,440000,1,17,1,NULL,NULL,0,NULL,0,NULL,NULL,NULL),(422,'0262','王','志成','オウシセイ',NULL,NULL,NULL,'1',NULL,'1988-10-08',NULL,'2015-04-01','','skybest1008@163.com',NULL,'',NULL,'',NULL,NULL,NULL,NULL,NULL,NULL,NULL,0,455000,1,NULL,5,NULL,NULL,0,NULL,0,NULL,NULL,NULL),(423,'0261','陳','石','チンセキ','','','','1','','1988-04-19',NULL,'2015-04-01','','285548365@qq.com','','','','',NULL,'',NULL,'','','','',1,290000,1,16,4,NULL,NULL,0,NULL,0,NULL,NULL,NULL),(424,'0260','宋','文良','ソウブンリョウ','','','','1','','1982-10-23',NULL,'2015-04-01','','dog0827@163.com','','','','',NULL,'',NULL,'','','','',1,440000,1,13,7,NULL,NULL,0,NULL,0,NULL,NULL,NULL),(425,'0259','李','真','リシン','','','','1','','1987-10-26',NULL,'2015-03-16','','15841152800@139.com','','','','',NULL,'',NULL,'','','','',1,450000,1,16,4,NULL,NULL,0,NULL,0,NULL,NULL,NULL),(426,'0258','呉','樹霞','クレキカ','','','','2','','1981-11-08',NULL,'2015-03-16','','wsx064@aliyun.com','','','','',NULL,'',NULL,'','','','',1,470000,1,14,1,NULL,NULL,0,NULL,0,NULL,NULL,NULL),(427,'0257','玉利','杜峰','タマリトホウ','','','','1','','1987-11-09',NULL,'2015-02-18','','tamaritoho@yahoo.co.jp','','','','',NULL,'08036904462',NULL,'','','','',1,326666,1,14,5,NULL,NULL,0,NULL,0,NULL,NULL,NULL),(428,'0256','董','敬一','トウケイイ',NULL,NULL,NULL,'1',NULL,'1987-11-11',NULL,'2015-01-01','','',NULL,'',NULL,'',NULL,NULL,NULL,NULL,NULL,NULL,NULL,0,0,1,NULL,6,NULL,NULL,0,NULL,0,NULL,NULL,NULL),(429,'0255','王','立勇','オウリツユウ','','','','1','','1978-12-25',NULL,'2015-03-01','','wleeyou@gmail.com','','','','',NULL,'08043716156',NULL,'','','','',1,570000,1,16,1,NULL,NULL,0,NULL,0,NULL,NULL,NULL),(430,'0254','王','諾','オウダク','','','','1','','1985-01-11',NULL,'2015-03-01','','anuo1a@163.com','','','','',NULL,'',NULL,'','','','',1,500000,1,16,1,NULL,NULL,0,NULL,0,NULL,NULL,NULL),(431,'0253','張','勝召','チョウカツショウ','','','','1','','1985-01-12',NULL,'2015-03-01','','zhangzhaozsz@gmail.com','','','','',NULL,'07012517351',NULL,'','','','',1,470000,1,14,1,NULL,NULL,0,NULL,0,NULL,NULL,NULL),(432,'0252','金','永光','キンエイコウ','','','','1','','2015-11-12',NULL,'2015-03-01','','jinyg0616@gmail.com','','','','',NULL,'08030960185',NULL,'','','','',1,620000,1,13,1,NULL,NULL,0,NULL,0,NULL,NULL,NULL),(433,'0251','朱','振宵','シュシンショウ',NULL,NULL,NULL,'1',NULL,'1983-07-31',NULL,'2015-03-01','','yubuduo@hotmail.com',NULL,'',NULL,'',NULL,NULL,NULL,NULL,NULL,NULL,NULL,0,439833,1,NULL,1,NULL,NULL,0,NULL,0,NULL,NULL,NULL),(434,'0250','龍','璟','リュウケイ',NULL,NULL,NULL,'1',NULL,'1987-04-23',NULL,'2015-02-09','','longzhuzhiyuan@163.com',NULL,'',NULL,'',NULL,NULL,NULL,NULL,NULL,NULL,NULL,0,420000,1,NULL,1,NULL,NULL,0,NULL,0,NULL,NULL,NULL),(435,'0249','齋藤','善次','サイトウゼンジ',NULL,NULL,NULL,'1',NULL,'1986-02-20',NULL,'2015-03-01','','liujiaxin991775521@hotmail.co.jp',NULL,'',NULL,'',NULL,NULL,NULL,NULL,NULL,NULL,NULL,0,473666,1,NULL,1,NULL,NULL,0,NULL,0,NULL,NULL,NULL),(436,'0248','魏','慶飛','ギケイヒ','','','','1','','1980-04-11',NULL,'2008-03-01','gikeihi@e-business.co.jp','gikeihi@e-business.co.jp','','','','',NULL,'',NULL,'','','','',1,635833,1,13,11,NULL,NULL,0,NULL,0,NULL,NULL,NULL),(437,'0247','李','炳錫','リ','','','','1','','2015-11-12',NULL,'2015-02-01','','e.byoungseok@gmail.com','','','','',NULL,'08039024155',NULL,'','','','',1,520000,1,13,1,NULL,NULL,0,NULL,0,NULL,NULL,NULL),(438,'0246','阿','日根','ア','','','','1','','1979-04-17',NULL,'2015-02-01','','arigen1979@gmail.com','','','','',NULL,'09085658299',NULL,'','','','',1,570000,1,13,1,NULL,NULL,0,NULL,0,NULL,NULL,NULL),(439,'0245','任','雪','ニンセツ','','','','2','','1990-01-28',NULL,'2015-04-01','','renxue218@gmail.com','','','','',NULL,'',NULL,'','','','',1,440000,1,13,1,NULL,NULL,0,NULL,0,NULL,NULL,NULL),(440,'0244','李','永全','リエイゼン','','','','1','','1980-09-10',NULL,'2015-02-01','','thisdot@163.com','','','','',NULL,'09030021267',NULL,'','','','',1,540000,1,13,1,NULL,NULL,0,NULL,0,NULL,NULL,NULL),(441,'0243','董','超','トウチョウ','','','','1','','1983-02-17',NULL,'2015-02-01','','dongchao0217@gmail.com','','','','',NULL,'08093961314',NULL,'','','','',1,560000,1,14,1,NULL,NULL,0,NULL,0,NULL,NULL,NULL),(442,'0242','蒋','述','ショウジュツ',NULL,NULL,NULL,'1',NULL,'1987-03-11',NULL,'2015-02-01','','67189840@qq.com',NULL,'',NULL,'',NULL,'08093857503',NULL,NULL,NULL,NULL,NULL,0,450000,1,NULL,1,NULL,NULL,0,NULL,0,NULL,NULL,NULL),(443,'0241','白','明','ハクメイ','','','','1','','1982-12-30',NULL,'2014-12-01','','mikebai604@gmail.com','','','','',NULL,'08094554072',NULL,'','','','',1,620000,1,16,1,NULL,NULL,0,NULL,0,NULL,NULL,NULL),(444,'0240','任','蕾','ニンライ',NULL,NULL,NULL,'1',NULL,'1982-03-29',NULL,'2014-12-01','','relein0305@yahoo.co.jp',NULL,'',NULL,'',NULL,NULL,NULL,NULL,NULL,NULL,NULL,0,220000,1,NULL,2,NULL,NULL,0,NULL,0,NULL,NULL,NULL),(445,'0239','張','雷','チョウ','ライ','','','1','','1986-03-18',NULL,'2015-01-01','','baige6636@163.com','','','','',NULL,'',NULL,'','','','',1,420000,1,13,7,NULL,NULL,0,NULL,0,NULL,NULL,NULL),(446,'0238','李','亮','リリョウ',NULL,NULL,NULL,'1',NULL,'1982-02-08',NULL,'2014-12-01','','liliang0208@163.com',NULL,'',NULL,'',NULL,NULL,NULL,NULL,NULL,NULL,NULL,0,510000,1,NULL,1,NULL,NULL,0,NULL,0,NULL,NULL,NULL),(447,'0237','寧','錚然','ネイ','ソウゼン','','','1','','1981-11-02',NULL,'2014-12-01','','ningzr@gmail.com','','','','',NULL,'08040908380',NULL,'','','','',1,510000,1,16,1,NULL,NULL,0,NULL,0,NULL,NULL,NULL),(448,'0236','楊','君儀','ヨウクンギ',NULL,NULL,NULL,'2',NULL,'1986-06-24',NULL,'2014-11-17','','junjun781126@gmail.com',NULL,'',NULL,'',NULL,NULL,NULL,NULL,NULL,NULL,NULL,0,230000,1,NULL,2,NULL,NULL,0,NULL,0,NULL,NULL,NULL),(449,'0234','杜','嘉','ト','カ',NULL,NULL,'1',NULL,'1985-05-11',NULL,'2014-12-01','','21084977@qq.com',NULL,'',NULL,'',NULL,NULL,NULL,NULL,NULL,NULL,NULL,0,350000,1,NULL,1,NULL,NULL,0,NULL,0,NULL,NULL,NULL),(450,'0233','董','偉','トウ','イ','','','2','','1988-04-25',NULL,'2014-12-01','','dongwei_iris@163.com','','','','',NULL,'',NULL,'','','','',1,360000,1,8,1,NULL,NULL,0,NULL,0,NULL,NULL,NULL),(451,'0232','張','強','チョウ','キョウ','','','1','','1988-07-17',NULL,'2014-12-01','','nonoqiang@163.com','','','','',NULL,'',NULL,'','','','',1,320000,1,NULL,1,NULL,NULL,0,NULL,0,NULL,NULL,NULL),(452,'0231','蔡','金','サイキン','','','','2','','1987-09-24',NULL,'2014-12-01','','saikin0924@163.com','','','','',NULL,'',NULL,'','','','',1,390000,1,13,1,NULL,NULL,0,NULL,0,NULL,NULL,NULL),(453,'0230','高','石磊','コウ','セキライ','','','2','','1988-01-02',NULL,'2014-12-01','','leilagao116@163.com','','','','',NULL,'',NULL,'','','','',1,390000,1,13,1,NULL,NULL,0,NULL,0,NULL,NULL,NULL),(454,'0229','潘','永超','ハン','エイチョウ',NULL,NULL,'1',NULL,'1978-10-30',NULL,'2014-12-01','','onepyc@163.com',NULL,'',NULL,'',NULL,NULL,NULL,NULL,NULL,NULL,NULL,0,0,1,NULL,1,NULL,NULL,0,NULL,0,NULL,NULL,NULL),(455,'0228','叢','怜悧','ソウ','レイリ','','','2','','1988-10-22',NULL,'2014-12-01','','conglingli2008@163.com','','','','',NULL,'',NULL,'','','','',1,500000,1,13,1,NULL,NULL,0,NULL,0,NULL,NULL,NULL),(456,'0226','温','洪洋','オンコウヨウ',NULL,NULL,NULL,'2',NULL,'1982-06-08',NULL,'2014-11-01','','wenhongyang0608@yahoo.co.jp',NULL,'',NULL,'',NULL,NULL,NULL,NULL,NULL,NULL,NULL,0,520000,1,NULL,1,NULL,NULL,0,NULL,0,NULL,NULL,NULL),(457,'0225','王','嵩魁','オウスウカイ',NULL,NULL,NULL,'1',NULL,'1986-10-17',NULL,'2014-11-01','','w_songkui1017@163.com',NULL,'',NULL,'',NULL,'08096571666',NULL,NULL,NULL,NULL,NULL,0,450000,1,NULL,1,NULL,NULL,0,NULL,0,NULL,NULL,NULL),(458,'0224','李','中超','リチュウチョウ','','','','2','','1980-11-12',NULL,'2014-11-01','','lizc0601@hotmail.com','','','','',NULL,'08094668822',NULL,'','','','',1,580000,1,14,1,NULL,NULL,0,NULL,0,NULL,NULL,NULL),(459,'0223','黄','雪晨','コウ','セツジン','','','1','','1983-12-29',NULL,'2014-11-01','','ragnarok831229@hotmail.com','2610011','千葉県千葉市美浜区真砂４−４−１２−５０８号室','','',NULL,'09060331229',NULL,'','','','',1,470000,1,14,1,NULL,NULL,0,NULL,0,'2015-12-11 12:12:17','35.6409605','140.06036670000003'),(460,'0222','朱','軍','シュ','グン','','','1','','1984-02-09',NULL,'2014-10-01','','zhujun_jp@yahoo.co.jp','1340083','東京都江戸川区中葛西1丁目14番','','',NULL,'08021348158',NULL,'','','','',1,500000,1,16,1,NULL,NULL,0,NULL,0,'2015-12-11 12:11:48','35.6720888','139.86874979999993'),(461,'0221','沙','志強','サ','シキョウ','','','1','','1983-07-05',NULL,'2014-06-02','','sha66@163.com','2730013','千葉県船橋市若松二丁目五番12-101','','',NULL,'08091891314',NULL,'','','','',1,520000,1,13,1,NULL,NULL,0,NULL,0,'2015-12-11 12:11:58','35.6801435','139.99517030000004'),(462,'0220','戴','震','タイ','シン',NULL,NULL,'1',NULL,'1982-04-12',NULL,'2014-05-19',NULL,'daviddai2891@hotmail.com','1350091','東京都港区台場1-3-4-1806',NULL,'',NULL,'09065275345',NULL,NULL,NULL,NULL,NULL,0,0,1,NULL,1,NULL,NULL,0,NULL,0,'2015-12-11 12:11:45','35.6313937','139.77945939999995'),(463,'0219','方','興旭','ホウ','コウキョク','','','1','','1984-06-20',NULL,'2014-05-19','','fangxx112@yahoo.co.jp','1230845','東京都足立区西新井本町4-15-C2-401','','',NULL,'08034809736',NULL,'','','','',1,550000,1,13,1,NULL,NULL,0,NULL,0,'2015-12-11 12:11:46','35.7720029','139.77696960000003'),(464,'0218','張','燦','チョウ','セン','','','1','','1982-10-08',NULL,'2014-05-07','zhangcan@e-business.co.jp','cos_pretty@yahoo.co.jp','4650065','名古屋市名東区梅森坂4-101梅森荘3-409','','',NULL,'08030993947',NULL,'','','','',1,493500,1,16,10,NULL,NULL,0,NULL,0,'2015-12-11 12:11:40','35.1407355','137.02134750000005'),(465,'0217','金','承軍','キン','ショウグン','','','1','','1986-03-29',NULL,'2014-05-07','','jinchengjun1986@gmail.com','1230842','東京都足立区栗原二丁目5番6-503号','','',NULL,'07012673032',NULL,'','','','',1,440000,1,14,1,NULL,NULL,0,NULL,0,'2015-12-11 12:12:12','35.7834764','139.78967239999997'),(466,'0216','張','本超','チョウ','ホンチョウ','','','1','','1988-05-16',NULL,'2014-05-07','','zhangbenchao_2007@163.com','1230842','東京都足立区栗原2丁目5-6-503','','',NULL,'08030170728',NULL,'','','','',1,470000,1,14,1,NULL,NULL,0,NULL,0,'2015-12-11 12:11:40','35.7834764','139.78967239999997'),(467,'0215','宋','征兵','ソウ','セイヘイ','','','1','','1979-01-20',NULL,'2014-05-01','','songzb@gmail.com','1230862','東京都足立区皿沼2町目2番16パレステージ舎人公園504号','','',NULL,'08034684579',NULL,'','','','',1,543666,1,14,1,NULL,NULL,0,NULL,0,'2015-12-11 12:11:35','35.7917538','139.76980049999997'),(468,'0214','安','豊平','アン','ホウヘイ','','','1','','1982-11-30',NULL,'2014-05-01','','anfengping1982@gmail.com','2610003','千葉県千葉市美浜区 高浜1-14 ウインズタウン稲毛海岸 4-901室','','',NULL,'08032115958',NULL,'','','','',1,470000,1,13,1,NULL,NULL,0,NULL,0,'2015-12-11 12:11:35','35.6213481','140.07208609999998'),(469,'0213','周','晶','シュウショウ','','','','1','','1981-08-18',NULL,'2014-04-10','','zhouj0818@yahoo.co.jp','5370022','大阪府大阪市東成区中本1丁目1-8ハイツ森ノ宮209号室　','','',NULL,'08067171952',NULL,'','','','',1,470000,1,16,12,NULL,NULL,0,NULL,0,'2015-12-11 12:11:33','34.6827349','135.5403427'),(470,'0212','姚','遠','ヨウ','エン','','','1','','1981-08-25',NULL,'2014-04-09','','youensan@gmail.com','4530016','名古屋市中村区竹橋町36-31則武団地406室','','',NULL,'08091156525',NULL,'','','','',1,540000,1,8,1,NULL,NULL,0,NULL,0,'2015-12-11 12:11:32','35.1687971','136.87287620000006'),(471,'0211','程','偉','テイ','イ',NULL,NULL,'1',NULL,'1980-01-02',NULL,'2014-04-01',NULL,'luqishang@hotmail.com','5540001','大阪市此花区高見1-6-22　602室',NULL,'',NULL,'09098651028',NULL,NULL,NULL,NULL,NULL,0,420000,1,NULL,1,NULL,NULL,0,NULL,0,'2015-12-11 12:12:02','34.6919838','135.46087950000003'),(472,'0210','高','靖','コウ','セイ','','','1','','1978-12-30',NULL,'2014-04-01','','joshgaoj@iCloud.com','1140003','東京都北区豊島五丁目6-11-803','','',NULL,'09085015212',NULL,'','','','',1,520000,1,16,4,NULL,NULL,0,NULL,0,'2015-12-11 12:12:16','35.7657521','139.75518550000004'),(473,'0209','劉','全民','リュウ','ゼンミン','','','1','','1982-10-17',NULL,'2014-04-01','','frankman603@hotmail.com','3510035','埼玉県朝霞市朝志ヶ丘1丁目２番 1-1319室','','',NULL,'08051955188',NULL,'','','','',1,560000,1,14,1,NULL,NULL,0,NULL,0,'2015-12-11 12:11:24','35.8184578','139.58362910000005'),(474,'0208','鞏','威','キョウ','イ','','','1','','1984-08-30',NULL,'2014-04-01','','gongweichinese@hotmail.com','1310043','東京都墨田区立花1-27-5-611号室','','',NULL,'08050966886',NULL,'','','','',1,513333,1,14,1,NULL,NULL,0,NULL,0,'2015-12-11 12:12:14','35.7054554','139.82921609999994'),(475,'0207','楊','小兵','ヨウ','ショウヘイ','','','1','','1983-02-10',NULL,'2014-04-01','','yousyouhei@126.com','1300021','東京都墨田区緑1-20-4プロシード両国303','','',NULL,'08043546428',NULL,'','','','',1,540000,1,16,1,NULL,NULL,0,NULL,0,'2015-12-11 12:11:52','35.6950301','139.79918120000002'),(476,'0206','張','立','チョウ','リツ','','','1','','1984-10-07',NULL,'2014-04-01','zhangli@e-business.co.jp','ceidion1013@live.jp','4530016','愛知県名古屋市中村区竹橋町36-31則武団地621号室','','',NULL,'08042266296',NULL,'','','','',1,540000,1,16,10,NULL,NULL,0,NULL,0,'2015-12-11 12:11:41','35.1687971','136.87287620000006'),(477,'0205','魏','斌','ギ','ヒン',NULL,NULL,'1',NULL,'1982-05-27',NULL,'2014-04-01','weibin@e-business.co.jp','koori2010@163.com','4620863','名古屋市北区尾上町1-2尾上団地1-1320',NULL,'',NULL,'07053306998',NULL,NULL,NULL,NULL,NULL,0,490000,1,NULL,10,NULL,NULL,0,NULL,0,'2015-12-11 12:12:16','35.2018104','136.9258463'),(478,'0204','万','寧','マン','ネイ','','','1','','1982-02-01',NULL,'2014-04-01','wanning@e-business.co.jp','ning57@163.com','4620863','名古屋市北区尾上町1-2尾上団地1-908','','',NULL,'07052546999',NULL,'','','','',1,493500,1,16,10,NULL,NULL,0,NULL,0,'2015-12-11 12:09:47','35.2018104','136.9258463'),(479,'0203','肖','燕','ショウ','エン','','','2','','1982-11-06',NULL,'2014-03-26','','pig-of-flying@hotmail.com','1230865','東京都足立区新田1-8-23レーベンスクエアリハート東京619号室','','',NULL,'08033626823',NULL,'','','','',1,460000,1,8,1,NULL,NULL,0,NULL,0,'2015-12-11 12:12:05','35.7738764','139.738658'),(480,'0202','範','福志','ハン','フクシ','','','1','','1981-09-16',NULL,'2014-03-03','','fanfuzhimail@gmail.com','4620863','愛知県名古屋市北区尾上町1-2尾上団地1-908','','',NULL,'08083315597',NULL,'','','','',1,400000,1,14,1,NULL,NULL,0,NULL,0,'2015-12-11 12:12:03','35.2018104','136.9258463'),(481,'0201','朱','江陵','シュ','コウリョウ','','','1','','1980-11-30',NULL,'2014-03-01','','zhujiangling@e-business.co.jp','1750082','東京都板橋区高島平二丁目26-6-407号','','',NULL,'08066742580',NULL,'','','','',1,685000,1,13,1,NULL,NULL,0,NULL,0,'2015-12-11 12:11:48','35.7837394','139.6628068'),(482,'0200','張','猛','チョウ','モウ','','','1','','1983-06-15',NULL,'2014-03-01','','zhangmengjp@gmail.com','2610004','千葉県千葉市美浜区 高洲 4ー3ー4 303号','','',NULL,'08048658172',NULL,'','','','',1,570000,1,16,1,NULL,NULL,0,NULL,0,'2015-12-11 12:11:41','35.6312709','140.07282859999998'),(483,'0199','韓','軍超','カン','グンチョウ','','','1','','1980-01-17',NULL,'2014-02-17','','junchao_han@126.com','2060041','東京都多摩市愛宕1-1-1愛宕第一503号','','',NULL,'08081631911',NULL,'','','','',1,520000,1,13,1,NULL,NULL,0,NULL,0,'2015-12-11 12:12:15','35.6312056','139.42898820000005'),(485,'0197','張','勝男',NULL,NULL,NULL,NULL,'2',NULL,'1986-12-11',NULL,'2014-02-10','zhangshengnan@e-business.co.jp','zsn_535504993@163.com','1570072','東京都世田谷区祖師谷大蔵2丁目5番35-307号',NULL,'',NULL,'09049666965',NULL,NULL,NULL,NULL,NULL,0,440000,1,NULL,4,NULL,NULL,0,NULL,0,'2015-12-11 12:11:38','35.6443735','139.61654210000006'),(486,'0196','邱','紹為','キュウ','ショウイ','','','1','','1982-03-24',NULL,'2014-02-05','','kyusyoi@gmail.com','3330853','埼玉県川口市芝園町3番４棟739号','','',NULL,'08047927132',NULL,'','','','',1,520000,1,16,1,NULL,NULL,0,NULL,0,'2015-12-11 12:12:10','35.8332568','139.68308149999996'),(487,'0195','潘','偉','ハン','イ','','','1','','1977-04-10',NULL,'2014-02-01','','hannyi_pan@yahoo.co.jp','1940013','東京都町田市原町田6-17-8（クオーレ）501号室　','','',NULL,'08042975330',NULL,'','','','',1,570000,1,16,1,NULL,NULL,0,NULL,0,'2015-12-11 12:11:58','35.5457863','139.44695790000003'),(488,'0194','趙','金江','チョウ','キンコウ',NULL,NULL,'1',NULL,'1986-06-13',NULL,'2014-01-20',NULL,'cf.zhao86@gmail.com','3330853','東京都江東区南砂2-3-6-1001号室',NULL,'',NULL,'08096471017',NULL,NULL,NULL,NULL,NULL,0,0,1,NULL,1,NULL,NULL,0,NULL,0,'2015-12-11 12:12:10','35.6704261','139.82382570000004'),(489,'0193','劉','季','リュウ','キ',NULL,NULL,'1',NULL,'1982-02-16',NULL,'2014-01-06',NULL,'bruss.ji.liu@gmail.com','1340088','東京都江戸川区西葛西3丁目22番地6-916号室',NULL,'',NULL,'08044593588',NULL,NULL,NULL,NULL,NULL,0,0,1,NULL,1,NULL,NULL,0,NULL,0,'2015-12-11 12:11:24','35.6678138','139.86011989999997'),(490,'0192','苗','輝','ナエ','キ','','','2','','1982-02-19',NULL,'2014-01-06','','miaoh5126@163.com','3410003','埼玉県三郷市彦成4-4-14-311','','',NULL,'09091433115',NULL,'','','','',1,520000,1,14,1,NULL,NULL,0,NULL,0,'2015-12-11 12:12:07','35.8543754','139.86364589999994'),(491,'0191','李','文輝','リ','ブンキ',NULL,NULL,'1',NULL,'1980-01-05',NULL,'2013-12-16',NULL,'liwenhui_big@163.com','2702261','千葉県松戸市常盤平2丁目23番地1-5-105',NULL,'',NULL,'08040755795',NULL,NULL,NULL,NULL,NULL,0,570000,1,NULL,1,NULL,NULL,0,NULL,0,'2015-12-11 12:11:48','35.8014457','139.95072860000005'),(492,'0190','田','申','デン','シン','','','1','','1984-01-28',NULL,'2013-12-16','','tacit.sniper@gmail.com','1240006','東京都葛飾区堀切8-3-20 メゾン堀切八丁目401室','','',NULL,'08088739801',NULL,'','','','',1,449166,1,13,1,NULL,NULL,0,NULL,0,'2015-12-11 12:12:02','35.7564935','139.8304554'),(493,'0189','李','万春','リ','マンシュン',NULL,NULL,'1',NULL,'1983-05-08',NULL,'2013-12-09','liwanchun@e-business.co.jp','law1983@126.com','1400000','東京都北区豊島5丁目4番3-718号（豊島五丁目団地第三棟718号）',NULL,'',NULL,'08079435933',NULL,NULL,NULL,NULL,NULL,0,520000,1,NULL,4,NULL,NULL,0,NULL,0,'2015-12-11 12:11:49','35.766582','139.75278990000004'),(494,'0188','王','潮','オウ','チョウ','','','1','','1979-11-30',NULL,'2013-12-04','','ouchoujp@gmail.com','1360072','東京都江東区大島6-1-6-708','','',NULL,'08079645188',NULL,'','','','',1,620000,1,14,1,NULL,NULL,0,NULL,0,'2015-12-11 12:12:00','35.6927008','139.83321390000003'),(495,'0187','藺','陽','リン','ヨウ',NULL,NULL,'2',NULL,'1983-08-12',NULL,'2013-12-04',NULL,'cc1983812@163.com','1360072','東京都江東区大島6-1-6-708',NULL,'',NULL,'08048645188',NULL,NULL,NULL,NULL,NULL,0,400000,1,NULL,1,NULL,NULL,0,NULL,0,'2015-12-11 12:12:07','35.6927008','139.83321390000003'),(496,'0186','劉','衛勇','リュウ','エイユウ','','','1','','1985-07-12',NULL,'2013-12-02','','liuweiyong2008@hotmail.com','2702261','千葉県松戸市常盤平3-24の1公団住宅3-1-404','','',NULL,'09099740788',NULL,'','','','',1,0,1,14,1,NULL,NULL,0,NULL,0,'2015-12-11 12:11:24','35.8009521','139.95253049999997'),(497,'0185','王','静','オウ','セイ','','','2','','1979-12-18',NULL,'2013-12-02','','wangjing.ohsei@gmail.com','1340088','東京都江戸川区西葛西8-15-5-1008','','',NULL,'09065216389',NULL,'','','','',1,595000,1,13,1,NULL,NULL,0,NULL,0,'2015-12-11 12:12:00','35.655188','139.86196589999997'),(498,'0184','徐','国旗','ジョ','コッキ',NULL,NULL,'1',NULL,'1979-07-20',NULL,'2013-12-02',NULL,'xuguoqi00@gmail.com','1370072','東京都江東区大島3丁目8番7-102',NULL,'',NULL,'08039671953',NULL,NULL,NULL,NULL,NULL,0,0,1,NULL,1,NULL,NULL,0,NULL,0,'2015-12-11 12:11:43','35.6926124','139.8278087'),(499,'0183','曹','徳芳','ソウ','トクホウ','','','1','','1974-12-16',NULL,'2013-12-02','','caodefang888@gmail.com','2610004','千葉県千葉市美浜区高洲3-7-1-902','','',NULL,'08034863117',NULL,'','','','',1,723333,1,14,5,NULL,NULL,0,NULL,0,'2015-12-11 12:11:46','35.6279897','140.07029'),(500,'0182','陸','小英','リク','ショウエイ','','','2','','1984-07-19',NULL,'2013-12-02','','emliy_lu@163.com','1440051','東京都大田区西蒲田1-14-8プレミアムコート西蒲田','','',NULL,'08033143585',NULL,'','','','',1,400000,1,14,1,NULL,NULL,0,NULL,0,'2015-12-11 12:12:14','35.5712032','139.71505260000004'),(501,'0181','孫','建偉','ソン','ケンイ',NULL,NULL,'1',NULL,'1982-11-21',NULL,'2013-12-01',NULL,'kenny.sun@live.com','2700005','千葉県松戸市大谷口338-2レオパレスチェリーハウス305号',NULL,'',NULL,'09018184758',NULL,NULL,NULL,NULL,NULL,0,0,1,NULL,1,NULL,NULL,0,NULL,0,'2015-12-11 12:11:35','35.8335742','139.9230149'),(502,'0180','申屠','瑛娜','シント','エイナ','','','2','','1985-05-28',NULL,'2013-12-01','','shentuyingna@hotmail.com','4530835','名古屋市 中村区上石川町1丁目64番地 コーポみどり301号','','',NULL,'08047331828',NULL,'','','','',1,610000,1,17,1,NULL,NULL,0,NULL,0,'2015-12-11 12:12:02','35.1639495','136.85376559999997'),(503,'0179','楊','小艷','ヨウ','ショウエン',NULL,NULL,'2',NULL,'1984-02-04',NULL,'2013-11-01',NULL,'yatou204@gmail.com','4928094','愛知県稲沢市下津北山一丁目3番地プレミアムフォート稲沢408室',NULL,'',NULL,'08066589287',NULL,NULL,NULL,NULL,NULL,0,0,1,NULL,1,NULL,NULL,0,NULL,0,'2015-12-11 12:11:52','35.2571229','136.82081900000003'),(504,'0178','楊','暁雷','ヨウ','ギョウライ','','','1','','1980-04-04',NULL,'2013-10-15','yangxiaolei@e-business.co.jp','minicrab1@qq.com','4620863','名古屋市北区尾上町1-2尾上団地4棟705','','',NULL,'08049634296',NULL,'','','','',1,590000,1,16,10,NULL,NULL,0,NULL,0,'2015-12-11 12:11:55','35.2018104','136.9258463'),(505,'0177','謝','崇照','シヤ','タカテル',NULL,NULL,'1',NULL,'1981-10-29',NULL,'2013-10-01',NULL,'taoxcb@hotmail.com','1210816','東京都足立区梅島2-3-9岩立ハイツ304',NULL,'',NULL,'09099788521',NULL,NULL,NULL,NULL,NULL,0,485000,1,NULL,1,NULL,NULL,0,NULL,0,'2015-12-11 12:12:07','35.7765744','139.80271749999997'),(506,'0176','管','傑','カン','ケツ','','','1','','1984-02-06',NULL,'2013-10-01','','taikokugj@gmail.com','1360072','東京都江東区大島4丁目1番6-325号','','',NULL,'09099600622',NULL,'','','','',1,511000,1,13,1,NULL,NULL,0,NULL,0,'2015-12-11 12:12:02','35.6865549','139.83030009999993'),(507,'0175','陳','静','チン','セイ',NULL,NULL,'2',NULL,'1981-06-26',NULL,'2013-10-01',NULL,'telutelubou@yahoo.co.jp','2300002','神奈川県横浜市鶴見区江ヶ崎町16－17　933号',NULL,'',NULL,'09060130815',NULL,NULL,NULL,NULL,NULL,0,530000,1,NULL,1,NULL,NULL,0,NULL,0,'2015-12-11 12:12:15','35.5372053','139.6753311'),(508,'0174','南','雲霏','ミナミ','ウンヒ',NULL,NULL,'1',NULL,'1982-06-29',NULL,'2013-10-01','nanyunfei@e-business.co.jp','minami820629@gmail.com','2710072','千葉県松戸市竹ヶ花181第10泉マンション101',NULL,'',NULL,'08097081926',NULL,NULL,NULL,NULL,NULL,0,0,1,NULL,13,NULL,NULL,0,NULL,0,'2015-12-11 12:11:24','35.7919643','139.908002'),(509,'0173','胡','鵬','コ','ホウ',NULL,NULL,'2',NULL,'1985-10-26',NULL,'2013-10-01',NULL,'phu1026@gmail.com','1320034','東京都江戸川区小松川1-2-1-1012',NULL,'',NULL,'08047256869',NULL,NULL,NULL,NULL,NULL,0,473316,1,NULL,1,NULL,NULL,0,NULL,0,'2015-12-11 12:12:05','35.68855509999999','139.84860789999993'),(510,'0172','苗','競','ミョウ','キョウ','','','1','','1985-05-07',NULL,'2013-09-17','','miao8557@yahoo.co.jp','2540041','神奈川県平塚市浅間町2番20-1007号藤和平塚コープ','','',NULL,'08043378557',NULL,'','','','',1,520000,1,14,1,NULL,NULL,0,NULL,0,'2015-12-11 12:12:07','35.3331752','139.34750910000002'),(511,'0171','張','雲','チョウ','ウン',NULL,NULL,'1',NULL,'1981-07-15',NULL,'2013-09-02',NULL,'zhangyun11356@gmail.com','1360072','東京都江東区大島七丁目28-1-1424',NULL,'',NULL,'09066595898',NULL,NULL,NULL,NULL,NULL,0,0,1,NULL,1,NULL,NULL,0,NULL,0,'2015-12-11 12:11:43','35.6934183','139.84026589999996'),(512,'0170','李','政材','リ','セイザイ','','','1','','1984-07-21',NULL,'2013-09-02','','lizhengcai2004@icloud.com','1360072','東京都江東区大島６丁目１番1-511号室','','',NULL,'08049465989',NULL,'','','','',1,624166,1,14,5,NULL,NULL,0,NULL,0,'2015-12-11 12:11:49','35.68979350000001','139.83376090000002'),(513,'0169','張','謙愷','チョウ','ケンカイ','','','1','','1983-05-07',NULL,'2013-09-02','','zhangqiankai57@gmail.com','3380002','埼玉県さいたま市中央区下落合1006ｱｰﾊﾞﾝﾊｲﾂ与野1-308','','',NULL,'08044765758',NULL,'','','','',1,520000,1,16,1,NULL,NULL,0,NULL,0,'2015-12-11 12:11:43','35.8864756','139.6360039'),(514,'0168','廖','宜春','リョウ','ギシュン',NULL,NULL,'1',NULL,'1980-01-01',NULL,'2013-09-02',NULL,'liaoyichun@gmail.com','3510035','埼玉県朝霞市朝志ヶ丘1-2朝霞浜崎団地1-715',NULL,'',NULL,'08033589759',NULL,NULL,NULL,NULL,NULL,0,473666,1,NULL,1,NULL,NULL,0,NULL,0,'2015-12-11 12:11:37','35.8184578','139.58362910000005'),(515,'0167','張','孟超','チョウ','モウチョウ','','','1','','1985-08-08',NULL,'2013-09-01','','emonchao@gmail.com','1240013','東京都葛飾区東立石4-1-1-303号','','',NULL,'08041061985',NULL,'','','','',1,400000,1,13,1,NULL,NULL,0,NULL,0,'2015-12-11 12:11:37','35.7315039','139.85150720000001'),(516,'0166','山中','美香','ヤマナカ','ミカ',NULL,NULL,'2',NULL,'1986-05-05',NULL,'2013-08-01',NULL,'mika@kansea.com','1310042','東京都墨田区東墨田2-23-11',NULL,'',NULL,'07013110505',NULL,NULL,NULL,NULL,NULL,0,0,1,NULL,1,NULL,NULL,0,NULL,0,'2015-12-11 12:11:35','35.7232905','139.833299'),(517,'0165','房','宇哲','ボウ','ノキテツ','','','1','','1980-11-20',NULL,'2013-07-01','','yuzhef@163.com','3510035','埼玉県朝霞市朝志ケ丘一丁目二番1号棟1233室','','',NULL,'08091979776',NULL,'','','','',1,470000,1,13,1,NULL,NULL,0,NULL,0,'2015-12-11 12:11:46','35.8191022','139.58365019999997'),(518,'0164','章','麗娟','ショウ','レイケン','','','2','','1988-05-14',NULL,'2013-06-24','','331412314@qq.com','2720021','千葉県市川市八幡1丁目20番4-401号サリシャン市川','','',NULL,'08039136669',NULL,'','','','',1,420000,1,13,1,NULL,NULL,0,NULL,0,'2015-12-11 12:12:03','35.7194618','139.93232480000006'),(519,'0163','熊','澳','ユウ','オウ','','','1','','1986-07-21',NULL,'2013-06-03','','aooxiong@gmail.com','2730013','千葉県船橋市若松2-6-1-510室','','',NULL,'08035554299',NULL,'','','','',1,490000,1,16,4,NULL,NULL,0,NULL,0,'2015-12-11 12:11:58','35.6795902','139.99298450000003'),(520,'0162','樊','麗','ハン','レイ',NULL,NULL,'2',NULL,'1981-06-27',NULL,'2013-06-03',NULL,'fanli0627@hotmail.com','3330853','埼玉県川口市芝園町3-1-628',NULL,'',NULL,'08034040556',NULL,NULL,NULL,NULL,NULL,0,270000,1,NULL,1,NULL,NULL,0,NULL,0,'2015-12-11 12:11:55','35.8319824','139.68551409999998'),(521,'0161','太','文哲','タイ','ブンテツ',NULL,NULL,'1',NULL,'1971-02-17',NULL,'2013-06-01',NULL,'mcs_tjcfkj1229@yahoo.co.jp','1330052','東京都江戸川区東小岩3-16-1フレグランス小岩201号',NULL,'',NULL,'09060070638',NULL,NULL,NULL,NULL,NULL,0,0,1,NULL,1,NULL,NULL,0,NULL,0,'2015-12-11 12:11:32','35.73088','139.89287279999996'),(522,'0160','彭','生志','ホウ','ショウシ','','','1','','1983-04-22',NULL,'2013-06-01','','sirato345@gmail.com','2120013',' 神奈川県川崎市幸区堀川町66-13かわさきテクノピア堀川町ハイツ910号室','','',NULL,'09039023366',NULL,'','','','',1,550000,1,13,1,NULL,NULL,0,NULL,0,'2015-12-11 12:11:44','35.5355716','139.70069039999998'),(523,'0159','邢','偉','ケイ','イ','','','1','','1980-11-29',NULL,'2013-05-01','','wei.xing.crm@gmail.com','3330853','埼玉県川口市芝園町3-1-1327','','',NULL,'09091575837',NULL,'','','','',1,560000,1,14,5,NULL,NULL,0,NULL,0,'2015-12-11 12:12:09','35.8319824','139.68551409999998'),(524,'0158','劉','斌','リュウ','ヒン','','','1','','1985-04-06',NULL,'2013-05-01','','liubin_198546@163.com','2702216','千葉県松戸市常盤平7丁目3番地常盤平団地2-18-305','','',NULL,'08037597758',NULL,'','','','',1,510000,1,8,1,NULL,NULL,0,NULL,0,'2015-12-11 12:11:24','35.79818970000001','139.95273150000003'),(525,'0157','池','将権','イケ','ショウケン','','','1','','1983-01-06',NULL,'2013-05-01','','chijiangquan@hotmail.com','2760027','千葉県八千代市村上1113-1村上団地1-31-906','','',NULL,'08032768881',NULL,'','','','',1,440000,1,13,1,NULL,NULL,0,NULL,0,'2015-12-11 12:11:55','35.7309685','140.12149679999993'),(526,'0156','李','勇君','リ','ユウクン',NULL,NULL,'1',NULL,'1981-10-07',NULL,'2013-05-01',NULL,'riyukun@gmail.com','2470007','横浜市栄区小菅ケ谷1-4-3-1214',NULL,'',NULL,'08036933400',NULL,NULL,NULL,NULL,NULL,0,0,1,NULL,1,NULL,NULL,0,NULL,0,'2015-12-11 12:11:48','35.3663168','139.54987900000003'),(527,'0155','徐','智亮','ジョ','チリョウ','','','1','','1984-04-11',NULL,'2013-04-01','','lovesccc@gmail.com','2300051','神奈川県横浜市鶴見区鶴見中央2-10-1-502','','',NULL,'09066559942',NULL,'','','','',1,440000,1,14,1,NULL,NULL,0,NULL,0,'2015-12-11 12:11:43','35.5121802','139.67863520000003'),(528,'0154','劉','徳欣','リュウ','トクキン','','','1','','1981-03-18',NULL,'2013-04-01','','liudexin31@gmail.com','2730026','千葉県船橋市山野町177-5-607','','',NULL,'08035331803',NULL,'','','','',1,500000,1,13,1,NULL,NULL,0,NULL,0,'2015-12-11 12:11:23','35.70398300000001','139.96607429999995'),(529,'0153','孫','恒','ソン','コウ','','','1','','1984-01-05',NULL,'2013-03-21','','sunheng19840105@gmail.com','1230865','東京都足立区新田ー丁目8番23-619','','',NULL,'09098356823',NULL,'','','','',1,606666,1,16,1,NULL,NULL,0,NULL,0,'2015-12-11 12:11:35','35.7703776','139.74423990000003'),(530,'0152','崔','海龍','サイ','カイリュウ','','','1','','1981-06-16',NULL,'2013-03-01','','cuiminjp428@gmail.com','3330853','埼玉県川口市芝園町3-1-1426','','',NULL,'09035277846',NULL,'','','','',1,535500,1,13,1,NULL,NULL,0,NULL,0,'2015-12-11 12:11:38','35.8319824','139.68551409999998'),(531,'0151','趙','賀','チョウ','カ','','','1','','1983-05-05',NULL,'2013-03-01','','tokyomhz@yahoo.co.jp','1210813','東京都足立区竹ノ塚6-4-5-402室','','',NULL,'08041125505',NULL,'','','','',1,440000,1,16,1,NULL,NULL,0,NULL,0,'2015-12-11 12:12:10','35.7943122','139.79245430000003'),(533,'0149','施','揚智','セヨウチ','','','','1','','1980-07-13',NULL,'2013-02-01','','shiyangzhi@gmail.com','2702261','千葉県松戸市常盤平4丁目16番地E-6-208','','',NULL,'08020899399',NULL,'','','','',1,522666,1,13,1,NULL,NULL,0,NULL,0,'2015-12-11 12:11:46','35.7983665','139.96171019999997'),(534,'0148','史','佳霖','シ','カリン','','','1','','1983-12-14',NULL,'2013-01-15','','dreamgpx@gmail.com','2760046','千葉県八千代市大和田新田15高津団地7-4-308','','',NULL,'08032491412',NULL,'','','','',1,670833,1,16,1,NULL,NULL,0,NULL,0,'2015-12-11 12:11:24','35.720136','140.07425360000002'),(535,'0147','姚','慶','ヨウ','ケイ','','','1','','1983-10-02',NULL,'2013-01-08','','yaoqing_1983@163.com','1240014','東京都葛飾区東四つ木2-8-12東四つ木2丁目団地1105号室','','',NULL,'08048023568',NULL,'','','','',1,523833,1,16,1,NULL,NULL,0,NULL,0,'2015-12-11 12:11:33','35.7282906','139.84620859999995'),(536,'0146','張','群竹','チョウ','グンチク',NULL,NULL,'2',NULL,'1981-02-01',NULL,'2013-01-07',NULL,'zhqunzhu@yahoo.co.jp','3330853','埼玉県川口市芝園町3番4ー822号芝園団地',NULL,'',NULL,'09091388212',NULL,NULL,NULL,NULL,NULL,0,450000,1,NULL,1,NULL,NULL,0,NULL,0,'2015-12-11 12:11:44','35.8332568','139.68308149999996'),(537,'0145','楊','恒亮','ヨウ','コウリョウ',NULL,NULL,'1',NULL,'1985-03-14',NULL,'2012-12-03',NULL,'friendly-yang@hotmail.com','2730013','千葉県船橋市若松2-5-5-306',NULL,'',NULL,'08031147989',NULL,NULL,NULL,NULL,NULL,0,0,1,NULL,1,NULL,NULL,0,NULL,0,'2015-12-11 12:11:55','35.6804806','139.99544979999996'),(538,'0144','時','洋','ジ','ヨウ','','','1','','1978-11-01',NULL,'2012-12-03','','hunshui1119@gmail.com','2730126','千葉県鎌ヶ谷市北初富8-11プライムガーデン203','','',NULL,'09084875532',NULL,'','','','',1,520000,1,16,4,NULL,NULL,0,NULL,0,'2015-12-11 12:11:45','35.7781952','139.99033889999998'),(539,'0143','王','洋','オウ','ヨウ',NULL,NULL,'1',NULL,'1984-03-16',NULL,'2012-12-01',NULL,'wangyang325@hotmail.com','4530835','愛知県名古屋市中村区上石川町一丁目64番コーポみどり301室',NULL,'',NULL,'09017331828',NULL,NULL,NULL,NULL,NULL,0,580000,1,NULL,1,NULL,NULL,0,NULL,0,'2015-12-11 12:12:01','35.1639495','136.85376559999997'),(540,'0142','林','然然','リン','ネンネン','','','2','','1983-11-27',NULL,'2012-12-01','','linranran27@hotmail.com','1820021','東京都調布市調布ヶ丘3丁目39番地11　調布ヶ丘ﾊﾟｰｸ・ﾎｰﾑｽﾞ906','','',NULL,'08037585868',NULL,'','','','',1,427500,1,16,1,NULL,NULL,0,NULL,0,'2015-12-11 12:11:52','35.659728','139.54737239999997'),(541,'0141','楊','遠','ヨウ','エン',NULL,NULL,'1',NULL,'1987-02-18',NULL,'2012-11-19',NULL,'jassmetx@yahoo.co.jp','2730003','千葉県船橋市宮本1-22-10ｵﾈｽﾃｨ船橋5番館305',NULL,'',NULL,'08046202180',NULL,NULL,NULL,NULL,NULL,0,370000,1,NULL,1,NULL,NULL,0,NULL,0,'2015-12-11 12:11:55','35.6971476','139.99122069999999'),(542,'0140','胡','旭','コ','キョク',NULL,NULL,'2',NULL,'1982-08-28',NULL,'2012-11-01',NULL,'losein2009@yahoo.co.jp','2710053','千葉県松戸市中根115-6プロムナード北松戸5-702',NULL,'',NULL,'08041838565',NULL,NULL,NULL,NULL,NULL,0,450000,1,NULL,1,NULL,NULL,0,NULL,0,'2015-12-11 12:12:05','35.80636000000001','139.91512769999997'),(543,'0139','焦','小軍','ショウ','ショウグン','','','1','','1978-08-29',NULL,'2012-10-15','','xiaojunjiao@gmail.com','2210864','神奈川県横浜市神奈川区菅田町488西菅田3-5-303','','',NULL,'09098547829',NULL,'','','','',1,490000,1,14,1,NULL,NULL,0,NULL,0,'2015-12-11 12:11:58','35.4976861','139.57467229999997'),(544,'0138','範','立祥','ハン','リツショウ',NULL,NULL,'1',NULL,'1979-12-25',NULL,'2012-10-01',NULL,'fanlx2006@yahoo.co.jp','2750026','千葉県習志野市谷津2-20-7アーバンビラ谷津203',NULL,'',NULL,'09064792983',NULL,NULL,NULL,NULL,NULL,0,0,1,NULL,1,NULL,NULL,0,NULL,0,'2015-12-11 12:12:03','35.6816713','140.01092570000003'),(545,'0137','楊','萌','ヨウ','モウ','','','1','','1981-11-02',NULL,'2012-10-01','','yangmeng.jp@gmail.com','1230852','東京都足立区関原3-29-4-307','','',NULL,'08042998260',NULL,'','','','',1,554166,1,14,5,NULL,NULL,0,NULL,0,'2015-12-11 12:11:54','35.771676','139.7879415'),(546,'0136','李','秀棟','リ','シュウトウ',NULL,NULL,'1',NULL,'1980-11-20',NULL,'2012-09-11',NULL,'kiben2010@yahoo.co.jp','1200034','東京都足立区千住緑町3-13-15サングランデ千住大橋803',NULL,'',NULL,'08042980088',NULL,NULL,NULL,NULL,NULL,0,485000,1,NULL,1,NULL,NULL,0,NULL,0,'2015-12-11 12:11:52','35.7471651','139.79202039999996'),(547,'0135','馬','野','マ','ヤ','','','1','','1985-12-21',NULL,'2012-09-03','','imayevv@gmail.com','2702261','千葉県松戸市常盤平三丁目３０－２　１０１３号','','',NULL,'09099739696',NULL,'','','','',1,0,1,13,1,NULL,NULL,0,NULL,0,'2015-12-11 12:12:14','35.7987978','139.95295179999994'),(548,'0134','王','志方','オウ','シホウ',NULL,NULL,'1',NULL,'1985-10-28',NULL,'2012-09-03',NULL,'wangzhifanglook@gmail.com','2701347','千葉県松戸市根本８番地の15高木ビル405号',NULL,'',NULL,'08036928510',NULL,NULL,NULL,NULL,NULL,0,0,1,NULL,1,NULL,NULL,0,NULL,0,'2015-12-11 12:12:01','35.7868964','139.89898500000004'),(549,'0133','文','彬彬','ブン','ヒンヒン','','','1','','1981-07-28',NULL,'2012-09-01','','wbb_ren@hotmail.com','2702261','千葉県松戸市常盤平3-24-1常盤平団地3-1-403','','',NULL,'09083064257',NULL,'','','','',1,529000,1,16,1,NULL,NULL,0,NULL,0,'2015-12-11 12:11:46','35.7995267','139.94888590000005'),(550,'0132','趙','紅','チョウ','コウ',NULL,NULL,'2',NULL,'1980-03-12',NULL,'2012-09-01',NULL,'melody.zh.cn@gmail.com','1150045','東京都北区赤羽南1-16-1-508',NULL,'',NULL,'08041308122',NULL,NULL,NULL,NULL,NULL,0,522666,1,NULL,1,NULL,NULL,0,NULL,0,'2015-12-11 12:12:10','35.776811','139.72536760000003'),(551,'0131','張','宏傑','チョウ','コウケツ',NULL,NULL,'1',NULL,'1978-01-03',NULL,'2012-09-01',NULL,'zhanghj@gmail.com','3320021','埼玉県川口市西川口3-15-20北町ハイツ803',NULL,'',NULL,'08035191010',NULL,NULL,NULL,NULL,NULL,0,0,1,NULL,1,NULL,NULL,0,NULL,0,'2015-12-11 12:11:38','35.8137822','139.70400129999996'),(552,'0130','山中','光','ヤマナカ','ヒカル',NULL,NULL,'1',NULL,'1985-06-20',NULL,'2012-09-01','','admin@kansea.com','1310042','東京都墨田区東墨田2-23-11',NULL,'',NULL,'07013111666',NULL,NULL,NULL,NULL,NULL,0,513333,1,NULL,1,NULL,NULL,0,NULL,0,'2015-12-11 12:11:35','35.7232905','139.833299'),(553,'0129','羅','珍','ラ','チン','','','2','','1982-03-04',NULL,'2012-08-01','','ratinn314@gmail.com','1230852','東京都足立区西新井3-29-4-307','','',NULL,'08047228260',NULL,'','','','',1,484166,1,14,1,NULL,NULL,0,NULL,0,'2015-12-11 12:12:05','35.7870572','139.78276099999994'),(554,'0128','馮','暁波','ヒョウ','ギョウハ','','','2','','1982-11-25',NULL,'2012-07-17','','bobo_fxb@hotmail.com','1440045','東京都大田区南六郷2-22-1-1104','','',NULL,'08048558880',NULL,'','','','',1,574000,1,14,5,NULL,NULL,0,NULL,0,'2015-12-11 12:12:16','35.5458335','139.71934199999998'),(555,'0127','王','嘉','オウ','カ','','','1','','1982-07-15',NULL,'2012-07-02','','jiasir_715@hotmail.com','2720001','千葉県市川市二俣1-4-5-402','','',NULL,'08054922265',NULL,'','','','',1,512166,1,16,1,NULL,NULL,0,NULL,0,'2015-12-11 12:12:00','35.7070636','139.94862820000003'),(557,'0125','楊','蕊','ヨウ','ズイ','','','2','','1982-07-08',NULL,'2012-06-04','','littleneng@gmail.com','1340091','東京都江戸川区船堀3丁目16-5-804','','',NULL,'08066038482',NULL,'','','','',1,520000,1,16,1,NULL,NULL,0,NULL,0,'2015-12-11 12:11:55','35.6815884','139.86634589999994'),(558,'0124','翟','鴻志','ジェ','コウシ','','','1','','1980-11-20',NULL,'2012-06-01','','carl.j@msn.com','1210012','東京都足立区青井5-5-7-403','','',NULL,'08044738611',NULL,'','','','',1,570000,1,13,1,NULL,NULL,0,NULL,0,'2015-12-11 12:12:05','35.7783398','139.81584539999994'),(559,'0123','馬','婷婷','マ','テイテイ',NULL,NULL,'2',NULL,'1981-12-28',NULL,'2012-06-01',NULL,'ｔ_0051＠hotmail.co.jp','1160013','東京都荒川区西日暮里2-53-2-901',NULL,'',NULL,'08043800368',NULL,NULL,NULL,NULL,NULL,0,0,1,NULL,1,NULL,NULL,0,NULL,0,'2015-12-11 12:12:14','35.7304603','139.76979830000005'),(560,'0122','叶','海涛','カノウ','カイトウ','','','1','','1986-08-26',NULL,'2012-06-01','','kaito.kano@gmail.com','1700011','東京都豊島区池袋本町1-15-2コンチネンタルハイム池袋104','','',NULL,'08036940826',NULL,'','','','',1,520000,1,14,1,NULL,NULL,0,NULL,0,'2015-12-11 12:11:32','35.7387136','139.71368529999995'),(561,'0121','王','寧寧','オウ','ニンニン','','','1','','1983-07-13',NULL,'2012-06-01','','wnn3840@gmail.com','1330056','東京都江戸川区南小岩6-11-5三愛ビル101号室','','',NULL,'08035589964',NULL,'','','','',1,530833,1,16,1,NULL,NULL,0,NULL,0,'2015-12-11 12:12:00','35.7279781','139.87850760000003'),(562,'0120','薛','福魁','セツ','フクカイ','','','1','','1980-11-17',NULL,'2012-05-14','','xuetxqs0613@hotmail.com','2702261','千葉県松戸市常盤平2丁目25番地常盤平団地1-39-302','','',NULL,'08035464290',NULL,'','','','',1,480000,1,13,1,NULL,NULL,0,NULL,0,'2015-12-11 12:12:07','35.7995267','139.94888590000005'),(563,'0119','陳','暁鳴','チン','ギョウメイ',NULL,NULL,'1',NULL,'1981-02-28',NULL,'2012-04-13',NULL,'sammychan1981@gmail.com','2100011','川崎市川崎区富士見1丁目2番地1-431号室ラ・ヴｨ―タシティ',NULL,'',NULL,'08032558456',NULL,NULL,NULL,NULL,NULL,0,525000,1,NULL,1,NULL,NULL,0,NULL,0,'2015-12-11 12:12:13','35.5303971','139.70753190000005'),(564,'0118','孫','天龍','ソン','テンリュウ','','','1','','1980-10-21',NULL,'2012-04-02','','asoldier00@gmail.com','3510105','埼玉県和光市西大和団地5番4号棟304号室','','',NULL,'07064634651',NULL,'','','','',1,570000,1,16,1,NULL,NULL,0,NULL,0,'2015-12-11 12:11:35','35.7808025','139.60808199999997'),(565,'0117','紀','興民','キ','キョウミン','','','1','','1983-09-30',NULL,'2012-04-01','','jxm930@gmail.com','2702261','千葉県松戸市常盤平2-23常盤平団地1-3-402','','',NULL,'09083483123',NULL,'','','','',1,620000,1,8,1,NULL,NULL,0,NULL,0,'2015-12-11 12:12:05','35.8001079','139.9476442'),(566,'0116','張','学哲','チョウ','ガクテツ','','','1','','1980-12-29',NULL,'2012-04-01','','youreyou8124@gmail.com','2702261','千葉県松戸市常盤平3-30-2中央市街地813号','','',NULL,'08043654937',NULL,'','','','',1,615000,1,14,1,NULL,NULL,0,NULL,0,'2015-12-11 12:11:38','35.7987978','139.95295179999994'),(567,'0115','黄','陽奕','コウ','ヨウエキ',NULL,NULL,'2',NULL,'1982-05-19',NULL,'2012-03-01',NULL,'kouyoueki@gmail.com','1240023','東京都葛飾区東新小岩6-21-1-212',NULL,'',NULL,'09085126498',NULL,NULL,NULL,NULL,NULL,0,0,1,NULL,1,NULL,NULL,0,NULL,0,'2015-12-11 12:12:16','35.7242685','139.85866850000002'),(568,'0114','呉','友清','ゴ','ユウセイ','','','1','','1978-07-18',NULL,'2012-03-01','','jsjh2001@gmail.com','1230865','東京都足立区新田1-17-7-809号','','',NULL,'08056710086',NULL,'','','','',1,620000,1,13,1,NULL,NULL,0,NULL,0,'2015-12-11 12:11:32','35.7751628','139.73918750000007'),(569,'0113','劉','明','リュウ','メイ',NULL,NULL,'2',NULL,'1986-02-27',NULL,'2012-03-01',NULL,'mei_ryuu@yahoo.co.jp','2110016','神奈川県川崎市中原区市ノ坪581-1 市ノ坪住宅　616号室',NULL,'',NULL,'08041856969',NULL,NULL,NULL,NULL,NULL,0,455000,1,NULL,1,NULL,NULL,0,NULL,0,'2015-12-11 12:11:24','35.5621694','139.66773030000002'),(570,'0112','楊','旭峰','ヨウ','キョクホウ','','','1','','1984-08-28',NULL,'2012-03-01','','yangxufeng828@hotmail.com','1750082','東京都板橋区高島平2-2-5-402','','',NULL,'08030042866',NULL,'','','','',1,571666,1,14,5,NULL,NULL,0,NULL,0,'2015-12-11 12:11:55','35.7820365','139.664222'),(571,'0111','朱','佳琪','シュ','カキ','','','1','','1984-12-25',NULL,'2012-02-01','zhujiaqi@e-business.co.jp','jarid861@gmail.com','3320021','埼玉県川口市西川口4-19-37-904号イニシア川口グランリュクス','','',NULL,'09065388025',NULL,'','','','',1,570000,1,16,4,NULL,NULL,0,NULL,0,'2015-12-11 12:11:46','35.8084612','139.7104842'),(572,'0110','項','巍','コウ','ギ','','','1','','1980-08-26',NULL,'2012-02-01','xiangwei@e-business.co.jp','roberty1980@hotmail.com','2710053','千葉県松戸市中根115-6-4-205','','',NULL,'08035594916',NULL,'','','','',1,571666,1,14,4,NULL,NULL,0,NULL,0,'2015-12-11 12:12:14','35.8063635','139.91514670000004'),(573,'0109','張','勇','チョウ','ユウ',NULL,NULL,'1',NULL,'1981-10-29',NULL,'2012-02-01','zhangyong@e-business.co.jp','zhangnetall@yahoo.co.jp','4620863','名古屋市北区尾上町１－２　尾上団地6号棟５０２号室',NULL,'',NULL,'08032456886',NULL,NULL,NULL,NULL,NULL,0,580000,1,NULL,10,NULL,NULL,0,NULL,0,'2015-12-11 12:11:37','35.2018104','136.9258463'),(574,'0108','張','磊','チョウ','ライ','','','1','','1983-08-10',NULL,'2012-02-01','','lei.zhang810@gmail.com','3400053','埼玉県草加市旭町1-4-21渡辺マンション1-205','','',NULL,'08033842088',NULL,'','','','',1,606666,1,8,1,NULL,NULL,0,NULL,0,'2015-12-11 12:11:40','35.8522267','139.80093940000006'),(575,'0107','陳','立','チン','リツ','','','1','','1984-01-23',NULL,'2012-01-18','','martincoo0123@gmail.com','3330853','埼玉県川口市芝園町‘3-3-508','','',NULL,'08035146378',NULL,'','','','',1,466666,1,14,5,NULL,NULL,0,NULL,0,'2015-12-11 12:12:14','35.8308898','139.6867105'),(576,'0106','陳','明姝','チン','メイシュ','','','2','','1980-04-09',NULL,'2012-01-10','chenmingshu@e-business.co.jp','chenmingshu_jp@yahoo.co.jp','1130034','東京都文京区湯島2-24-2-1001室','','',NULL,'08044129809',NULL,'','','','',1,495833,1,14,5,NULL,NULL,0,NULL,0,'2015-12-11 12:12:12','35.7057851','139.76733560000002'),(577,'0105','陳','利紅','チン','リコウ',NULL,NULL,'2',NULL,'1980-05-07',NULL,'2011-11-21','chenlihong@e-business.co.jp','clhong983@hotmail.com','1010032','東京都千代田区岩本町1-3-5-603',NULL,'',NULL,'08034975976',NULL,NULL,NULL,NULL,NULL,0,492333,1,NULL,1,NULL,NULL,0,NULL,0,'2015-12-11 12:12:12','35.6918453','139.77564670000004'),(578,'0104','張','紅霞','チョウ','コウカ','','','2','','1981-04-01',NULL,'2011-11-11','zhanghongxia@e-business.co.jp','zhanghongxia1981@gmail.com','2350023','神奈川県横浜市磯子区森1-14-6磯子センチュリーマンション504','','',NULL,'08036001763',NULL,'','','','',1,550000,1,16,1,NULL,NULL,0,NULL,0,'2015-12-11 12:11:44','35.3976902','139.61468990000003'),(579,'0103','王','剛','オウ','ゴウ','','','1','','1978-09-26',NULL,'2011-10-06','wanggang@e-business.co.jp','ccwg0926@yahoo.co.jp','2700034','千葉県松戸市新松戸5-178　A-503','','',NULL,'08043289026',NULL,'','','','',1,540000,1,14,5,NULL,NULL,0,NULL,0,'2015-12-11 12:11:58','35.828908','139.90819669999996'),(580,'0102','徐','志強','ジョ','シキョウ',NULL,NULL,'1',NULL,'1981-06-21',NULL,'2011-10-01',NULL,'advanceqiang1981@gmail.com','2400003','神奈川県横浜市保土ヶ谷区天王町2-42-2天王町団地1-505',NULL,'',NULL,'08043586566',NULL,NULL,NULL,NULL,NULL,0,0,1,NULL,1,NULL,NULL,0,NULL,0,'2015-12-11 12:11:44','35.4554687','139.6011486'),(581,'0101','牛','亜群','ギュウ','アグン','','','2','','1984-03-28',NULL,'2011-10-01','niuyaqun@e-business.co.jp','nyq_japan@yahoo.co.jp','2701349','千葉県印西市戸神台1-17-310','','',NULL,'08040007584',NULL,'','','','',1,500000,1,16,1,NULL,NULL,0,NULL,0,'2015-12-11 12:11:57','35.7959253','140.11674270000003'),(582,'0100','韓','建武','カン','ケンム','','','1','','1984-09-26',NULL,'2011-09-01','hanjianwu@e-business.co.jp','galvin_han@yahoo.co.jp','1140004','東京都北区堀船2-27-1号1305室','','',NULL,'09084552183',NULL,'','','','',1,545000,1,16,4,NULL,NULL,0,NULL,0,'2015-12-11 12:12:14','35.7564929','139.7465793'),(583,'0099','李','偉','リ','イ','','','1','','1983-04-02',NULL,'2011-09-01','liwei@e-business.co.jp','rii0402@yahoo.co.jp','2710051','千葉県松戸市馬橋1890-8マンション松戸ユーカリ804室','','',NULL,'08054927188',NULL,'','','','',1,540000,1,16,1,NULL,NULL,0,NULL,0,'2015-12-11 12:11:49','35.8096474','139.91999199999998'),(584,'0098','李','立昌','リ','リュウショウ','','','1','','1981-12-20',NULL,'2011-09-01','lilichang@e-business.co.jp','llcyykk@gmail.com','3510035','埼玉県朝霞市朝志ヶ丘１－２－１－３３２','','',NULL,'08043518588',NULL,'','','','',1,620000,1,13,1,NULL,NULL,0,NULL,0,'2015-12-11 12:11:52','35.8184578','139.58362910000005'),(585,'0097','張','弘','チョウ','コウ','','','2','','1968-12-03',NULL,'2011-08-01','zhanghong@e-business.co.jp','yiyanjp@yahoo.co.jp','2610004','千葉県千葉市美浜区高洲2-1-6-307','','',NULL,'09042472760',NULL,'','','','',1,548333,1,16,1,NULL,NULL,0,NULL,0,'2015-12-11 12:11:38','35.6251801','140.08212159999994'),(586,'0096','邢','浩','ケイ','コウ','','','1','','1980-02-22',NULL,'2011-06-01','keikou@e-business.co.jp','xing.howard.hao@gmail.com','2701355','千葉県印西市武西学園台3-2-4','','',NULL,'08037375257',NULL,'','','','',1,620000,1,13,1,NULL,NULL,0,NULL,0,'2015-12-11 12:12:09','35.795517','140.11182110000004'),(587,'0095','李','洪軍','リ','コウグン','','','1','','1979-03-10',NULL,'2011-05-01','lihongjun@e-business.co.jp','humanrkg310@yahoo.co.jp','2702261','千葉県松戸市常盤平2-23常盤平団地1-8406号室','','',NULL,'08048395566',NULL,'','','','',1,570000,1,13,1,NULL,NULL,0,NULL,0,'2015-12-11 12:11:49','35.8001079','139.9476442'),(588,'0094','周','鼎','シュウ','テイ',NULL,NULL,'1',NULL,'1984-07-29',NULL,'2011-04-01','zhouding@e-business.co.jp','joe_19840729@hotmail.com','2100003','神奈川県川崎市川崎区堀之内町5-7アルコード川崎デュアル605室',NULL,'',NULL,'09091034996',NULL,NULL,NULL,NULL,NULL,0,620000,1,NULL,1,NULL,NULL,0,NULL,0,'2015-12-11 12:11:33','35.534378','139.70617549999997'),(589,'0093','胡','祥春','コショ','ウシュン',NULL,NULL,'1',NULL,'1979-04-27',NULL,'2011-01-01',NULL,'hxcfindjob@gmail.com','2520001','神奈川県座間市相模が丘4丁目29－16 レユシール 101',NULL,'',NULL,'08037280078',NULL,NULL,NULL,NULL,NULL,0,0,1,NULL,1,NULL,NULL,0,NULL,0,'2015-12-11 12:12:05','35.5058088','139.42485439999996'),(590,'0092','王','哲峰','オウ','テツホウ','','','1','','1979-07-26',NULL,'2010-11-10','wangzhefeng@e-business.co.jp','wzf_cowman@hotmail.com','3330853','埼玉県川口市芝園町3番芝園団地3棟1213号','','',NULL,'08065955363',NULL,'','','','',1,570000,1,16,1,NULL,NULL,0,NULL,0,'2015-12-11 12:11:58','35.8314685','139.68423789999997'),(591,'0091','邱','彩麗','キュウ','サイレイ','','','2','','1980-05-28',NULL,'2010-11-01','qiucaili@e-business.co.jp','kyu_sairei@yahoo.co.jp','1580083','東京都世田谷区奥沢2-8-12A・P・ROSY303','','',NULL,'09096784428',NULL,'','','','',1,320000,1,16,1,NULL,NULL,0,NULL,0,'2015-12-11 12:12:10','35.6046944','139.67339400000003'),(592,'0090','李','咏梅','リ','エイバイ','','','2','','1971-01-08',NULL,'2010-11-01','liyongmei@e-business.co.jp','yaya_2009@hotmail.co.jp','1230873','東京都足立区扇2-18-13アーデル扇大橋ブライトカラーズ203室','','',NULL,'09013721581',NULL,'','','','',1,550000,1,14,4,NULL,NULL,0,NULL,0,'2015-12-11 12:11:49','35.7638456','139.76541900000007'),(593,'0089','荊','威','ケイ',NULL,NULL,NULL,'1',NULL,'1976-01-19',NULL,'2010-10-01','keii@e-business.co.jp','eb.jingwei@gmail.com','2130002','神奈川県川崎市高津区二子1丁目17番1-1209',NULL,'',NULL,'08043741089',NULL,NULL,NULL,NULL,NULL,0,0,1,NULL,2,NULL,NULL,0,NULL,0,'2015-12-11 12:12:07','35.6084942','139.61830810000004'),(594,'0088','晋','璐稀','シン','ロキ','','','2','','1983-05-22',NULL,'2010-07-01','jinluxi@e-business.co.jp','jinluxi1101@gmail.com','1210071','東京都足立区東六月町7番4号','','',NULL,'08067578391',NULL,'','','','',1,624166,1,8,7,NULL,NULL,0,NULL,0,'2015-12-11 12:11:45','35.7885573','139.8064005'),(596,'0086','呉','浩樹','ゴ','ヒロキ','','','1','','1978-07-02',NULL,'2010-04-01','','victorwuxianfeng@gmail.com','1940031','東京都町田市南大谷1番地公社住宅ロー1144','','',NULL,'09098185010',NULL,'','','','',1,520000,1,3,1,NULL,NULL,0,NULL,0,'2015-12-11 12:11:33','35.5557942','139.45350310000003'),(597,'0085','牛','海紅','ギュウ','カイコウ',NULL,NULL,'1',NULL,'1977-03-06',NULL,'2010-01-01','niuhaihong@e-business.co.jp','haihong.niu@gmail.com','1230841','東京都足立区西新井1丁目33番フレール西新井第一3-811',NULL,'',NULL,'08050257736',NULL,NULL,NULL,NULL,NULL,0,560000,1,NULL,1,NULL,NULL,0,NULL,0,'2015-12-11 12:11:58','35.7812277','139.78250179999998'),(598,'0084','張','遠邦','チョウ','エンホウ','','','1','','1983-10-20',NULL,'2009-10-01','tyou.eh@e-business.co.jp','chou_enhou@yahoo.co.jp','1360072','東京都江東区大島6丁目24番8号','','',NULL,'08039395105',NULL,'','','','',1,490000,1,13,1,NULL,NULL,0,NULL,0,'2015-12-11 12:11:43','35.691835','139.83725500000003'),(599,'0083','李','宏波','リ','コウハ','','','1','','1982-05-07',NULL,'2008-08-01','rikouha@e-business.co.jp','eb.lihongbo@gmail.com','1330056','東京都江戸川区西小岩1-27-13スカイフォーラム小岩202','','',NULL,'08044272257',NULL,'','','','',1,723333,1,16,4,NULL,NULL,0,NULL,0,'2015-12-11 12:11:49','35.7350069','139.88190859999997'),(600,'0082','陳','栄','チン','エイ',NULL,NULL,'1',NULL,'1975-11-30',NULL,'2008-06-01','chin.ei@e-business.co.jp','eb.chenrong@gmail.com','3430845','埼玉県越谷市南越谷3-10-7フォルテ新越谷303室',NULL,'',NULL,'09061173911',NULL,NULL,NULL,NULL,NULL,0,0,1,NULL,13,NULL,NULL,0,NULL,0,'2015-12-11 12:12:12','35.8782794','139.7889533'),(601,'0081','陳','悦陽','チン','エツヨウ','','','1','','1979-11-18',NULL,'2008-05-01','chin@e-business.co.jp','cyy1118@gmail.com','1210831','東京都足立区舎人二丁目20番12号','','',NULL,'08040588301',NULL,'','','','',1,860000,1,13,14,NULL,NULL,0,NULL,0,'2015-12-11 12:12:12','35.81313890000001','139.77156949999994'),(602,'0080','王','飛翔','オウ','ヒショウ','','','1','','1979-08-12',NULL,'2007-11-20','ohisho@e-business.co.jp','eb.ohisho@gmail.com','1340087','東京都江戸川区清新町1-2-1-301','','',NULL,'08066217888',NULL,'','','','',1,700000,1,14,14,NULL,NULL,0,NULL,0,'2015-12-11 12:12:00','35.6590202','139.85683730000005'),(603,'0079','万','力','バン','リキ','','','1','','1981-02-25',NULL,'2007-06-12','banriki@e-business.co.jp','banriki@e-business.co.jp','2701355','千葉県印西市武西学園台1－3－138','','',NULL,'08041683426',NULL,'','','','',1,920000,1,16,14,NULL,NULL,0,NULL,0,'2015-12-11 12:09:47','35.7968502','140.1118599'),(604,'0077','李','飛舟','リヒシュウ','','','','1','','1984-05-06',NULL,'2014-10-17','','lsay_happy@hotmail.com','','','','',NULL,'',NULL,'','','','',1,606666,1,NULL,5,NULL,NULL,1,NULL,0,NULL,NULL,NULL),(605,'0076','李','新文','リシンブン',NULL,NULL,NULL,'1',NULL,'1980-06-17',NULL,'2014-10-14',NULL,'lixinwen1@gmail.com',NULL,'',NULL,'',NULL,NULL,NULL,NULL,NULL,NULL,NULL,0,0,1,NULL,2,NULL,NULL,0,NULL,0,NULL,NULL,NULL),(606,'0075','林','紅剛','リンコウゴウ','','','','1','','1984-04-29',NULL,'2014-11-01','linhonggang@e-business.co.jp','lhgqd_0532@163.com','1250041','東京都葛飾区東金町1-36-1-840金町駅前団地','','',NULL,'08098001493',NULL,'','','','',1,470000,1,14,1,NULL,NULL,0,NULL,0,'2015-12-11 12:11:52','35.7707416','139.8699262'),(607,'0074','肖','春麗','ショウシュンレイ',NULL,NULL,NULL,'1',NULL,'1988-02-18',NULL,'2014-11-01','xiaochunli@e-business.co.jp','xiaochunli2008@qq.com','3320021','埼玉県川口市西川口2-6-17レオパレスファストハウス203',NULL,'',NULL,'08036104600',NULL,NULL,NULL,NULL,NULL,0,440000,1,NULL,1,NULL,NULL,0,NULL,0,'2015-12-11 12:12:05','35.8104923','139.70074020000004'),(608,'0073','王','洪峰','オウコウホウ',NULL,NULL,NULL,'1',NULL,'1985-08-04',NULL,'2014-11-01',NULL,'kik04@163.com',NULL,'',NULL,'',NULL,NULL,NULL,NULL,NULL,NULL,NULL,0,420000,1,NULL,1,NULL,NULL,0,NULL,0,NULL,NULL,NULL),(609,'0072','劉','陽','リュウヨウ','','','','1','','1978-03-11',NULL,'2014-11-01','liuyang_1@e-business.co.jp','tauren66@gmail.com','1200041','東京都足立区千住元町35番号1-303号','','',NULL,'08098276554',NULL,'','','','',1,370000,1,13,1,NULL,NULL,0,NULL,0,'2015-12-11 12:11:24','35.7556363','139.79066720000003'),(610,'0071','尹','雪平','インセツヘイ','','','','1','','1985-01-17',NULL,'2014-11-01','yinxueping@e-business.co.jp','yinqin12386@126.com','1830006','東京都府中市緑町1-40-1レオパレスCasaAvenue204','','',NULL,'08068546693',NULL,'','','','',1,460000,1,16,1,NULL,NULL,0,NULL,0,'2015-12-11 12:11:35','35.6753591','139.48720479999997'),(611,'0070','黄','兆輝','コウチョウキ',NULL,NULL,NULL,'1',NULL,'1978-01-11',NULL,'2014-11-01',NULL,'zhaohui.huang@gmail.com',NULL,'',NULL,'',NULL,NULL,NULL,NULL,NULL,NULL,NULL,0,522666,1,NULL,1,NULL,NULL,0,NULL,0,NULL,NULL,NULL),(612,'0069','木村','陽一','キムラヨウイチ',NULL,NULL,NULL,'1',NULL,'1982-09-20',NULL,'2014-11-01',NULL,'yang.kimura@gmail.com',NULL,'',NULL,'',NULL,'09060386619',NULL,NULL,NULL,NULL,NULL,0,473666,1,NULL,1,NULL,NULL,0,NULL,0,NULL,NULL,NULL),(613,'0068','岑','峰','シンホウ','','','','1','','1983-07-26',NULL,'2014-06-01','cenfeng@e-business.co.jp','shinnhou@gmail.com','3400014','埼玉県草加市住吉一丁目13-13パテラ草加1302号','','',NULL,'08030847887',NULL,'','','','',1,485000,1,14,1,NULL,NULL,0,NULL,0,'2015-12-11 12:11:35','35.831895','139.80677349999996'),(614,'0067','陳','皓','チンコウ','','','','1','','1988-03-31',NULL,'2014-10-15','chenhao@e-business.co.jp','934640579@qq.com','2610004','千葉県千葉市美浜区高洲2-8-1-614','','',NULL,'08049461385',NULL,'','','','',1,370000,1,16,4,NULL,NULL,0,NULL,0,'2015-12-11 12:12:12','35.6263864','140.08194090000006'),(615,'0066','王','仁涛','オウジントウ',NULL,NULL,NULL,'1',NULL,'1975-04-10',NULL,'2014-11-01','wangrentao@e-business.co.jp ','wrt420@gmail.com','1200011','東京都足立区中央本町1-16-1-702室',NULL,'',NULL,'09063131998',NULL,NULL,NULL,NULL,NULL,0,520000,1,NULL,1,NULL,NULL,0,NULL,0,'2015-12-11 12:11:58','35.7746812','139.8035539'),(616,'0065','邢','威','ケイイ','','','','1','','1976-09-23',NULL,'2014-09-24','xingwei2014@e-business.co.jp','xing.w.lucky2008@gmail.com','1200041','東京都足立区千住元町35番1-409号','','',NULL,'08065329220',NULL,'','','','',1,543666,1,14,1,NULL,NULL,0,NULL,0,'2015-12-11 12:12:10','35.7556363','139.79066720000003'),(617,'0064','閻','闖','エンチン','','','','1','','1983-01-23',NULL,'2013-11-11','yanchuang@e-business.co.jp','79492328@qq.com','2610004','千葉県千葉市美浜区高洲2-8-8 522室','','',NULL,'08039393616',NULL,'','','','',1,490000,1,14,1,NULL,NULL,0,NULL,0,'2015-12-11 12:12:12','35.627073','140.08085700000004'),(618,'0063','王','嘯','オウショウ',NULL,NULL,NULL,'1',NULL,'1987-02-27',NULL,'2014-10-01',NULL,'86468565@qq.com',NULL,'',NULL,'',NULL,NULL,NULL,NULL,NULL,NULL,NULL,0,370000,1,NULL,1,NULL,NULL,0,NULL,0,NULL,NULL,NULL),(619,'0062','初','陽','ハツヨウ',NULL,NULL,NULL,'1',NULL,'1986-02-25',NULL,'2014-10-01',NULL,'86320930@qq.com',NULL,'',NULL,'',NULL,NULL,NULL,NULL,NULL,NULL,NULL,0,0,1,NULL,1,NULL,NULL,0,NULL,0,NULL,NULL,NULL),(620,'0060','張','帆','チョウホ','','','','1','','1980-11-14',NULL,'2014-10-01','zhangfan@e-business.co.jp','deadsam2001@gmail.com','3350002','埼玉県蕨市塚越3-25-3','','',NULL,'08066772577',NULL,'','','','',1,554166,1,16,1,NULL,NULL,0,NULL,0,'2015-12-11 12:11:37','35.8265537','139.70143099999996'),(621,'0059','孫','通','ソンツウ',NULL,NULL,NULL,'1',NULL,'1990-02-18',NULL,'2014-09-16',NULL,'beyondsuntong@gmail.com',NULL,'',NULL,'',NULL,'08043248999',NULL,NULL,NULL,NULL,NULL,0,0,1,NULL,1,NULL,NULL,0,NULL,0,NULL,NULL,NULL),(622,'0058','鄭','敏','テイビン','','','','1','','1982-09-12',NULL,'2014-04-14','','teyibin@gmail.com','','','','',NULL,'08034315358',NULL,'','','','',1,480000,1,16,1,NULL,NULL,0,NULL,0,NULL,NULL,NULL),(623,'0057','陳','潔','チンケツ','','','','2','','1981-12-03',NULL,'2010-03-01','chenjie@e-business.co.jp','qwfycj1981@gmail.com','3320033','埼玉県川口市並木元町1-67-A1228','','',NULL,'08066021284',NULL,'','','','',1,653333,1,16,1,NULL,NULL,0,NULL,0,'2015-12-11 12:12:12','35.8086541','139.71328600000004'),(624,'0056','趙','志遠','チョウシエン','','','','1','','1989-07-27',NULL,'2014-06-16','zhaozhiyuan@e-business.co.jp','zhiyuanarcher@gmail.com','2710051','千葉県松戸市馬橋1725-1 ヒューマンパレス馬橋 204号室','','',NULL,'08037300626',NULL,'','','','',1,483000,1,17,1,NULL,NULL,0,NULL,0,'2015-12-11 12:12:07','35.8133764','139.91724950000003'),(625,'0055','雷','淵偉','ライエンイ','','','','1','','1986-05-12',NULL,'2014-09-08','leiyuanwei@e-business.co.jp','lywwind@163.com','1350032','東京都江東区福住1-8-8-909','','',NULL,'08033867534',NULL,'','','','',1,560000,1,16,1,NULL,NULL,0,NULL,0,'2015-12-11 12:12:14','35.676344','139.79368750000003'),(626,'0054','馬','云昌','マウンショウ',NULL,NULL,NULL,'1',NULL,'1977-03-07',NULL,'2014-10-01',NULL,'mayc666666@yahoo.co.jp',NULL,'',NULL,'',NULL,'08047986618',NULL,NULL,NULL,NULL,NULL,0,570000,1,NULL,1,NULL,NULL,0,NULL,0,NULL,NULL,NULL),(627,'0052','張','寧波','チョウネイハ','','','','1','','1978-02-19',NULL,'2014-09-01','zhangningbo@e-business.co.jp','tyouneiha@gmail.com','5430014','大阪市天王寺区玉造元町8番4-806','','',NULL,'18611733453',NULL,'','','','',1,335000,1,13,1,NULL,NULL,0,NULL,0,'2015-12-11 12:11:37','34.6721691','135.5318671'),(628,'0051','岳','朦','ガクモウ',NULL,NULL,NULL,'2',NULL,'1988-09-03',NULL,'2014-06-01',NULL,'506692051@qq.com',NULL,'',NULL,'',NULL,'08040818868',NULL,NULL,NULL,NULL,NULL,0,0,1,NULL,1,NULL,NULL,0,NULL,0,NULL,NULL,NULL),(629,'0050','馬','長貴','マチョウキ',NULL,NULL,NULL,'1',NULL,'1975-11-24',NULL,'2014-10-01',NULL,'banagaki@yeah.net',NULL,'',NULL,'',NULL,NULL,NULL,NULL,NULL,NULL,NULL,0,0,1,NULL,1,NULL,NULL,0,NULL,0,NULL,NULL,NULL),(630,'0049','李','永傑','リエイケツ','','','','1','','1982-11-26',NULL,'2014-09-01','','yongjie.lee@hotmail.com','','','','',NULL,'08065656677',NULL,'','','','',1,0,1,16,1,NULL,NULL,0,NULL,0,NULL,NULL,NULL),(631,'0048','李','雲傑','リウンケツ','','','','1','','1979-08-02',NULL,'2014-06-01','liyunjie@e-business.co.jp','sunki101@hotmail.com','2610004','千葉県千葉市美浜区高洲3－2－7　305室','','',NULL,'09017663883',NULL,'','','','',1,650000,1,14,5,NULL,NULL,0,NULL,0,'2015-12-11 12:11:52','35.6270036','140.07632090000004'),(632,'0047','由','岩','ユウガン',NULL,NULL,NULL,'1',NULL,'1983-01-20',NULL,'2014-09-16',NULL,'ballboy119@163.com',NULL,'',NULL,'',NULL,NULL,NULL,NULL,NULL,NULL,NULL,0,0,1,NULL,1,NULL,NULL,0,NULL,0,NULL,NULL,NULL),(633,'0046','鄒','鉄','スウテツ','','','','1','','1983-10-10',NULL,'2014-01-06','zoutie@e-business.co.jp','zoutie1983@yahoo.co.jp','3350002','埼玉県蕨市塚越三丁目29-12-302','','',NULL,'08056715321',NULL,'','','','',1,460000,1,13,1,NULL,NULL,0,NULL,0,'2015-12-11 12:12:10','35.8251456','139.70185600000002'),(634,'0045','黄','乾龍','コウカンリュウ','','','','1','','1982-01-21',NULL,'2014-04-01','huangqianlong@e-business.co.jp','huangqianlong@gmail.com','2730003','千葉県船橋市若松2-5-12-101','','',NULL,'07010096904',NULL,'','','','',1,470000,1,16,1,NULL,NULL,0,NULL,0,'2015-12-11 12:12:16','35.6801435','139.99517030000004'),(635,'0044','張','翔','チョウショウ','','','','1','','1986-05-15',NULL,'2014-08-01','zhangxiang@e-business.co.jp','zhangx0515@gmail.com','2310842','横浜市中区上野町１丁目15番地7　201号室','','',NULL,'09096708071',NULL,'','','','',1,323400,1,16,1,NULL,NULL,0,NULL,0,'2015-12-11 12:11:43','35.4316844','139.6509224'),(636,'0043','楊','皖軍','ヨウ','カングン','','','1','','1985-11-09',NULL,'2014-08-18','yangwanjun@e-business.co.jp','ywjsailor@gmail.com','1320034','東京都江戸川区小松川1-5第9号棟612号室','','',NULL,'07014553355',NULL,'','','','',1,520000,1,16,1,NULL,NULL,0,NULL,0,'2015-12-11 12:11:55','35.689744','139.85043440000004'),(637,'0042','王','磊','オウライ','','','','1','','1983-04-26',NULL,'2014-08-25','wanglei@e-business.co.jp','wanglei.trans@gmail.com','3330853','埼玉県川口市芝園町３番４号棟257','','',NULL,'08030092608',NULL,'','','','',1,470000,1,8,1,NULL,NULL,0,NULL,0,'2015-12-11 12:12:00','35.8332568','139.68308149999996'),(638,'0041','賈','世亮','カセリョウ','','','','1','','1980-07-29',NULL,'2014-07-01','jiashiliang@e-business.co.jp','jiashiliang@gmail.com','1740046','東京都板橋区蓮根2丁目30-16-612 ','','',NULL,'08097735858',NULL,'','','','',1,520000,1,16,1,NULL,NULL,0,NULL,0,'2015-12-11 12:12:07','35.7851932','139.67743889999997'),(639,'0040','夏','天','カテン',NULL,NULL,NULL,'2',NULL,'1990-04-19',NULL,'2014-09-01',NULL,'1479389549@qq.com',NULL,'',NULL,'',NULL,NULL,NULL,NULL,NULL,NULL,NULL,0,0,1,NULL,1,NULL,NULL,0,NULL,0,NULL,NULL,NULL),(640,'0039','盛','軍','セイグン','','','','1','','1990-08-25',NULL,'2014-04-09','shengjun@e-business.co.jp','814031646@qq.com','3360025','埼玉県さいたま市南区文蔵5-4-5レオパレスフィンエアー101','','',NULL,'07053360769',NULL,'','','','',1,420000,1,16,4,NULL,NULL,0,NULL,0,'2015-12-11 12:12:03','35.8351583','139.67623279999998'),(641,'0038','朱','凱','シュガイ','','','','1','','1986-07-05',NULL,'2014-05-19','zhukai@e-business.co.jp','zhukai191@gmail.com','1360072','東京都江東区大島4丁目1番1-616号','','',NULL,'09062010512',NULL,'','','','',1,571666,1,16,4,NULL,NULL,0,NULL,0,'2015-12-11 12:11:49','35.6877769','139.82743930000004'),(642,'0037','呉','振宇','ゴシンウ',NULL,NULL,NULL,'1',NULL,'1982-07-22',NULL,'2013-06-01',NULL,'goshinwu@gmail.com','1360072','東京都江東区大島4-1-3-329号',NULL,'',NULL,'08038142960',NULL,NULL,NULL,NULL,NULL,0,562333,1,NULL,1,NULL,NULL,0,NULL,0,'2015-12-11 12:11:32','35.6869543','139.8288963'),(643,'0036','胡','海涛','コカイトウ','','','','1','','1982-07-09',NULL,'2014-07-24','huhaitao@e-business.co.jp','297337263@qq.com','1210813','東京都足立区竹の塚六丁目7番1-512号','','',NULL,'09014698680',NULL,'','','','',1,520000,1,14,1,NULL,NULL,0,NULL,0,'2015-12-11 12:12:05','35.7948871','139.7913489'),(644,'0035','劉','丹','リュウタン',NULL,NULL,NULL,'2',NULL,'1988-06-14',NULL,'2014-08-15','liudan@e-business.co.jp','ldmagalay@163.com','1140002','東京都北区王子5丁目2番2-739号',NULL,'',NULL,'09098138380',NULL,NULL,NULL,NULL,NULL,0,370000,1,NULL,1,NULL,NULL,0,NULL,0,'2015-12-11 12:09:48','35.765489','139.73517149999998'),(645,'0034','楊','志雲','ヨウシウン',NULL,NULL,NULL,'2',NULL,'1982-02-10',NULL,'2014-07-28',NULL,'zhiyun_yang@hotmail.com',NULL,'',NULL,'',NULL,'08035479069',NULL,NULL,NULL,NULL,NULL,0,0,1,NULL,1,NULL,NULL,0,NULL,0,NULL,NULL,NULL),(646,'0033','劉','建民','リュウケンミン','','','','1','','1976-08-15',NULL,'2014-07-22','liujianmin@e-business.co.jp','iter000@yahoo.co.jp','2730044','千葉県船橋市行田3-1-8-305','','',NULL,'08046586686',NULL,'','','','',1,480000,1,13,1,NULL,NULL,0,NULL,0,'2015-12-11 12:11:24','35.7178228','139.96949859999995'),(647,'0032','韓','立亭','カンリツテイ',NULL,NULL,NULL,'1',NULL,'1987-11-08',NULL,'2014-08-04',NULL,'815843201@qq.com',NULL,'',NULL,'',NULL,NULL,NULL,NULL,NULL,NULL,NULL,0,0,1,NULL,1,NULL,NULL,0,NULL,0,NULL,NULL,NULL),(648,'0031','王','明華','オウメイカ','','','','2','','1989-11-20',NULL,'2014-08-15','wangminghua@e-business.co.jp','ming_hua_2011@hotmail.com','2610004','千葉県松戸市中和倉58-1-204','','',NULL,'07013988990',NULL,'','','','',1,430000,1,16,4,NULL,NULL,0,NULL,0,'2015-12-11 12:12:00','35.8063444','139.92679299999998'),(649,'0030','賀','玉斌','ガギョクヒン','','','','1','','1974-02-12',NULL,'2014-08-06','heyubin@e-business.co.jp','heyubin031274@yahoo.co.jp','2720127','千葉県市川市塩浜4-2-8-611  ハイタウン塩浜','','',NULL,'08096485369',NULL,'','','','',1,620000,1,13,1,NULL,NULL,0,NULL,0,'2015-12-11 12:12:07','35.6623002','139.91210520000004'),(650,'0029','申','用勛','シンヨウクン','','','','1','','1989-03-21',NULL,'2014-09-01','shenyongxun@e-business.co.jp','syx0214@gmail.com','1240025','東京都葛飾区西新小岩２丁目１番リバーハイツ１号棟1216室','','',NULL,'08078580214',NULL,'','','','',1,439833,1,13,1,NULL,NULL,0,NULL,0,'2015-12-11 12:12:03','35.7167909','139.85172720000003'),(651,'0028','舒','建亭','ジョケンテイ',NULL,NULL,NULL,'1',NULL,'1987-02-01',NULL,'2014-08-01',NULL,'shuhang110@126.com',NULL,'',NULL,'',NULL,NULL,NULL,NULL,NULL,NULL,NULL,0,0,1,NULL,1,NULL,NULL,0,NULL,0,NULL,NULL,NULL),(652,'0027','陶','慧娟','トウエケン',NULL,NULL,NULL,'2',NULL,'1990-08-05',NULL,'2014-07-16','taohuijuan@e-business.co.jp','taohuijuan1990@163.com','1360071','東京都江東区亀戸二丁目2-6  １号棟608',NULL,'',NULL,'08030896866',NULL,NULL,NULL,NULL,NULL,0,360000,1,NULL,1,NULL,NULL,0,NULL,0,'2015-12-11 12:12:14','35.6994133','139.82232049999993'),(653,'0026','端','正','タンセイ',NULL,NULL,NULL,'1',NULL,'1989-09-21',NULL,'2014-07-16','duanzheng@e-business.co.jp','409991736@qq.com','1360071','東京都江東区亀戸二丁目2-6  １号棟608',NULL,'',NULL,'08046576866',NULL,NULL,NULL,NULL,NULL,0,390000,1,NULL,1,NULL,NULL,0,NULL,0,'2015-12-11 12:12:03','35.6994133','139.82232049999993'),(654,'0025','胡','文迪','コブンテキ','','','','1','','1990-05-03',NULL,'2014-08-01','huwendi@e-business.co.jp','hwd9053@qq.com','2720141','千葉県市川市香取1丁目3-18ハイムローゼ101','','',NULL,'07013778870',NULL,'','','','',1,425833,1,16,1,NULL,NULL,0,NULL,0,'2015-12-11 12:12:05','35.6812282','139.90559029999997'),(655,'0024','楊','春','ヨウシュン',NULL,NULL,NULL,'2',NULL,'1980-02-05',NULL,'2014-07-07',NULL,'yangchun0205@yahoo.co.jp',NULL,'東京都江東区大島4丁目1番6-1351号',NULL,'',NULL,NULL,NULL,NULL,NULL,NULL,NULL,0,0,1,NULL,1,NULL,NULL,0,NULL,0,'2015-12-11 12:11:55','35.6865549','139.83030009999993'),(656,'0023','自','立','ジリツ',NULL,NULL,NULL,'2',NULL,'1979-05-09',NULL,'2014-07-08',NULL,'ruirui1771@gmail.com',NULL,'',NULL,'',NULL,'08050192560',NULL,NULL,NULL,NULL,NULL,0,0,1,NULL,1,NULL,NULL,0,NULL,0,NULL,NULL,NULL),(657,'0022','巴','威','ハイ',NULL,NULL,NULL,'1',NULL,'1984-11-12',NULL,'2014-08-01',NULL,'bwp2008@live.cn',NULL,'',NULL,'',NULL,NULL,NULL,NULL,NULL,NULL,NULL,0,0,1,NULL,1,NULL,NULL,0,NULL,0,NULL,NULL,NULL),(658,'0021','兪','炳華','ユヘイカ',NULL,NULL,NULL,'2',NULL,'1984-11-27',NULL,'2014-08-01','yubinghua@e-business.co.jp','bing841127@hotmail.com','2610004','千葉県千葉市美浜区高洲3-10-4コーポレート稲毛海岸1104',NULL,'',NULL,'09065369307',NULL,NULL,NULL,NULL,NULL,0,233333,1,NULL,6,NULL,NULL,0,NULL,0,'2015-12-11 12:09:48','35.6279841','140.0714732'),(659,'0020','鄭','晶','テイショウ',NULL,NULL,NULL,'2',NULL,'1989-11-21',NULL,'2014-07-02','zhengjing@e-business.co.jp','teisyou66365@gmail.com','1430015','東京都大田区大森六丁目5番18号MKビル106',NULL,'',NULL,'08039780239',NULL,NULL,NULL,NULL,NULL,0,0,1,NULL,2,NULL,NULL,0,NULL,0,'2015-12-11 12:12:10','35.5685334','139.72854029999996'),(660,'0019','侯','旭','コウシ','','','','1','','1979-07-11',NULL,'2014-05-07','houxu@e-business.co.jp','wanghou3000japan@hotmail.com','4610047','愛知県名古屋市東区大幸南2-2番地アーバニア大幸南11-402','','',NULL,'09091831016',NULL,'','','','',1,570000,1,16,1,NULL,NULL,0,NULL,0,'2015-12-11 12:09:48','35.1866448','136.95292429999995'),(661,'0018','辛','穎','シンエイ',NULL,NULL,NULL,'1',NULL,'1983-05-13',NULL,'2014-07-01',NULL,'10288946@qq.com',NULL,'',NULL,'',NULL,NULL,NULL,NULL,NULL,NULL,NULL,0,0,1,NULL,1,NULL,NULL,0,NULL,0,NULL,NULL,NULL),(662,'0016','丁','偉','テイイ','','','','1','','1982-01-28',NULL,'2014-03-01','','tei.i.shigoto@gmail.com','','','','',NULL,'07012586688',NULL,'','','','',1,0,1,NULL,1,NULL,NULL,1,NULL,0,NULL,NULL,NULL),(663,'0015','孫','諾','ソンダク','','','','1','','1981-08-28',NULL,'2014-04-14','sunnuo@e-business.co.jp','sonndaku@gmail.com','1140014','東京都北区豊島5-6豊島5丁目団地11棟1322号','','',NULL,'07012733393',NULL,'','','','',1,520000,1,8,1,NULL,NULL,0,NULL,0,'2015-12-11 12:11:35','35.7657521','139.75518550000004'),(664,'0014','張','文瑞','チョウブンズイ',NULL,NULL,NULL,'1',NULL,'1980-10-29',NULL,'2014-06-23','zhangwenrui@e-business.co.jp','zhangwr008@yahoo.co.jp','2702261','千葉県松戸市常盤平2丁目23番地1-5-105',NULL,'',NULL,'08034659603',NULL,NULL,NULL,NULL,NULL,0,600000,1,NULL,4,NULL,NULL,0,NULL,0,'2015-12-11 12:11:40','35.8014457','139.95072860000005'),(665,'0013','鄭','爽','テイソウ','','','','1','','1982-08-16',NULL,'2014-07-01','zhengshuang@e-business.co.jp','shuang_zh820816@hotmail.com','2400003','神奈川県横浜市保土ヶ谷区天王町2-42-2天王町団地3-1018','','',NULL,'09017697257',NULL,'','','','',1,500000,1,14,1,NULL,NULL,0,NULL,0,'2015-12-11 12:12:12','35.4554687','139.6011486'),(666,'0012','祖','峰','ソホウ',NULL,NULL,NULL,'1',NULL,'1983-10-08',NULL,'2014-06-01',NULL,'26786823@sina.com',NULL,'',NULL,'',NULL,'09091379976',NULL,NULL,NULL,NULL,NULL,0,0,1,NULL,1,NULL,NULL,0,NULL,0,NULL,NULL,NULL),(667,'0011','劉','伝佳','リュウデンカ','','','','1','','1984-06-08',NULL,'2014-07-01','liuchuanjia@e-business.co.jp','liuchuanjia1@yahoo.co.jp','3330854','埼玉県川口市大字芝3905番地306号室','','',NULL,'08044408855',NULL,'','','','',1,470000,1,16,1,NULL,NULL,0,NULL,0,'2015-12-11 12:09:48','35.8341414','139.70335279999995'),(668,'0010','黄','純','コウジュン',NULL,NULL,NULL,'2',NULL,'1984-08-10',NULL,'2014-06-16','huangchun@e-business.co.jp','chunqq_job@yahoo.co.jp','2702241','千葉県松戸市松戸新田168-66',NULL,'',NULL,'08098863018',NULL,NULL,NULL,NULL,NULL,0,490000,1,NULL,1,NULL,NULL,0,NULL,0,'2015-12-11 12:12:16','35.7857965','139.91759760000002'),(669,'0009','延','国輝','エンコクキ','','','','1','','1990-09-08',NULL,'2014-06-23','yanguohui@e-business.co.jp','yan19900908@sina.com','2720127','千葉県市川市塩浜4-2ハイタウン塩浜第8号棟第611号室','','',NULL,'',NULL,'','','','',1,360000,1,8,1,NULL,NULL,0,NULL,0,'2015-12-11 12:11:38','35.6611228','139.9108642'),(670,'0008','于','昊淼','ウホウビョウ',NULL,NULL,NULL,'1',NULL,'1987-07-13',NULL,'2014-07-01','yuhaomiao@e-business.co.jp','137596462@qq.com','1200001','東京都足立区大谷田1-1-5-901',NULL,'',NULL,NULL,NULL,NULL,NULL,NULL,NULL,0,400000,1,NULL,1,NULL,NULL,0,NULL,0,'2015-12-11 12:09:47','35.7790042','139.84476900000004'),(671,'0007','陳','亮','チン','リョウ',NULL,NULL,'1',NULL,'1982-04-03',NULL,'2014-06-01','chenliang@e-business.co.jp','tinnryou@gmail.com','2120014','神奈川県川崎市幸区大宮町26-3アーベインビオ川崎3-806',NULL,'',NULL,'08096708885',NULL,NULL,NULL,NULL,NULL,0,431666,1,NULL,15,NULL,NULL,0,NULL,0,'2015-12-11 12:12:12','35.5303156','139.69345069999997'),(672,'0006','孟','凡軍','モウ','ハングン','','','1','','1977-09-24',NULL,'2012-03-01','mengfanjun@e-business.co.jp','600913@gmail.com','2702261','千葉県松戸市常盤平4-17常盤平団地E20-403','','',NULL,'08066589989',NULL,'','','','',1,485000,1,14,4,NULL,NULL,0,NULL,0,'2015-12-11 12:11:33','35.7989312','139.95918140000003'),(673,'0005','王','臣','オウ','シン','','','1','','1984-06-20',NULL,'2014-05-19','wangchen@e-business.co.jp','wangchen620@sina.com','1200004','東京都足立区大谷田１丁目1番5-901','','',NULL,'09091810617',NULL,'','','','',1,400000,1,16,1,NULL,NULL,0,NULL,0,'2015-12-11 12:12:00','35.7790042','139.84476900000004'),(674,'0004','易','元華','イ','ゲンカ','','','1','','1987-09-24',NULL,'2014-05-07','yiyuanhua@e-business.co.jp','yiyuanhua520@126.com','1200004','東京都足立区大谷田１丁目1番5-901','','',NULL,'07065796898',NULL,'','','','',1,470000,1,14,5,NULL,NULL,0,NULL,0,'2015-12-11 12:11:46','35.7790042','139.84476900000004'),(675,'0003','詹','佳傑','セン','カケツ','','','1','','1988-01-07',NULL,'2014-06-16','zhanjiajie@e-business.co.jp','87546775@qq.com','2710052','千葉県松戸市新作134番地5プロムナード北松戸1号棟1104','','取手駅',NULL,'08041496240',NULL,'','','','',1,390000,1,8,1,NULL,NULL,0,NULL,0,'2015-12-11 12:12:07','35.804571','139.9137465'),(676,'0002','李','玉全','リ','ギョクゼン','','','1','','1987-08-06',NULL,'2014-06-16','liyuquan@e-business.co.jp','79628539@qq.com','2700025','千葉県松戸市中和倉58-1-206','','取手駅',NULL,'08094320032',NULL,'','','','',1,380000,1,16,1,NULL,NULL,0,NULL,0,'2015-12-11 12:11:52','35.8063444','139.92679299999998'),(682,'0349','辛','芸斌','シンゲイヒン',NULL,NULL,NULL,'1',NULL,'1982-06-24',NULL,'2015-11-18','','2507926295@qq.com',NULL,'',NULL,'',NULL,'08049850506',NULL,NULL,NULL,NULL,NULL,0,520000,1,NULL,1,NULL,NULL,0,NULL,0,NULL,NULL,NULL),(683,'10000','呉','偉','','','','',NULL,'',NULL,NULL,'2015-11-24','','','','','','',NULL,'',NULL,'','','','',4,650000,NULL,13,NULL,29,NULL,0,NULL,0,NULL,NULL,NULL),(684,'10001','孟','凡穎','','','','',NULL,'',NULL,NULL,'2015-11-24','','','','','','',NULL,'',NULL,'','','','',4,480000,NULL,13,NULL,30,NULL,0,NULL,0,NULL,NULL,NULL),(685,'10002','李','勇君','','','','',NULL,'',NULL,NULL,'2015-11-24','','','','','','',NULL,'',NULL,'','','','',4,580000,NULL,13,NULL,30,NULL,0,NULL,0,NULL,NULL,NULL),(686,'10003','王','洋','','','','',NULL,'',NULL,NULL,'2015-11-24','','','','','','',NULL,'',NULL,'','','','',4,490000,NULL,13,NULL,31,NULL,0,NULL,0,NULL,NULL,NULL),(687,'10004','趙','丹',NULL,NULL,NULL,NULL,NULL,NULL,NULL,NULL,'2015-11-24',NULL,NULL,NULL,NULL,NULL,NULL,NULL,NULL,NULL,NULL,NULL,NULL,NULL,4,500000,NULL,NULL,NULL,31,NULL,0,NULL,0,NULL,NULL,NULL),(688,'10005','杜','梟女',NULL,NULL,NULL,NULL,NULL,NULL,NULL,NULL,'2015-11-24',NULL,NULL,NULL,NULL,NULL,NULL,NULL,NULL,NULL,NULL,NULL,NULL,NULL,4,400000,NULL,NULL,NULL,31,NULL,0,NULL,0,NULL,NULL,NULL),(689,'10006','崔','石哲',NULL,NULL,NULL,NULL,NULL,NULL,NULL,NULL,'2015-11-24',NULL,NULL,NULL,NULL,NULL,NULL,NULL,NULL,NULL,NULL,NULL,NULL,NULL,4,370000,NULL,NULL,NULL,31,NULL,0,NULL,0,NULL,NULL,NULL),(690,'10007','呉','丹丹','','','','',NULL,'',NULL,NULL,'2015-11-24','','','','','','',NULL,'',NULL,'','','','',4,460000,NULL,13,NULL,32,NULL,0,NULL,0,NULL,NULL,NULL),(691,'10008','姚','志雄','','','','',NULL,'',NULL,NULL,'2015-11-24','','','','','','',NULL,'',NULL,'','','','',4,530000,NULL,13,NULL,33,NULL,0,NULL,0,NULL,NULL,NULL),(692,'10009','牟','傑',NULL,NULL,NULL,NULL,NULL,NULL,NULL,NULL,'2015-11-24',NULL,NULL,NULL,NULL,NULL,NULL,NULL,NULL,NULL,NULL,NULL,NULL,NULL,4,510000,NULL,NULL,NULL,34,NULL,0,NULL,0,NULL,NULL,NULL),(693,'10010','曲','暁丹','','','','',NULL,'',NULL,NULL,'2015-11-24','','','','','','',NULL,'',NULL,'','','','',4,500000,NULL,13,NULL,34,NULL,0,NULL,0,NULL,NULL,NULL),(694,'10011','新國','一雄',NULL,NULL,NULL,NULL,NULL,NULL,NULL,NULL,'2015-11-24',NULL,NULL,NULL,NULL,NULL,NULL,NULL,NULL,NULL,NULL,NULL,NULL,NULL,4,600000,NULL,NULL,NULL,34,NULL,0,NULL,0,NULL,NULL,NULL),(695,'10012','楊','',NULL,NULL,NULL,NULL,NULL,NULL,NULL,NULL,'2015-11-24',NULL,NULL,NULL,NULL,NULL,NULL,NULL,NULL,NULL,NULL,NULL,NULL,NULL,4,520000,NULL,NULL,NULL,35,NULL,0,NULL,0,NULL,NULL,NULL),(696,'10013','馬','野','','','','',NULL,'',NULL,NULL,'2015-11-24','','','','','','',NULL,'',NULL,'','','','',4,550000,NULL,13,NULL,35,NULL,0,NULL,0,NULL,NULL,NULL),(697,'10014','胡','志兵','','','','',NULL,'',NULL,NULL,'2015-11-24','','','','','','',NULL,'',NULL,'','','','',4,480000,NULL,13,NULL,35,NULL,0,NULL,0,NULL,NULL,NULL),(698,'10015','郭','喜蒓','','','','',NULL,'',NULL,NULL,'2015-11-24','','','','','','',NULL,'',NULL,'','','','',4,500000,NULL,13,NULL,35,NULL,0,NULL,0,NULL,NULL,NULL),(699,'10016','杉山','さやか','','','','',NULL,'',NULL,NULL,'2015-11-24','','','','','','',NULL,'',NULL,'','','','',4,325000,NULL,13,NULL,36,NULL,0,NULL,0,NULL,NULL,NULL),(700,'10017','施','健清','','','','',NULL,'',NULL,NULL,'2015-11-24','','','','','','',NULL,'',NULL,'','','','',4,500000,NULL,13,NULL,37,NULL,0,NULL,0,NULL,NULL,NULL),(701,'10018','唐','暁東','','','','',NULL,'',NULL,NULL,'2015-11-24','','','','','','',NULL,'',NULL,'','','','',4,450000,NULL,13,NULL,22,NULL,0,NULL,0,NULL,NULL,NULL),(702,'10019','井之前','宏二',NULL,NULL,NULL,NULL,NULL,NULL,NULL,NULL,'2015-11-24',NULL,NULL,NULL,NULL,NULL,NULL,NULL,NULL,NULL,NULL,NULL,NULL,NULL,4,600000,NULL,NULL,NULL,38,NULL,0,NULL,0,NULL,NULL,NULL),(703,'10020','趙','陽','','','','',NULL,'',NULL,NULL,'2015-11-24','','','','','','',NULL,'',NULL,'','','','',4,500000,NULL,13,NULL,39,NULL,0,NULL,0,NULL,NULL,NULL),(704,'10021','陶','鍇','','','','',NULL,'',NULL,NULL,'2015-11-24','','','','','','',NULL,'',NULL,'','','','',4,400000,NULL,13,NULL,16,NULL,0,NULL,0,NULL,NULL,NULL),(705,'10022','呉','海生',NULL,NULL,NULL,NULL,NULL,NULL,NULL,NULL,'2015-11-24',NULL,NULL,NULL,NULL,NULL,NULL,NULL,NULL,NULL,NULL,NULL,NULL,NULL,4,580000,NULL,NULL,NULL,40,NULL,0,NULL,0,NULL,NULL,NULL),(706,'10023','海','塔娜',NULL,NULL,NULL,NULL,NULL,NULL,NULL,NULL,'2015-11-24',NULL,NULL,NULL,NULL,NULL,NULL,NULL,NULL,NULL,NULL,NULL,NULL,NULL,4,510000,NULL,NULL,NULL,41,NULL,0,NULL,0,NULL,NULL,NULL),(707,'0350','苗','暢松','ビョウチョウショウ','','','','1','','1980-01-01',NULL,'2015-12-01','','changsong_miao@163.com','','','','',NULL,'08098204439',NULL,'','','','',1,0,1,14,4,NULL,NULL,0,NULL,0,NULL,NULL,NULL),(708,'0357','井之前','宏二','イノマエコウジ',NULL,NULL,NULL,'1',NULL,'1974-12-27',NULL,'2015-05-01','','kohji.inomae@trust.co.jp','1710031','東京都豊島区目白3-13-18-205',NULL,'',NULL,'09088010353',NULL,NULL,NULL,NULL,NULL,0,600000,1,NULL,1,NULL,NULL,0,NULL,0,'2015-12-11 12:09:47','35.72269740000001','139.70546739999997'),(709,'0356','晏','紅','エンコウ','','','','2','','1969-02-15',NULL,'2015-12-01','','yanhong0004@yahoo.co.jp','','','','',NULL,'',NULL,'','','','',1,620000,1,14,1,NULL,NULL,0,NULL,0,NULL,NULL,NULL),(710,'0355','張','運立','チョウウンリツ','','','','1','','1980-10-02',NULL,'2015-12-01','','zhylskyjp@yahoo.co.jp','3330853','埼玉県川口市芝園町3-2-509','','',NULL,'08048513399',NULL,'','','','',1,850000,1,13,1,NULL,NULL,0,NULL,0,'2015-12-11 12:11:43','35.8326281','139.68391889999998'),(711,'0354','張','賽','チョウサイ','','','','2','','1990-09-30',NULL,'2015-12-01','','314104853@qq.com','','','','',NULL,'08042895018',NULL,'','','','',1,20000,1,14,1,NULL,NULL,0,NULL,0,NULL,NULL,NULL),(712,'0353','馬','志峰','マシホウ','','','','1','','1980-01-01',NULL,'2015-12-01','','','','','','',NULL,'',NULL,'','','','',1,530000,1,17,1,NULL,NULL,0,NULL,0,NULL,NULL,NULL),(713,'0352','弓長','聖','ユミナガセイコ','','','','2','','1980-01-01',NULL,'2015-12-01','','mennygu@gmail.com','','','','',NULL,'08041945788',NULL,'','','','',1,505000,1,16,1,NULL,NULL,0,NULL,0,NULL,NULL,NULL),(714,'0351','李','軼欧','リ','イツオウ','','','2','','1983-04-06',NULL,'2015-12-01','','leona.liyiou@hotmail.com','','','','',NULL,'',NULL,'','','','',1,470000,1,16,1,NULL,NULL,0,NULL,0,NULL,NULL,NULL),(715,'2','劉','輝','','','','',NULL,'',NULL,NULL,'2015-12-07','','','','','','',NULL,'',NULL,'','','','',2,0,1,14,NULL,NULL,NULL,0,NULL,0,NULL,NULL,NULL),(716,'0358','郝','克強','カクコクキョウ','','','','1','','1980-01-01',NULL,'2016-01-01','','hkq283546807@yahoo.co.jp','','','','',NULL,'08048810151',NULL,'','','','',1,570000,1,14,4,NULL,NULL,0,NULL,0,NULL,NULL,NULL),(717,'12345','姜','夏楓','','','','',NULL,'',NULL,NULL,'2015-12-11','','','','','','',NULL,'',NULL,'','','','',4,600000,NULL,NULL,NULL,11,NULL,0,NULL,0,NULL,NULL,NULL),(718,'12341','曾','強','','','','',NULL,'',NULL,NULL,'2015-12-11','','','','','','',NULL,'',NULL,'','','','',4,500000,NULL,NULL,NULL,1,NULL,0,NULL,0,NULL,NULL,NULL),(719,'12340','斉','日光','','','','',NULL,'',NULL,NULL,'2015-12-11','','','','','','',NULL,'',NULL,'','','','',4,620000,NULL,14,NULL,17,NULL,0,NULL,0,NULL,NULL,NULL),(720,'12342','範','智峰','','','','',NULL,'',NULL,NULL,'2015-12-11','','','','','','',NULL,'',NULL,'','','','',4,550000,NULL,14,NULL,12,NULL,0,NULL,0,NULL,NULL,NULL),(721,'12343','唐','輝','','','','',NULL,'',NULL,NULL,'2015-12-11','','','','','','',NULL,'',NULL,'','','','',4,550000,NULL,14,NULL,12,NULL,0,NULL,0,NULL,NULL,NULL),(722,'12344','潘','暁亮','','','','',NULL,'',NULL,NULL,'2015-12-11','','','','','','',NULL,'',NULL,'','','','',4,580000,NULL,14,NULL,10,NULL,0,NULL,0,NULL,NULL,NULL),(723,'12346','翟','如昌','','','','',NULL,'',NULL,NULL,'2015-12-11','','','','','','',NULL,'',NULL,'','','','',4,560000,NULL,14,NULL,6,NULL,0,NULL,0,NULL,NULL,NULL),(724,'12347','于','芝文','','','','',NULL,'',NULL,NULL,'2015-12-11','','','','','','',NULL,'',NULL,'','','','',4,530000,NULL,14,NULL,44,NULL,0,NULL,0,NULL,NULL,NULL),(725,'100000','張','運立','','','','',NULL,'',NULL,NULL,'2015-12-01','','','','','','',NULL,'',NULL,'','','','',3,85,1,NULL,NULL,NULL,NULL,0,NULL,0,NULL,NULL,NULL),(726,'111111','王','建明','','','','',NULL,'',NULL,NULL,'2015-10-01','','','','','','',NULL,'',NULL,'','','','',4,520000,NULL,14,NULL,39,NULL,0,NULL,0,NULL,NULL,NULL),(727,'111112','李','震峰','','','','',NULL,'',NULL,NULL,'2015-12-11','','','','','','',NULL,'',NULL,'','','','',4,350000,NULL,14,NULL,11,NULL,0,NULL,0,NULL,NULL,NULL),(728,'12348','徐','頴','','','','',NULL,'',NULL,NULL,'2015-12-14','','','','','','',NULL,'',NULL,'','','','',4,400000,NULL,16,NULL,11,NULL,0,NULL,0,NULL,NULL,NULL),(729,'12349','応','浩','','','','',NULL,'',NULL,NULL,'2015-12-14','','','','','','',NULL,'',NULL,'','','','',4,470000,NULL,8,NULL,45,NULL,0,NULL,0,NULL,NULL,NULL),(730,'23456','趙','威','','','','',NULL,'',NULL,NULL,'2015-12-14','','','','','','',NULL,'',NULL,'','','','',1,500000,1,NULL,NULL,NULL,NULL,0,NULL,0,NULL,NULL,NULL),(731,'234567','佟','志亮','','','','',NULL,'',NULL,NULL,'2015-12-14','','','','','','',NULL,'',NULL,'','','','',4,450000,NULL,14,NULL,12,NULL,0,NULL,0,NULL,NULL,NULL),(732,'234568','陳','占偉','','','','',NULL,'',NULL,NULL,'2015-12-14','','','','','','',NULL,'',NULL,'','','','',4,420000,NULL,14,NULL,46,NULL,0,NULL,0,NULL,NULL,NULL),(733,'2345678','王','哲','','','','',NULL,'',NULL,NULL,'2015-12-14','','','','','','',NULL,'',NULL,'','','','',4,420000,NULL,14,NULL,16,NULL,0,NULL,0,NULL,NULL,NULL),(734,'46578','郁','地','','','','',NULL,'',NULL,NULL,'2015-12-14','','','','','','',NULL,'',NULL,'','','','',4,500000,NULL,14,NULL,1,NULL,0,NULL,0,NULL,NULL,NULL),(735,'345678','李','華','','','','',NULL,'',NULL,NULL,'2015-12-14','','','','','','',NULL,'',NULL,'','','','',4,560000,NULL,14,NULL,11,NULL,0,NULL,0,NULL,NULL,NULL),(736,'45678','韓','秀娟','','','','',NULL,'',NULL,NULL,'2015-12-14','','','','','','',NULL,'',NULL,'','','','',4,400000,NULL,14,NULL,20,NULL,0,NULL,0,NULL,NULL,NULL),(737,'456789','何','晟宇','','','','',NULL,'',NULL,NULL,'2015-12-14','','','','','','',NULL,'',NULL,'','','','',4,360000,NULL,14,NULL,16,NULL,0,NULL,0,NULL,NULL,NULL),(738,'567891','関','俊傑','','','','',NULL,'',NULL,NULL,'2015-12-14','','','','','','',NULL,'',NULL,'','','','',4,620000,NULL,16,NULL,42,NULL,0,NULL,0,NULL,NULL,NULL),(739,'012345','宋','巍','','','','',NULL,'',NULL,NULL,'2015-12-17','','','','','','',NULL,'',NULL,'','','','',4,650000,NULL,16,NULL,14,NULL,0,NULL,0,NULL,NULL,NULL),(740,'012344','徐','玲玲','','','','',NULL,'',NULL,NULL,'2015-12-17','','','','','','',NULL,'',NULL,'','','','',4,500000,NULL,16,NULL,14,NULL,0,NULL,0,NULL,NULL,NULL),(741,'011234','崔','成超','','','','',NULL,'',NULL,NULL,'2015-12-17','','','','','','',NULL,'',NULL,'','','','',4,560000,NULL,16,NULL,14,NULL,0,NULL,0,NULL,NULL,NULL),(742,'012234','孫','偉','','','','',NULL,'',NULL,NULL,'2015-12-17','','','','','','',NULL,'',NULL,'','','','',4,580000,NULL,NULL,NULL,27,NULL,0,NULL,0,NULL,NULL,NULL),(743,'012334','曲','波','','','','',NULL,'',NULL,NULL,'2015-12-17','','','','','','',NULL,'',NULL,'','','','',4,530000,NULL,16,NULL,1,NULL,0,NULL,0,NULL,NULL,NULL),(744,'0123344','尹','暁林','','','','',NULL,'',NULL,NULL,'2015-12-17','','','','','','',NULL,'',NULL,'','','','',4,540000,NULL,16,NULL,16,NULL,0,NULL,0,NULL,NULL,NULL),(745,'234566','尹','鶴寧','','','','',NULL,'',NULL,NULL,'2015-12-17','','','','','','',NULL,'',NULL,'','','','',4,330000,NULL,16,NULL,16,NULL,0,NULL,0,NULL,NULL,NULL),(746,'0123345','祝','華峰','','','','',NULL,'',NULL,NULL,'2015-12-17','','','','','','',NULL,'',NULL,'','','','',4,480000,NULL,16,NULL,8,NULL,0,NULL,0,NULL,NULL,NULL),(747,'112345','馬','彬','','','','',NULL,'',NULL,NULL,'2015-12-17','','','','','','',NULL,'',NULL,'','','','',2,250000,1,16,NULL,NULL,NULL,0,NULL,0,NULL,NULL,NULL),(748,'001234','馮','磊','','','','',NULL,'',NULL,NULL,'2015-12-17','','','','','','',NULL,'',NULL,'','','','',4,550000,NULL,16,NULL,5,NULL,0,NULL,0,NULL,NULL,NULL),(749,'1123456','王','棟','','','','',NULL,'',NULL,NULL,'2015-12-21','','','','','','',NULL,'',NULL,'','','','',4,450000,NULL,16,NULL,22,NULL,0,NULL,0,NULL,NULL,NULL),(750,'223456','高','連興','','','','',NULL,'',NULL,NULL,'2015-12-21','','','','','','',NULL,'',NULL,'','','','',4,630000,NULL,16,NULL,8,NULL,0,NULL,0,NULL,NULL,NULL),(751,'123456','劉','文育','','','','',NULL,'',NULL,NULL,'2015-12-21','','','','','','',NULL,'',NULL,'','','','',4,540000,NULL,16,NULL,8,NULL,0,NULL,0,NULL,NULL,NULL),(752,'223345','黄','林ティ','','','','',NULL,'',NULL,NULL,'2015-12-21','','','','','','',NULL,'',NULL,'','','','',4,530000,NULL,16,NULL,47,NULL,0,NULL,0,NULL,NULL,NULL),(753,'11123','聶','文傑','','','','',NULL,'',NULL,NULL,'2015-12-21','','','','','','',NULL,'',NULL,'','','','',4,530000,NULL,NULL,NULL,1,NULL,0,NULL,0,NULL,NULL,NULL),(754,'11111101','張','海燕','','','','',NULL,'',NULL,NULL,'2015-12-01','','','','','','',NULL,'',NULL,'','','','',4,830000,NULL,17,NULL,48,NULL,0,NULL,0,NULL,NULL,NULL),(755,'112334','趙','建軍','','','','',NULL,'',NULL,NULL,'2015-12-21','','','','','','',NULL,'',NULL,'','','','',4,650000,NULL,16,NULL,49,NULL,0,NULL,0,NULL,NULL,NULL),(756,'111234','宋','明博','','','','',NULL,'',NULL,NULL,'2015-12-21','','','','','','',NULL,'',NULL,'','','','',2,280000,1,16,NULL,NULL,NULL,0,NULL,0,NULL,NULL,NULL),(757,'111223','唐','博','','','','',NULL,'',NULL,NULL,'2015-12-21','','','','','','',NULL,'',NULL,'','','','',4,520000,NULL,16,NULL,17,NULL,0,NULL,0,NULL,NULL,NULL),(758,'1112345','鞠','林峰','','','','',NULL,'',NULL,NULL,'2015-12-21','','','','','','',NULL,'',NULL,'','','','',4,400000,NULL,16,NULL,1,NULL,0,NULL,0,NULL,NULL,NULL),(759,'100123','陳','彦','','','','',NULL,'',NULL,NULL,'2015-12-21','','','','','','',NULL,'',NULL,'','','','',4,450000,NULL,16,NULL,5,NULL,0,NULL,0,NULL,NULL,NULL),(760,'1001123','郭','雲飛','','','','',NULL,'',NULL,NULL,'2015-12-21','','','','','','',NULL,'',NULL,'','','','',4,650000,NULL,16,NULL,2,NULL,0,NULL,0,NULL,NULL,NULL),(761,'011123','江','陸','','','','',NULL,'',NULL,NULL,'2015-12-21','','','','','','',NULL,'',NULL,'','','','',4,580000,NULL,16,NULL,2,NULL,0,NULL,0,NULL,NULL,NULL),(762,'011223','劉','旭','','','','',NULL,'',NULL,NULL,'2015-12-21','','','','','','',NULL,'',NULL,'','','','',4,550000,NULL,16,NULL,8,NULL,0,NULL,0,NULL,NULL,NULL),(763,'0111234','周','宇','','','','',NULL,'',NULL,NULL,'2015-12-21','','','','','','',NULL,'',NULL,'','','','',4,520000,NULL,16,NULL,1,NULL,0,NULL,0,NULL,NULL,NULL),(764,'123455','楊','旭','','','','',NULL,'',NULL,NULL,'2015-12-21','','','','','','',NULL,'',NULL,'','','','',4,620000,NULL,16,NULL,10,NULL,0,NULL,0,NULL,NULL,NULL),(765,'001223','呉','盛偉','','','','',NULL,'',NULL,NULL,'2015-12-21','','','','','','',NULL,'',NULL,'','','','',4,480000,NULL,16,NULL,10,NULL,0,NULL,0,NULL,NULL,NULL),(766,'011122','張','景旭','','','','',NULL,'',NULL,NULL,'2015-12-21','','','','','','',NULL,'',NULL,'','','','',4,480000,NULL,16,NULL,43,NULL,0,NULL,0,NULL,NULL,NULL),(767,'011221','劉','強強','','','','',NULL,'',NULL,NULL,'2015-12-21','','','','','','',NULL,'',NULL,'','','','',4,480000,NULL,16,NULL,2,NULL,0,NULL,0,NULL,NULL,NULL),(768,'001123','張','博','','','','',NULL,'',NULL,NULL,'2015-12-21','','','','','','',NULL,'',NULL,'','','','',4,480000,NULL,16,NULL,20,NULL,0,NULL,0,NULL,NULL,NULL),(769,'101123','于','作偉','','','','',NULL,'',NULL,NULL,'2015-12-21','','','','','','',NULL,'',NULL,'','','','',4,570000,NULL,16,NULL,50,NULL,0,NULL,0,NULL,NULL,NULL),(770,'012231','李','朝東','','','','',NULL,'',NULL,NULL,'2015-12-21','','','','','','',NULL,'',NULL,'','','','',4,570000,NULL,16,NULL,2,NULL,0,NULL,0,NULL,NULL,NULL),(771,'010234','庄','玲','','','','',NULL,'',NULL,NULL,'2015-12-21','','','','','','',NULL,'',NULL,'','','','',4,520000,NULL,NULL,NULL,51,NULL,0,NULL,0,NULL,NULL,NULL),(772,'010023','韓','国巳','','','','',NULL,'',NULL,NULL,'2015-12-21','','','','','','',NULL,'',NULL,'','','','',4,580000,NULL,16,NULL,5,NULL,0,NULL,0,NULL,NULL,NULL),(773,'0359','張','一鳴','チョウイチメイ',NULL,NULL,NULL,'1',NULL,'1991-10-26',NULL,'2016-01-01','zhangyiming@e-business.co.jp','980450520@qq.com',NULL,'',NULL,'',NULL,NULL,NULL,NULL,NULL,NULL,NULL,0,270000,1,NULL,1,NULL,NULL,0,NULL,0,NULL,NULL,NULL),(774,'23014','王','勇','','','','',NULL,'',NULL,NULL,'2016-01-05','','','','','','',NULL,'',NULL,'','','','',4,0,NULL,NULL,NULL,6,NULL,0,NULL,0,NULL,NULL,NULL),(775,'123546','陳','済良','','','','',NULL,'',NULL,NULL,'2016-01-05','','','','','','',NULL,'',NULL,'','','','',4,0,NULL,NULL,NULL,6,NULL,0,NULL,0,NULL,NULL,NULL),(776,'231451','佟','新','','','','',NULL,'',NULL,NULL,'2016-01-05','','','','','','',NULL,'',NULL,'','','','',4,0,NULL,NULL,NULL,1,NULL,0,NULL,0,NULL,NULL,NULL),(777,'102453','李','理','','','','',NULL,'',NULL,NULL,'2016-01-05','','','','','','',NULL,'',NULL,'','','','',4,0,NULL,NULL,NULL,1,NULL,0,NULL,0,NULL,NULL,NULL),(778,'120354','王','淼','','','','',NULL,'',NULL,NULL,'2016-01-05','','','','','','',NULL,'',NULL,'','','','',4,0,NULL,NULL,NULL,1,NULL,0,NULL,0,NULL,NULL,NULL);
/*!40000 ALTER TABLE `eb_member` ENABLE KEYS */;
UNLOCK TABLES;

--
-- Table structure for table `eb_memberattendance`
--

DROP TABLE IF EXISTS `eb_memberattendance`;
/*!40101 SET @saved_cs_client     = @@character_set_client */;
/*!40101 SET character_set_client = utf8 */;
CREATE TABLE `eb_memberattendance` (
  `id` int(11) NOT NULL AUTO_INCREMENT,
  `year` varchar(4) NOT NULL,
  `month` varchar(2) NOT NULL,
  `total_hours` decimal(5,2) NOT NULL,
  `extra_hours` decimal(5,2) NOT NULL,
  `project_member_id` int(11) NOT NULL,
  `price` int(11) NOT NULL,
  `rate` decimal(3,2) NOT NULL,
  `comment` varchar(50),
  `deleted_date` datetime,
  `is_deleted` tinyint(1) NOT NULL,
  PRIMARY KEY (`id`),
  KEY `eb_memberattendance_7277bc82` (`project_member_id`),
  CONSTRAINT `eb_memberatten_project_member_id_71486dd0_fk_eb_projectmember_id` FOREIGN KEY (`project_member_id`) REFERENCES `eb_projectmember` (`id`)
) ENGINE=InnoDB AUTO_INCREMENT=247 DEFAULT CHARSET=utf8;
/*!40101 SET character_set_client = @saved_cs_client */;

--
-- Dumping data for table `eb_memberattendance`
--

LOCK TABLES `eb_memberattendance` WRITE;
/*!40000 ALTER TABLE `eb_memberattendance` DISABLE KEYS */;
INSERT INTO `eb_memberattendance` VALUES (1,'2015','11',192.50,0.00,6,640000,1.00,'',NULL,0),(2,'2015','11',176.00,0.00,8,680000,1.00,'',NULL,0),(3,'2015','11',169.00,0.00,9,580000,1.00,'',NULL,0),(4,'2015','11',160.00,0.00,10,580000,1.00,'',NULL,0),(5,'2015','11',160.00,0.00,11,580000,1.00,'',NULL,0),(6,'2015','11',160.00,0.00,12,560000,1.00,'',NULL,0),(7,'2015','11',160.00,0.00,13,580000,1.00,'',NULL,0),(8,'2015','11',162.00,0.00,14,650000,1.00,'',NULL,0),(9,'2015','11',176.50,0.00,15,570000,1.00,'',NULL,0),(10,'2015','12',162.00,0.00,76,700000,1.00,'',NULL,0),(11,'2015','12',171.00,0.00,218,530000,1.00,'',NULL,0),(12,'2015','12',279.50,99.50,42,1474365,1.00,'',NULL,0),(13,'2015','12',254.00,74.00,43,1270000,1.00,'',NULL,0),(14,'2015','12',297.00,117.00,59,1236720,1.00,'',NULL,0),(15,'2015','12',241.00,61.00,60,964000,1.00,'',NULL,0),(16,'2015','12',264.50,84.50,61,1292360,1.00,'',NULL,0),(17,'2015','12',319.50,139.50,62,1560760,1.00,'',NULL,0),(18,'2015','12',281.00,101.00,63,1045720,1.00,'',NULL,0),(19,'2015','12',118.00,0.00,102,552632,1.00,'',NULL,0),(20,'2015','12',119.50,0.00,104,497368,1.00,'',NULL,0),(21,'2016','01',152.75,0.00,78,0,1.00,'',NULL,0),(22,'2015','12',89.50,0.00,83,300000,1.00,'',NULL,0),(23,'2015','12',161.00,0.00,86,680000,1.00,'',NULL,0),(24,'2015','12',161.00,0.00,87,610000,1.00,'',NULL,0),(25,'2016','01',178.00,0.00,72,720000,1.00,'',NULL,0),(26,'2015','12',178.00,0.00,72,720000,1.00,'',NULL,0),(27,'2015','12',152.75,0.00,78,650000,1.00,'',NULL,0),(28,'2015','12',150.00,0.00,9,580000,1.00,'',NULL,0),(29,'2015','12',160.00,0.00,10,580000,1.00,'',NULL,0),(30,'2015','12',160.00,0.00,11,580000,1.00,'',NULL,0),(31,'2015','12',163.00,0.00,12,560000,1.00,'',NULL,0),(32,'2015','12',154.00,0.00,94,800000,1.00,'',NULL,0),(34,'2015','12',159.00,0.00,271,550000,1.00,'',NULL,0),(35,'2015','12',162.00,0.00,272,395000,1.00,'',NULL,0),(36,'2015','12',167.50,0.00,107,780000,1.00,'',NULL,0),(37,'2015','12',156.00,0.00,108,680000,1.00,'',NULL,0),(38,'2015','12',145.00,0.00,109,650000,1.00,'',NULL,0),(39,'2015','12',155.00,0.00,111,540000,1.00,'',NULL,0),(40,'2015','12',160.50,0.00,112,550000,1.00,'',NULL,0),(41,'2015','12',162.75,0.00,88,635000,1.00,'',NULL,0),(42,'2015','12',150.50,0.00,273,500000,1.00,'',NULL,0),(43,'2015','12',160.00,0.00,70,650000,1.00,'',NULL,0),(44,'2015','12',160.00,0.00,71,600000,1.00,'',NULL,0),(45,'2015','12',143.50,0.00,82,700000,1.00,'',NULL,0),(46,'2015','12',179.00,0.00,46,760000,1.00,'',NULL,0),(47,'2015','12',250.50,50.50,47,789075,1.00,'',NULL,0),(48,'2015','12',155.00,0.00,48,630000,1.00,'',NULL,0),(49,'2015','12',232.00,32.00,49,707600,1.00,'',NULL,0),(50,'2015','12',161.50,0.00,50,580000,1.00,'',NULL,0),(51,'2015','12',156.50,0.00,51,510000,1.00,'',NULL,0),(52,'2015','12',225.50,25.50,207,1048575,1.00,'',NULL,0),(53,'2015','12',244.00,44.00,208,976000,1.00,'',NULL,0),(54,'2015','12',294.50,94.50,52,1325250,1.00,'',NULL,0),(55,'2015','12',233.00,33.00,53,780550,1.00,'',NULL,0),(56,'2015','12',207.00,7.00,54,569250,1.00,'',NULL,0),(57,'2015','12',292.00,92.00,55,876000,1.00,'',NULL,0),(58,'2015','12',290.00,90.00,56,1000500,1.00,'',NULL,0),(59,'2015','12',152.00,0.00,57,750000,1.00,'',NULL,0),(60,'2015','12',190.00,0.00,58,630000,1.00,'',NULL,0),(61,'2015','12',212.00,32.00,45,883440,1.00,'',NULL,0),(62,'2015','12',179.00,0.00,125,640000,1.00,'',NULL,0),(63,'2015','12',162.50,0.00,126,700000,1.00,'',NULL,0),(64,'2015','12',186.00,0.00,127,640000,1.00,'',NULL,0),(65,'2015','12',160.50,0.00,131,600000,1.00,'',NULL,0),(66,'2015','12',162.50,0.00,132,600000,1.00,'',NULL,0),(67,'2015','12',168.50,0.00,133,600000,1.00,'',NULL,0),(68,'2015','12',160.00,0.00,134,600000,1.00,'',NULL,0),(69,'2015','12',160.50,0.00,135,590000,1.00,'',NULL,0),(70,'2015','12',164.00,0.00,136,650000,1.00,'',NULL,0),(71,'2015','12',161.50,0.00,137,500000,1.00,'',NULL,0),(72,'2015','12',115.50,-24.50,105,582000,1.00,'',NULL,0),(73,'2015','12',143.50,0.00,106,680000,1.00,'',NULL,0),(74,'2015','12',145.00,0.00,27,620000,1.00,'',NULL,0),(75,'2015','12',168.50,0.00,28,650000,1.00,'',NULL,0),(76,'2015','12',171.00,0.00,29,630000,1.00,'',NULL,0),(77,'2015','12',254.50,54.50,30,831922,1.00,'',NULL,0),(78,'2015','12',181.00,0.00,31,640000,1.00,'',NULL,0),(79,'2015','12',154.00,0.00,32,600000,1.00,'',NULL,0),(80,'2015','12',220.00,20.00,33,692940,1.00,'',NULL,0),(81,'2015','12',154.50,0.00,34,600000,1.00,'',NULL,0),(82,'2015','12',145.00,0.00,35,650000,1.00,'',NULL,0),(83,'2015','12',167.00,0.00,36,640000,1.00,'',NULL,0),(84,'2015','12',163.00,0.00,37,580000,1.00,'',NULL,0),(85,'2015','12',168.50,0.00,38,620000,1.00,'',NULL,0),(86,'2015','12',159.00,0.00,39,630000,1.00,'',NULL,0),(87,'2015','12',171.50,0.00,100,600000,1.00,'',NULL,0),(88,'2015','12',179.50,0.00,21,650000,1.00,'',NULL,0),(89,'2015','12',166.50,0.00,22,650000,1.00,'',NULL,0),(90,'2015','12',150.00,0.00,16,620000,1.00,'',NULL,0),(91,'2015','12',158.50,0.00,17,570000,1.00,'',NULL,0),(92,'2015','12',152.00,0.00,18,530000,1.00,'',NULL,0),(93,'2015','12',174.50,0.00,7,680000,1.00,'',NULL,0),(94,'2015','12',160.00,0.00,26,630000,1.00,'',NULL,0),(95,'2015','12',166.50,0.00,8,680000,1.00,'',NULL,0),(96,'2015','12',158.75,0.00,110,600000,1.00,'',NULL,0),(97,'2015','12',155.00,0.00,19,650000,1.00,'',NULL,0),(98,'2015','12',159.50,0.00,20,580000,1.00,'',NULL,0),(99,'2015','12',142.00,-8.00,114,662720,1.00,'',NULL,0),(100,'2015','12',8.00,-142.00,115,38280,1.00,'',NULL,0),(101,'2015','12',96.50,-53.50,41,386000,1.00,'',NULL,0),(102,'2015','12',128.00,-12.00,5,594320,1.00,'',NULL,0),(104,'2015','12',152.00,152.00,274,473000,1.00,'',NULL,0),(105,'2015','12',152.00,0.00,44,0,1.00,'',NULL,0),(106,'2015','12',155.00,0.00,275,540000,1.00,'',NULL,0),(107,'2015','12',130.75,0.00,84,435000,1.00,'',NULL,0),(108,'2015','12',35.75,0.00,23,147368,1.00,'',NULL,0),(109,'2015','12',152.00,0.00,24,650000,1.00,'',NULL,0),(110,'2015','12',32.50,0.00,25,132632,1.00,'',NULL,0),(111,'2015','12',0.00,0.00,276,0,1.00,'',NULL,0),(112,'2015','12',0.00,0.00,277,0,1.00,'',NULL,0),(113,'2015','12',171.00,0.00,95,650000,1.00,'',NULL,0),(114,'2015','12',175.00,0.00,96,650000,1.00,'',NULL,0),(115,'2015','12',169.50,0.00,97,680000,1.00,'',NULL,0),(116,'2015','12',206.50,6.50,233,609175,1.00,'',NULL,0),(117,'2015','12',151.00,0.00,3,550000,1.00,'',NULL,0),(118,'2015','12',182.75,0.00,79,540000,1.00,'',NULL,0),(119,'2015','12',170.75,0.00,80,600000,1.00,'',NULL,0),(120,'2015','12',210.25,20.25,81,652775,1.00,'',NULL,0),(121,'2015','12',154.00,0.00,278,560000,1.00,'',NULL,0),(122,'2015','12',153.00,0.00,279,550000,1.00,'',NULL,0),(123,'2015','12',160.00,0.00,116,750000,1.00,'',NULL,0),(124,'2015','12',164.00,0.00,117,740000,1.00,'',NULL,0),(125,'2015','12',191.50,0.00,243,500000,1.00,'',NULL,0),(126,'2015','12',160.00,0.00,103,630000,1.00,'',NULL,0),(127,'2015','12',155.50,0.00,101,600000,1.00,'',NULL,0),(128,'2015','12',181.25,0.00,209,620000,1.00,'',NULL,0),(129,'2015','12',163.00,0.00,210,550000,1.00,'',NULL,0),(130,'2015','12',161.25,0.00,212,580000,1.00,'',NULL,0),(131,'2015','12',178.50,0.00,215,520000,1.00,'',NULL,0),(132,'2015','12',167.25,0.00,217,520000,1.00,'',NULL,0),(133,'2015','12',164.50,0.00,258,650000,1.00,'',NULL,0),(134,'2015','12',163.00,0.00,261,450000,1.00,'',NULL,0),(135,'2015','12',162.75,0.00,99,700000,1.00,'',NULL,0),(136,'2015','12',209.75,29.75,98,757398,1.00,'',NULL,0),(137,'2015','12',160.00,0.00,251,890000,1.00,'',NULL,0),(138,'2015','12',168.00,0.00,252,700000,1.00,'',NULL,0),(139,'2015','12',160.00,0.00,124,610000,1.00,'',NULL,0),(140,'2015','12',160.00,0.00,118,450000,1.00,'',NULL,0),(141,'2015','12',160.00,0.00,119,670000,1.00,'',NULL,0),(142,'2015','12',140.50,-19.50,120,403840,1.00,'',NULL,0),(143,'2015','12',160.00,0.00,121,570000,1.00,'',NULL,0),(144,'2015','12',160.00,0.00,122,670000,1.00,'',NULL,0),(145,'2015','12',161.00,0.00,123,620000,1.00,'',NULL,0),(146,'2015','12',168.50,0.00,4,607000,1.00,'',NULL,0),(147,'2015','12',164.50,0.00,187,560000,1.00,'',NULL,0),(148,'2015','12',145.50,0.00,189,600000,1.00,'',NULL,0),(149,'2015','12',150.00,0.00,190,590000,1.00,'',NULL,0),(150,'2015','12',160.50,0.00,191,560000,1.00,'',NULL,0),(151,'2015','12',176.50,0.00,113,650000,1.00,'',NULL,0),(152,'2015','12',171.00,0.00,173,650000,1.00,'',NULL,0),(153,'2015','12',188.00,0.00,175,650000,1.00,'',NULL,0),(154,'2015','12',190.00,0.00,176,600000,1.00,'',NULL,0),(155,'2015','12',210.00,0.00,177,650000,1.00,'',NULL,0),(156,'2015','12',182.00,0.00,178,550000,1.00,'',NULL,0),(157,'2015','12',181.00,0.00,179,580000,1.00,'',NULL,0),(158,'2015','12',138.00,0.00,130,350000,1.00,'',NULL,0),(159,'2015','12',175.00,0.00,128,600000,1.00,'',NULL,0),(160,'2015','12',169.00,0.00,129,630000,1.00,'',NULL,0),(161,'2015','12',168.00,0.00,167,600000,1.00,'',NULL,0),(162,'2015','12',175.00,0.00,168,600000,1.00,'',NULL,0),(163,'2015','12',157.00,0.00,280,550000,1.00,'',NULL,0),(164,'2015','12',183.00,0.00,40,550000,1.00,'',NULL,0),(165,'2015','12',160.50,0.00,14,650000,1.00,'',NULL,0),(166,'2015','12',165.50,0.00,15,570000,1.00,'',NULL,0),(167,'2015','12',161.50,0.00,216,650000,1.00,'',NULL,0),(168,'2015','12',165.50,0.00,219,500000,1.00,'',NULL,0),(169,'2015','12',222.75,42.75,220,697035,1.00,'',NULL,0),(170,'2015','12',164.50,0.00,221,650000,1.00,'',NULL,0),(171,'2015','12',179.75,0.00,222,684892,1.00,'',NULL,0),(172,'2015','12',170.50,0.00,223,500000,1.00,'',NULL,0),(173,'2015','12',161.75,0.00,224,560000,1.00,'',NULL,0),(174,'2015','12',220.25,40.25,225,750120,1.00,'',NULL,0),(175,'2015','12',174.50,0.00,226,610000,1.00,'',NULL,0),(176,'2015','12',187.50,7.50,227,656216,1.00,'',NULL,0),(177,'2015','12',189.50,9.50,228,609368,1.00,'',NULL,0),(178,'2015','12',164.50,0.00,229,550000,1.00,'',NULL,0),(179,'2015','12',170.50,0.00,230,680000,1.00,'',NULL,0),(180,'2015','12',173.75,0.00,231,600000,1.00,'',NULL,0),(181,'2015','12',174.00,0.00,232,600000,1.00,'',NULL,0),(182,'2015','12',167.00,0.00,235,580000,1.00,'',NULL,0),(183,'2015','12',194.75,14.75,236,730985,1.00,'',NULL,0),(184,'2015','12',73.50,-86.50,202,285915,1.00,'',NULL,0),(185,'2015','12',189.00,9.00,237,712960,1.00,'',NULL,0),(186,'2015','12',183.50,3.50,238,568125,1.00,'',NULL,0),(187,'2015','12',182.50,2.50,239,713250,1.00,'',NULL,0),(188,'2015','12',168.00,0.00,240,650000,1.00,'',NULL,0),(189,'2015','12',169.50,0.00,241,680000,1.00,'',NULL,0),(190,'2015','12',280.00,100.00,242,921720,1.00,'',NULL,0),(191,'2015','12',172.50,0.00,244,600000,1.00,'',NULL,0),(192,'2015','12',210.00,30.00,245,653095,1.00,'',NULL,0),(193,'2015','12',179.00,0.00,246,683347,1.00,'',NULL,0),(194,'2015','12',168.50,0.00,247,650000,1.00,'',NULL,0),(195,'2015','12',191.00,11.00,248,581666,1.00,'',NULL,0),(196,'2015','12',184.00,4.00,249,574605,1.00,'',NULL,0),(197,'2015','12',173.00,0.00,250,560000,1.00,'',NULL,0),(198,'2015','12',200.50,20.50,253,584200,1.00,'',NULL,0),(199,'2015','12',206.00,26.00,254,652763,1.00,'',NULL,0),(200,'2015','12',194.50,14.50,255,676236,1.00,'',NULL,0),(201,'2015','12',169.00,0.00,256,640000,1.00,'',NULL,0),(202,'2015','12',176.00,0.00,257,600000,1.00,'',NULL,0),(203,'2015','12',173.00,0.00,259,630000,1.00,'',NULL,0),(204,'2015','12',161.50,0.00,262,580000,1.00,'',NULL,0),(205,'2015','12',194.00,14.00,281,722080,1.00,'',NULL,0),(206,'2015','12',164.50,0.00,282,575000,1.00,'',NULL,0),(207,'2015','12',187.00,7.00,283,602540,1.00,'',NULL,0),(208,'2015','12',161.50,0.00,284,602540,1.00,'',NULL,0),(209,'2015','12',160.00,0.00,263,560000,1.00,'',NULL,0),(210,'2015','12',186.25,6.25,89,634654,1.00,'',NULL,0),(211,'2015','12',172.00,0.00,285,560000,1.00,'',NULL,0),(212,'2015','12',164.50,0.00,286,560000,1.00,'',NULL,0),(213,'2015','12',206.00,26.00,203,653640,1.00,'',NULL,0),(214,'2015','12',160.00,0.00,204,580000,1.00,'',NULL,0),(215,'2015','12',199.00,19.00,205,712195,1.00,'',NULL,0),(216,'2015','12',159.00,0.00,206,580000,1.00,'',NULL,0),(217,'2015','12',183.00,3.00,211,716430,1.00,'',NULL,0),(218,'2015','12',165.00,0.00,213,500000,1.00,'',NULL,0),(219,'2015','12',166.50,0.00,214,580000,1.00,'',NULL,0),(227,'2015','12',238.00,58.00,199,677600,1.00,'',NULL,0),(228,'2015','12',251.50,71.50,200,874480,1.00,'',NULL,0),(229,'2015','12',231.00,51.00,201,710360,1.00,'',NULL,0),(230,'2015','12',160.50,0.00,264,630000,1.00,'',NULL,0),(231,'2015','12',161.50,0.00,265,540000,1.00,'',NULL,0),(232,'2015','12',152.00,0.00,266,550000,1.00,'',NULL,0),(233,'2015','12',153.00,0.00,267,510000,1.00,'',NULL,0),(234,'2015','12',166.00,0.00,197,580000,1.00,'',NULL,0),(235,'2015','12',168.50,0.00,198,550000,1.00,'',NULL,0),(236,'2015','12',166.50,4.50,268,533835,1.00,'',NULL,0),(237,'2015','12',152.00,0.00,287,598480,1.00,'',NULL,0),(238,'2015','12',160.00,0.00,288,530000,1.00,'',NULL,0),(239,'2015','12',152.00,0.00,289,550960,1.00,'',NULL,0),(240,'2015','12',176.00,0.00,290,550000,1.00,'',NULL,0),(241,'2015','12',186.50,6.50,291,597095,1.00,'',NULL,0),(242,'2015','12',167.00,0.00,292,680000,1.00,'',NULL,0),(243,'2015','12',179.00,0.00,293,581760,1.00,'',NULL,0),(244,'2015','12',171.00,0.00,294,680000,1.00,'',NULL,0),(245,'2015','12',174.50,0.00,295,450000,1.00,'',NULL,0),(246,'2015','12',158.00,0.00,296,490000,1.00,'',NULL,0);
/*!40000 ALTER TABLE `eb_memberattendance` ENABLE KEYS */;
UNLOCK TABLES;

--
-- Table structure for table `eb_memberexpenses`
--

DROP TABLE IF EXISTS `eb_memberexpenses`;
/*!40101 SET @saved_cs_client     = @@character_set_client */;
/*!40101 SET character_set_client = utf8 */;
CREATE TABLE `eb_memberexpenses` (
  `id` int(11) NOT NULL AUTO_INCREMENT,
  `year` varchar(4) NOT NULL,
  `month` varchar(2) NOT NULL,
  `price` int(11) NOT NULL,
  `category_id` int(11) NOT NULL,
  `project_member_id` int(11) NOT NULL,
  `deleted_date` datetime,
  `is_deleted` tinyint(1) NOT NULL,
  PRIMARY KEY (`id`),
  KEY `eb_memberexpenses_category_id_5c8581e2_fk_eb_expensescategory_id` (`category_id`),
  KEY `eb_memberexpen_project_member_id_4d836b10_fk_eb_projectmember_id` (`project_member_id`),
  CONSTRAINT `eb_memberexpen_project_member_id_4d836b10_fk_eb_projectmember_id` FOREIGN KEY (`project_member_id`) REFERENCES `eb_projectmember` (`id`),
  CONSTRAINT `eb_memberexpenses_category_id_5c8581e2_fk_eb_expensescategory_id` FOREIGN KEY (`category_id`) REFERENCES `eb_expensescategory` (`id`)
) ENGINE=InnoDB AUTO_INCREMENT=23 DEFAULT CHARSET=utf8;
/*!40101 SET character_set_client = @saved_cs_client */;

--
-- Dumping data for table `eb_memberexpenses`
--

LOCK TABLES `eb_memberexpenses` WRITE;
/*!40000 ALTER TABLE `eb_memberexpenses` DISABLE KEYS */;
INSERT INTO `eb_memberexpenses` VALUES (1,'2015','12',141420,1,42,NULL,0),(2,'2015','12',66160,1,43,NULL,0),(3,'2015','12',40920,1,59,NULL,0),(4,'2015','12',60940,1,61,NULL,0),(5,'2015','12',100590,1,62,NULL,0),(6,'2015','12',62670,1,63,NULL,0),(7,'2015','12',30000,3,72,NULL,0),(8,'2015','12',401710,4,72,NULL,0),(9,'2015','12',400,1,9,NULL,0),(10,'2015','12',1626,1,12,NULL,0),(11,'2015','12',34060,5,94,NULL,0),(12,'2015','12',14260,1,47,NULL,0),(13,'2015','12',12840,1,50,NULL,0),(14,'2015','12',31090,1,52,NULL,0),(15,'2015','12',2350,1,53,NULL,0),(16,'2015','12',8740,1,55,NULL,0),(17,'2015','12',11142,1,58,NULL,0),(18,'2015','12',7750,1,233,NULL,0),(19,'2015','12',616,1,191,NULL,0),(20,'2015','12',37066,1,173,NULL,0),(21,'2015','12',7032,1,177,NULL,0),(22,'2015','12',33650,1,89,NULL,0);
/*!40000 ALTER TABLE `eb_memberexpenses` ENABLE KEYS */;
UNLOCK TABLES;

--
-- Table structure for table `eb_os`
--

DROP TABLE IF EXISTS `eb_os`;
/*!40101 SET @saved_cs_client     = @@character_set_client */;
/*!40101 SET character_set_client = utf8 */;
CREATE TABLE `eb_os` (
  `id` int(11) NOT NULL AUTO_INCREMENT,
  `name` varchar(15) NOT NULL,
  `deleted_date` datetime,
  `is_deleted` tinyint(1) NOT NULL,
  PRIMARY KEY (`id`),
  UNIQUE KEY `name` (`name`)
) ENGINE=InnoDB DEFAULT CHARSET=utf8;
/*!40101 SET character_set_client = @saved_cs_client */;

--
-- Dumping data for table `eb_os`
--

LOCK TABLES `eb_os` WRITE;
/*!40000 ALTER TABLE `eb_os` DISABLE KEYS */;
/*!40000 ALTER TABLE `eb_os` ENABLE KEYS */;
UNLOCK TABLES;

--
-- Table structure for table `eb_positionship`
--

DROP TABLE IF EXISTS `eb_positionship`;
/*!40101 SET @saved_cs_client     = @@character_set_client */;
/*!40101 SET character_set_client = utf8 */;
CREATE TABLE `eb_positionship` (
  `id` int(11) NOT NULL AUTO_INCREMENT,
  `position` int(11) DEFAULT NULL,
  `is_part_time` tinyint(1) NOT NULL,
  `member_id` int(11) NOT NULL,
  `section_id` int(11) NOT NULL,
  `deleted_date` datetime,
  `is_deleted` tinyint(1) NOT NULL,
  PRIMARY KEY (`id`),
  KEY `eb_positionship_member_id_7b8c2cce_fk_eb_member_id` (`member_id`),
  KEY `eb_positionship_730f6511` (`section_id`),
  CONSTRAINT `eb_positionship_member_id_7b8c2cce_fk_eb_member_id` FOREIGN KEY (`member_id`) REFERENCES `eb_member` (`id`),
  CONSTRAINT `eb_positionship_section_id_12d6c7f0_fk_eb_section_id` FOREIGN KEY (`section_id`) REFERENCES `eb_section` (`id`)
) ENGINE=InnoDB DEFAULT CHARSET=utf8;
/*!40101 SET character_set_client = @saved_cs_client */;

--
-- Dumping data for table `eb_positionship`
--

LOCK TABLES `eb_positionship` WRITE;
/*!40000 ALTER TABLE `eb_positionship` DISABLE KEYS */;
/*!40000 ALTER TABLE `eb_positionship` ENABLE KEYS */;
UNLOCK TABLES;

--
-- Table structure for table `eb_project`
--

DROP TABLE IF EXISTS `eb_project`;
/*!40101 SET @saved_cs_client     = @@character_set_client */;
/*!40101 SET character_set_client = utf8 */;
CREATE TABLE `eb_project` (
  `id` int(11) NOT NULL AUTO_INCREMENT,
  `name` varchar(50) NOT NULL,
  `description` longtext,
  `start_date` date DEFAULT NULL,
  `end_date` date DEFAULT NULL,
  `address` varchar(255) DEFAULT NULL,
  `status` int(11) NOT NULL,
  `boss_id` int(11) DEFAULT NULL,
  `client_id` int(11) DEFAULT NULL,
  `middleman_id` int(11),
  `salesperson_id` int(11),
  `attendance_type` varchar(1) NOT NULL,
  `deleted_date` datetime,
  `is_deleted` tinyint(1) NOT NULL,
  `max_hours` decimal(5,2) NOT NULL,
  `min_hours` decimal(5,2) NOT NULL,
  `is_lump` tinyint(1) NOT NULL,
  `lump_amount` bigint(20),
  `insert_date` datetime,
  `update_date` datetime,
  `lump_comment` varchar(200),
  PRIMARY KEY (`id`),
  UNIQUE KEY `eb_project_name_3baa033a_uniq` (`name`,`client_id`),
  KEY `eb_project_boss_id_3f817684_fk_eb_clientmember_id` (`boss_id`),
  KEY `eb_project_client_id_422197e8_fk_eb_client_id` (`client_id`),
  KEY `eb_project_a4849c17` (`middleman_id`),
  KEY `eb_project_611cf3bd` (`salesperson_id`),
  CONSTRAINT `eb_project_boss_id_3f817684_fk_eb_clientmember_id` FOREIGN KEY (`boss_id`) REFERENCES `eb_clientmember` (`id`),
  CONSTRAINT `eb_project_client_id_422197e8_fk_eb_client_id` FOREIGN KEY (`client_id`) REFERENCES `eb_client` (`id`),
  CONSTRAINT `eb_project_middleman_id_230e7a51_fk_eb_clientmember_id` FOREIGN KEY (`middleman_id`) REFERENCES `eb_clientmember` (`id`),
  CONSTRAINT `eb_project_salesperson_id_27024ee5_fk_eb_salesperson_id` FOREIGN KEY (`salesperson_id`) REFERENCES `eb_salesperson` (`id`)
) ENGINE=InnoDB AUTO_INCREMENT=127 DEFAULT CHARSET=utf8;
/*!40101 SET character_set_client = @saved_cs_client */;

--
-- Dumping data for table `eb_project`
--

LOCK TABLES `eb_project` WRITE;
/*!40000 ALTER TABLE `eb_project` DISABLE KEYS */;
INSERT INTO `eb_project` VALUES (1,'社会保険システム業務開発及び維持','','2015-11-01','2015-11-30','東京都三鷹市下連雀5-7-1',4,NULL,1,NULL,NULL,'1',NULL,0,180.00,160.00,0,0,NULL,NULL,NULL),(2,'プリカ決済PF開発支援','プリカ決済PFの開発支援作業','2015-11-01','2015-12-31','新宿区市谷田町2-17',4,NULL,1,NULL,NULL,'1',NULL,0,180.00,160.00,0,0,NULL,NULL,NULL),(3,'CC-Quattro研究開発支援（拡販向け課題対応）','','2015-11-01','2015-12-30','',4,NULL,15,NULL,NULL,'1',NULL,0,200.00,160.00,0,0,NULL,'2015-12-17 11:13:42',NULL),(4,'あいおいニッセイ同和損害保険','損害保険会社向け　基幹系システム開発・保守（収納領域）','2015-10-01','2015-12-31','千葉ニュータウン中央',4,NULL,19,NULL,NULL,'1',NULL,0,180.00,160.00,0,0,NULL,NULL,NULL),(5,'Salesforce技術支援','','2015-10-01','2015-12-31','東陽町',4,NULL,26,NULL,NULL,'1',NULL,0,180.00,160.00,0,0,NULL,'2016-01-05 09:46:17',''),(6,'コールセンタシステム開発支援','コールセンタシステム開発支援','2015-10-01','2016-03-31','',4,NULL,1,NULL,NULL,'1',NULL,0,190.00,150.00,0,0,NULL,NULL,NULL),(7,'みずほ担保オンラインプロジェクト設計・開発','','2015-11-01','2015-12-31','',4,NULL,35,NULL,NULL,'1',NULL,0,190.00,150.00,0,0,NULL,'2015-12-18 06:52:01',NULL),(8,'カード会社様次期システム案件','','2015-11-01','2015-12-31','',4,NULL,9,NULL,NULL,'1',NULL,0,180.00,140.00,0,0,NULL,NULL,NULL),(9,'JAL・運航旅客システム開発/PJ支援','','2015-10-01','2016-01-31','',4,NULL,1,NULL,NULL,'2',NULL,0,190.00,150.00,0,0,NULL,NULL,NULL),(10,'ANACore2015年度定常改修','','2015-10-01','2015-12-31','',4,NULL,1,NULL,NULL,'2',NULL,0,180.00,160.00,0,0,NULL,NULL,NULL),(11,'Webアプリケーション再構築開発支援','','2015-11-01','2015-12-31','',4,NULL,1,NULL,NULL,'2',NULL,0,190.00,150.00,0,0,NULL,NULL,NULL),(12,'KIRIN社向け需給システム再構築開発支援','','2015-11-01','2015-12-31','',4,NULL,1,NULL,NULL,'1',NULL,0,190.00,150.00,0,0,NULL,NULL,NULL),(13,'明治安田生命保険相互会社様向けシステム開発支援','','2015-10-01','2015-12-31','',4,NULL,1,NULL,NULL,'2',NULL,0,200.00,140.00,0,0,NULL,NULL,NULL),(14,'Web通販・会員Webシステムの設計～プログラム～テストを行う','','2015-12-01','2016-01-31','',4,NULL,13,NULL,NULL,'2',NULL,0,200.00,150.00,0,0,NULL,NULL,NULL),(15,'東京電力様向け託送システム開発','','2015-10-01','2015-12-31','',4,NULL,14,NULL,NULL,'2',NULL,0,180.00,140.00,0,0,NULL,NULL,NULL),(16,'PHPシステム開発支援','','2015-12-04','2015-12-31','神谷町',4,NULL,36,NULL,NULL,'1',NULL,0,180.00,140.00,0,0,NULL,NULL,NULL),(17,'salesforce開発支援','','2015-12-01','2015-12-31','神谷町',4,NULL,36,NULL,NULL,'1',NULL,0,180.00,140.00,0,0,NULL,NULL,NULL),(18,'INTEC-電力関連開発支援（1510-1512）','','2015-10-01','2015-12-31','東陽町',4,NULL,26,NULL,NULL,'2',NULL,0,200.00,150.00,0,0,NULL,NULL,NULL),(19,'INTEC-電力関連開発支援（1511-1512）','','2015-11-01','2015-12-31','東陽町',4,NULL,26,NULL,NULL,'2',NULL,0,200.00,150.00,0,0,NULL,NULL,NULL),(20,'　INTEC-電力関連開発支援（1511-1512）','','2015-11-01','2015-12-31','東陽町',4,NULL,26,NULL,NULL,'2',NULL,0,200.00,150.00,0,0,NULL,NULL,NULL),(21,'INTEC-電力関連開発支援（1510-1512）A23830230','','2015-10-01','2015-12-31','東陽町',4,NULL,26,NULL,NULL,'2',NULL,0,200.00,150.00,0,0,NULL,NULL,NULL),(22,'SMCC殿向け次期クレジットシステム再構築に係る業務','','2015-10-01','2015-12-31','東京都品川区北品川6-7-29',4,NULL,11,NULL,8,'1',NULL,0,180.00,160.00,0,0,NULL,NULL,NULL),(23,'ライフGRプロジェクト2015','','2015-10-19','2015-12-31','神奈川県横浜市青葉区荏田西1-3-20',4,NULL,11,NULL,8,'1','2015-12-16 01:32:06',1,190.00,150.00,0,0,NULL,NULL,NULL),(24,'ゆうちょJC開発　2017年1月及び5月案件及び付帯作業','','2015-10-01','2015-12-31','',4,NULL,11,NULL,8,'1',NULL,0,190.00,150.00,0,0,NULL,NULL,NULL),(25,'需給保税システム仕様変更対応','','2015-08-01','2016-01-31','',4,NULL,12,NULL,16,'1',NULL,0,190.00,150.00,0,0,NULL,NULL,NULL),(26,'需給保税システム仕様変更対応(徐）','','2015-09-01','2016-01-31','',4,NULL,12,NULL,16,'1',NULL,0,190.00,150.00,0,0,NULL,NULL,NULL),(27,'生命保険関連/保全BPO業務','','2015-12-01','2016-03-31','川崎',4,NULL,37,NULL,8,'2',NULL,0,200.00,160.00,0,0,NULL,NULL,NULL),(28,'次期ファイナンスシステム構築作業における請負契約','','2015-12-01','2015-12-31','',4,NULL,5,NULL,14,'1',NULL,0,180.00,140.00,0,0,NULL,NULL,NULL),(29,'SMBCFS統合契約精算システム保守契約に関する請負契約','','2015-12-01','2015-12-31','',4,NULL,5,NULL,14,'1',NULL,0,180.00,140.00,0,0,NULL,NULL,NULL),(30,'SMBCFS統合契約精算システム保守契約に関する請負契約(張）','','2015-12-01','2015-12-31','',4,NULL,5,NULL,14,'2',NULL,0,180.00,140.00,0,0,NULL,NULL,NULL),(31,'windchill構築に向けた開発要件定義及びテスト','','2015-10-01','2015-12-31','東陽町',4,NULL,24,NULL,NULL,'1',NULL,0,180.00,160.00,0,0,NULL,NULL,NULL),(32,'SMBCFS統合契約精算システム保守契約に関する請負契約（王）','','2015-12-01','2015-12-31','',4,NULL,5,NULL,14,'2',NULL,0,180.00,140.00,0,0,NULL,NULL,NULL),(33,'ソフトウェア開発（4条1項1号業務）','','2015-12-01','2016-02-29','',4,NULL,38,NULL,16,'1',NULL,0,180.00,140.00,0,0,NULL,'2016-01-04 02:15:46',NULL),(34,'情報システムに関する技術支援業務','','2015-12-01','2015-12-31','客先指定場所',4,NULL,16,NULL,NULL,'1',NULL,0,200.00,150.00,0,0,NULL,NULL,NULL),(35,'ソフトウェア開発（4条1項1号業務）（荘）','','2015-12-01','2015-12-22','',4,NULL,38,NULL,16,'1',NULL,0,90.00,70.00,0,0,NULL,NULL,NULL),(36,'メモアプリエンハンス（IOS）/アプリ開発','','2015-12-01','2015-12-31','浜松町',4,NULL,30,NULL,NULL,'2',NULL,0,200.00,140.00,0,0,NULL,NULL,NULL),(37,'C#開発要員','','2015-12-07','2015-12-31','客先指定場所',4,NULL,39,NULL,NULL,'1',NULL,0,150.00,120.00,0,0,NULL,NULL,NULL),(38,'国保システム開発支援','','2015-12-01','2015-12-31','',4,NULL,2,NULL,NULL,'1',NULL,0,200.00,160.00,0,0,NULL,NULL,NULL),(39,'リクルートじゃらん支援','','2015-12-01','2015-12-31','',4,NULL,40,NULL,8,'1',NULL,0,180.00,160.00,0,0,NULL,NULL,NULL),(40,'EPSON運用支援作業・EPG開発支援作業','','2015-10-01','2015-12-31','東京都新宿区西新宿6-24-1　西新宿三井ビル21F',4,NULL,41,NULL,NULL,'3',NULL,0,200.00,160.00,0,0,NULL,NULL,NULL),(41,'ソフトウェア開発','','2015-11-25','2015-12-31','',4,NULL,38,NULL,16,'1',NULL,0,200.00,140.00,0,0,NULL,NULL,NULL),(42,'金融システムハンス対応','','2015-12-01','2015-12-31','名古屋市中区栄三丁目17番12号　大津通り電気ビル',4,NULL,4,NULL,16,'1',NULL,0,180.00,160.00,0,0,NULL,NULL,NULL),(43,'基本設計行程「基本設計書」作成','','2015-12-01','2015-12-31','神奈川県横浜市青葉区荏田西1-3-20',4,NULL,11,NULL,8,'1',NULL,0,190.00,150.00,0,0,NULL,NULL,NULL),(44,'NTT-D FGCC　次世代ファイナンス一括　追加開発+障害対応','','2015-12-01','2015-12-31','東京都品川区北品川6-7-29　ガーデンシティ品川御殿山ビル8階',4,NULL,6,NULL,8,'1',NULL,0,180.00,160.00,1,8612000,NULL,'2015-12-21 07:56:52',NULL),(45,'部品移管システム（FlowLites)老朽更新','','2015-11-01','2015-12-20','',4,NULL,5,NULL,14,'2',NULL,0,131.00,102.00,0,0,NULL,NULL,NULL),(46,'延滞管理システム保守対応に関する請負契約','','2015-10-01','2015-12-31','',4,NULL,5,NULL,14,'2',NULL,0,180.00,140.00,0,0,NULL,NULL,NULL),(47,'PJ向けABAP開発支援SAPサポート','','2015-12-01','2015-12-31','大崎',4,NULL,29,NULL,NULL,'2',NULL,0,180.00,140.00,0,0,NULL,NULL,NULL),(48,'保険システム開発','','2015-12-01','2015-12-31','笹塚',4,NULL,28,NULL,NULL,'2',NULL,0,180.00,140.00,0,0,NULL,NULL,NULL),(49,'Lシ11　殿向け【物流ソ】開発作番','','2015-10-01','2015-12-31','東陽町',4,NULL,22,NULL,NULL,'1',NULL,0,180.00,140.00,0,0,NULL,NULL,NULL),(50,'Lシ11　殿向けTRINET保守作業','','2015-10-01','2015-12-31','東陽町',4,NULL,22,NULL,NULL,'1',NULL,0,180.00,140.00,0,0,NULL,NULL,NULL),(51,'Webアプリケーション再構築開発支援　','','2015-12-01','2015-12-31','',4,NULL,1,NULL,14,'2',NULL,0,180.00,160.00,0,0,NULL,NULL,NULL),(52,'みずほ銀行向け業務の開発支援②','','2015-12-01','2015-12-31','客先指定場所',4,NULL,27,NULL,NULL,'1',NULL,0,200.00,155.00,0,0,NULL,NULL,NULL),(53,'FRグローバル共通基盤AP維持','','2015-12-07','2015-12-31','豊洲',4,NULL,1,NULL,14,'1',NULL,0,150.00,118.00,0,0,NULL,NULL,NULL),(54,'みずほ銀行向け業務の開発支援①','','2015-12-01','2015-12-31','客先指定場所',4,NULL,27,NULL,NULL,'1',NULL,0,200.00,155.00,0,0,NULL,NULL,NULL),(55,'データ統合システム開発','','2015-12-01','2016-03-31','',4,NULL,1,NULL,14,'2',NULL,0,200.00,140.00,0,0,NULL,NULL,NULL),(56,'NTTコムウェア殿向け共通経理システム時期開発作業','','2015-11-04','2015-12-31','品川シーサイド',4,NULL,31,NULL,NULL,'1',NULL,0,180.00,140.00,0,0,NULL,NULL,NULL),(57,'みずほ銀行殿向け　次期システム・市場系','','2015-12-01','2015-12-31','テレコムセンター',4,NULL,19,NULL,NULL,'1',NULL,0,0.00,0.00,0,0,NULL,NULL,NULL),(58,'ユーキャン様システム再構築開発支援','','2015-12-01','2016-01-31','豊洲',4,NULL,1,NULL,14,'1',NULL,0,190.00,150.00,0,0,NULL,NULL,NULL),(59,'クレジット系システムの保守作業','','2015-11-20','2016-01-31','客先指定場所',4,NULL,42,NULL,NULL,'1',NULL,0,180.00,140.00,0,0,NULL,NULL,NULL),(60,'ANA様向け　POSITIVE導入','','2015-12-01','2015-12-31','品川',4,NULL,18,NULL,NULL,'1',NULL,0,200.00,140.00,0,0,NULL,NULL,NULL),(61,'i*Standard保守作業','','2015-10-01','2015-12-31','品川',4,NULL,18,NULL,NULL,'1',NULL,0,190.00,140.00,0,0,NULL,NULL,NULL),(62,'東京電力　託送検針機能開発に関するSES支援','','2015-12-01','2015-12-31','客先指定場所',4,NULL,4,NULL,NULL,'2',NULL,0,180.00,160.00,0,0,NULL,NULL,NULL),(63,'平成27年経過管理開発業務に係る基盤ソフトウェア開発C','','2015-12-01','2015-12-31','三鷹',4,NULL,4,NULL,NULL,'2',NULL,0,180.00,160.00,0,0,NULL,NULL,NULL),(64,'JaLC2＿J3コンテンツ拡大対応','','2015-12-01','2015-12-31','客先指定場所',4,NULL,4,NULL,NULL,'2',NULL,0,180.00,160.00,0,0,NULL,NULL,NULL),(65,'Ｗｅｂアプリケーション再構築開発支援（楊旭峰）','','2015-10-01','2015-12-31','新橋',4,NULL,1,NULL,14,'2',NULL,0,190.00,150.00,0,0,NULL,NULL,NULL),(66,'三井住友海上火災保険【傷害新種更改・周辺】保険業法・監督指針改定対応','','2015-12-01','2015-12-31','聖蹟桜丘',4,NULL,19,NULL,NULL,'1',NULL,0,0.00,0.00,0,0,NULL,NULL,NULL),(67,'三井住友海上あいおい生命保険名寄せ通算契約（損保）','','2015-12-01','2015-12-31','聖蹟桜の丘',4,NULL,19,NULL,NULL,'1',NULL,0,0.00,0.00,0,0,NULL,'2016-01-06 07:05:36',''),(68,'マイナンバーに関わる開発支援','','2015-12-01','2015-12-31','',4,NULL,2,NULL,16,'1',NULL,0,200.00,160.00,0,0,NULL,NULL,NULL),(69,'マイナンバーに関わる開発支援（何）','','2015-12-01','2015-12-31','',4,NULL,2,NULL,16,'1',NULL,0,200.00,160.00,0,0,NULL,NULL,NULL),(70,'生命保険会社向け保険金・給付金支払システム構築（万）','','2015-12-01','2015-12-31','',4,NULL,2,NULL,16,'1',NULL,0,180.00,160.00,0,0,NULL,NULL,NULL),(71,'生命保険会社向け保険金・給付金支払システム構築（朱）','','2015-12-01','2015-12-31','',4,NULL,2,NULL,16,'1',NULL,0,200.00,155.00,0,0,NULL,NULL,NULL),(72,'勘定系/外国為替システム開発','','2015-12-01','2015-12-31','',4,NULL,2,NULL,16,'1',NULL,0,200.00,150.00,0,0,'2015-12-18 01:40:25','2015-12-18 01:40:25',NULL),(73,'次期システム3-2推進PT支援','','2015-12-01','2015-12-31','',4,NULL,2,NULL,16,'1',NULL,0,200.00,150.00,0,0,'2015-12-18 02:38:58','2015-12-18 02:38:58',NULL),(74,'次期システム3-2推進PT支援　','','2015-12-01','2015-12-31','',4,NULL,2,NULL,16,'1',NULL,0,200.00,150.00,0,0,'2015-12-18 03:37:12','2015-12-18 03:37:12',NULL),(75,'あいおいニッセイ同和損害保険　損害保険会社向け　基幹系システム開発・保守（収納領域）','','2015-10-01','2015-12-31','',4,NULL,19,NULL,NULL,'1',NULL,0,0.00,0.00,0,0,'2015-12-18 03:57:41','2015-12-18 03:57:41',NULL),(76,'三井住友海上火災保険保険業法・監督指針改定対応','','2015-12-01','2015-12-31','千葉ニュータウン中央',4,NULL,19,NULL,NULL,'1',NULL,0,0.00,0.00,0,0,'2015-12-18 04:08:19','2015-12-18 04:08:19',NULL),(77,'証券会社向けESTREX導入開発','','2015-12-01','2015-12-31','',4,NULL,2,NULL,16,'1',NULL,0,200.00,150.00,0,0,'2015-12-18 05:46:58','2015-12-18 05:46:58',NULL),(78,'三井住友会場火災保険【傷害新種更改】','','2015-12-01','2015-12-31','聖蹟桜の丘',4,NULL,19,NULL,NULL,'1',NULL,0,0.00,0.00,0,0,'2015-12-18 06:50:14','2015-12-18 06:50:14',NULL),(79,'銀行システムに関わる業パ・開発・保守','','2015-12-01','2015-12-31','',4,NULL,2,NULL,16,'1',NULL,0,200.00,150.00,0,0,'2015-12-18 06:59:34','2015-12-18 06:59:34',NULL),(80,'証券会社向けESTREX導入開発　','','2015-11-01','2015-12-31','',4,NULL,2,NULL,16,'1',NULL,0,190.00,150.00,0,0,'2015-12-18 07:04:39','2015-12-18 07:04:39',NULL),(81,'生命保険会社変額年金ダウンサイジング','','2015-11-01','2015-12-31','',4,NULL,2,NULL,16,'1',NULL,0,200.00,150.00,0,0,'2015-12-18 07:13:31','2015-12-18 07:13:31',NULL),(82,'証券会社向けESTREX導入開発　　','','2015-11-01','2015-12-31','',4,NULL,2,NULL,16,'1',NULL,0,190.00,150.00,0,0,'2015-12-18 07:28:07','2015-12-18 07:28:07',NULL),(83,'証券会社向けESTREX導入開発　　　','','2015-10-01','2015-12-31','',4,NULL,2,NULL,16,'1',NULL,0,190.00,150.00,0,0,'2015-12-18 07:31:50','2015-12-18 07:31:50',NULL),(84,'証券会社向けESTREX導入開発　　　　','','2015-10-01','2015-12-31','',4,NULL,2,NULL,16,'1',NULL,0,180.00,160.00,0,0,'2015-12-18 07:38:54','2015-12-18 07:38:54',NULL),(85,'かんぽ生命殿向け支払業務システム','','2015-12-01','2015-12-31','田町',4,NULL,19,NULL,NULL,'1',NULL,0,0.00,0.00,0,0,'2015-12-18 07:42:47','2015-12-18 07:42:47',NULL),(86,'証券会社向けESTREX導入開発　　　　　','','2015-10-01','2015-12-31','',4,NULL,2,NULL,16,'1',NULL,0,180.00,160.00,0,0,'2015-12-18 07:43:37','2015-12-18 07:43:37',NULL),(87,'証券会社向けESTREX導入開発　　　　　　','','2015-10-01','2015-12-31','',4,NULL,2,NULL,NULL,'1',NULL,0,180.00,160.00,0,0,'2015-12-18 07:47:15','2015-12-18 07:47:15',NULL),(88,'証券会社向けESTREX導入開発　　　　　　　　','','2015-10-01','2015-12-31','',4,NULL,2,NULL,NULL,'1',NULL,0,180.00,160.00,0,0,'2015-12-18 07:51:43','2015-12-18 07:51:43',NULL),(89,'あいおいニッセイ同和損害保険【損害新種更改・周辺】','','2015-11-16','2016-01-31','聖蹟桜の丘',4,NULL,19,NULL,NULL,'1',NULL,0,0.00,0.00,1,1700000,'2015-12-18 07:55:39','2015-12-18 07:55:39',NULL),(90,'GNS開発支援','','2015-10-01','2015-12-31','',4,NULL,2,NULL,16,'1',NULL,0,180.00,120.00,0,0,'2015-12-18 07:58:19','2015-12-18 07:58:19',NULL),(91,'あいおいニッセイ同和損害保険業務管理システムの改修対応','','2015-11-16','2016-01-31','聖蹟桜の丘',4,NULL,19,NULL,NULL,'1',NULL,0,0.00,0.00,1,1400000,'2015-12-18 08:00:26','2015-12-18 08:00:26',NULL),(92,'三井住友海上火災保険【傷害新種更改・周辺】一式','','2015-11-16','2016-01-31','聖蹟桜の丘',4,NULL,19,NULL,NULL,'1',NULL,0,0.00,0.00,1,2900000,'2015-12-18 08:18:39','2015-12-18 08:18:39',NULL),(93,'信販会社様　決済サービスシステム支援作業','','2015-12-01','2015-12-31','',4,NULL,4,NULL,16,'1',NULL,0,180.00,160.00,0,0,'2015-12-21 02:33:49','2016-01-04 10:11:07',''),(94,'日立受け　戦略（中期）自火　CDPT','','2015-12-01','2015-12-31','',4,NULL,4,NULL,16,'2',NULL,0,180.00,160.00,0,0,'2015-12-21 04:38:01','2015-12-21 04:38:01',NULL),(95,'次期シス/外為　12月分','','2015-12-01','2016-03-31','',4,NULL,4,NULL,16,'2',NULL,0,180.00,160.00,0,0,'2015-12-21 04:54:51','2016-01-12 06:58:54',''),(96,'次期シス設計。開発支援（与信）2015年12月分','','2015-12-01','2015-12-31','',4,NULL,4,NULL,16,'2',NULL,0,180.00,160.00,0,0,'2015-12-21 05:17:04','2016-01-07 07:22:09',''),(97,'INTEC-電力関連開発支援（1512-1601）','','2015-12-01','2016-01-31','東陽町',4,NULL,26,NULL,NULL,'2',NULL,0,200.00,150.00,0,0,'2015-12-21 05:19:33','2016-01-04 08:09:25',NULL),(98,'三菱食品向けシステム開発支援','','2015-12-01','2015-12-31','流通センター',4,NULL,17,NULL,NULL,'2',NULL,0,200.00,160.00,0,0,'2015-12-21 05:39:47','2016-01-05 10:36:33',''),(99,'SEIBI詳細設計支援（２０１５年１２月）','','2015-12-01','2015-12-31','',4,NULL,4,NULL,NULL,'2',NULL,0,180.00,160.00,0,0,'2015-12-21 05:52:50','2015-12-21 05:52:50',NULL),(100,'次期会計システム・AA工程業務支援作業','','2015-12-01','2015-12-31','客先指定場所',4,NULL,20,NULL,NULL,'1',NULL,0,180.00,140.00,0,0,'2015-12-21 05:58:13','2015-12-21 05:58:13',NULL),(101,'FINEMAX　FFGh品質向上','','2015-12-01','2015-12-31','千石',4,NULL,21,NULL,NULL,'1',NULL,0,200.00,160.00,0,0,'2015-12-21 06:16:55','2016-01-05 07:51:35',''),(102,'次期シス/外為　12月分　','','2015-12-01','2016-03-31','',4,NULL,4,NULL,16,'2',NULL,0,180.00,160.00,0,0,'2015-12-21 06:27:22','2016-01-12 06:57:07',''),(103,'アジア仕様変更対応','','2015-12-01','2015-12-31','千石',4,NULL,21,NULL,NULL,'1',NULL,0,200.00,150.00,0,500000,'2015-12-21 06:39:49','2015-12-21 06:39:49',NULL),(104,'JCB殿次世代システム保守、利用後スキップ機能開発作業','','2015-12-01','2015-12-31','西新宿',4,NULL,43,NULL,NULL,'1',NULL,0,180.00,150.00,0,0,'2015-12-21 06:57:53','2015-12-21 06:57:53',NULL),(105,'郵便国際DB-H27・12月','','2015-12-01','2015-12-31','浜松町',4,NULL,23,NULL,NULL,'1',NULL,0,0.00,0.00,0,0,'2015-12-21 07:12:06','2015-12-21 07:12:06',NULL),(106,'国際ブランドデビットカード','','2015-12-01','2015-12-31','',4,NULL,4,NULL,16,'2',NULL,0,180.00,160.00,0,0,'2015-12-21 07:20:28','2015-12-21 07:20:28',NULL),(107,'共同基幹システム（マグロ設計支援・顧客/加盟店）2015/12','','2015-12-01','2015-12-31','',4,NULL,4,NULL,16,'2',NULL,0,180.00,160.00,0,0,'2015-12-21 07:28:57','2015-12-21 07:34:05',NULL),(108,'共同基幹システム（マグロ設計支援・顧客/加盟店）2015/12　','','2015-12-01','2015-12-31','',4,NULL,4,NULL,16,'2',NULL,0,180.00,160.00,0,0,'2015-12-21 07:35:57','2015-12-21 07:35:57',NULL),(109,'JICA海外融資事業システム更改','','2015-12-01','2015-12-31','',4,NULL,6,NULL,8,'1',NULL,0,190.00,150.00,0,0,'2015-12-21 07:46:44','2015-12-21 07:46:44',NULL),(110,'延滞管理システム保守対応に関する請負契約　','','2015-10-01','2015-12-31','',4,NULL,5,NULL,14,'2',NULL,0,180.00,140.00,0,0,'2015-12-21 08:01:07','2015-12-21 08:01:07',NULL),(111,'システム開発支援','','2015-12-01','2015-12-31','',4,NULL,44,NULL,16,'1',NULL,0,180.00,160.00,0,0,'2016-01-04 05:23:03','2016-01-04 05:41:59',NULL),(112,'システム開発支援','','2015-12-01','2016-01-31','',4,NULL,45,NULL,NULL,'1',NULL,0,180.00,160.00,0,0,'2016-01-04 05:49:13','2016-01-04 05:49:13',NULL),(113,'Yahoo向け社内システム開発','','2015-12-01','2015-12-31','',4,NULL,46,NULL,NULL,'1',NULL,0,180.00,160.00,0,0,'2016-01-04 06:19:08','2016-01-04 06:22:18',NULL),(114,'システム開発支援','','2015-12-01','2015-12-31','',4,NULL,47,NULL,NULL,'2',NULL,0,0.00,0.00,0,0,'2016-01-05 03:34:22','2016-01-05 03:34:22',''),(115,'東芝エレベーター（株）殿にての常駐支援作業','','2015-10-01','2015-12-31','',4,NULL,13,NULL,NULL,'1',NULL,0,180.00,150.00,0,0,'2016-01-05 06:28:23','2016-01-05 06:28:23',''),(116,'保険共済端末の開発','','2015-12-01','2015-12-31','豊洲',4,NULL,25,NULL,13,'1',NULL,0,200.00,150.00,0,0,'2016-01-05 08:57:30','2016-01-05 08:57:30',''),(117,'システム開発支援','','2015-12-01','2015-12-31','',4,NULL,48,NULL,NULL,'1',NULL,0,200.00,140.00,0,0,'2016-01-07 02:40:42','2016-01-07 02:40:42',''),(118,'システム開発支援','','2015-12-01','2015-12-31','',4,NULL,8,NULL,NULL,'1',NULL,0,180.00,160.00,1,200000,'2016-01-07 02:57:58','2016-01-07 02:57:58',''),(119,'YSDフィナンシャル新基幹開発支援','','2015-12-01','2015-12-31','',4,NULL,4,NULL,NULL,'2',NULL,0,180.00,160.00,0,0,'2016-01-07 06:51:13','2016-01-07 06:51:13',''),(120,'国際ブランドデビット対応','','2015-12-01','2015-12-31','',4,NULL,4,NULL,NULL,'2',NULL,0,180.00,160.00,0,0,'2016-01-07 07:13:03','2016-01-07 07:13:03',''),(121,'みずほＦＧ　統合DB整備「ＣＤＵＴ」','','2015-12-01','2015-12-31','',4,NULL,4,NULL,NULL,'2',NULL,0,180.00,140.00,0,0,'2016-01-07 07:45:58','2016-01-07 07:45:58',''),(122,'共同基幹システム（マグロ設計支援・顧客/加盟店）2015/12（董偉）','','2015-12-01','2015-12-31','',4,NULL,4,NULL,NULL,'2',NULL,0,180.00,160.00,0,0,'2016-01-07 07:54:39','2016-01-07 07:54:39',''),(123,'日立受け　戦略（中期）自火　12月度','','2015-12-01','2015-12-31','',4,NULL,4,NULL,NULL,'2',NULL,0,180.00,140.00,0,0,'2016-01-08 00:54:10','2016-01-08 00:54:10',''),(124,'DFLペーパレス対応（２０１５年度下期）','','2015-12-01','2015-12-31','',4,NULL,4,NULL,NULL,'2',NULL,0,180.00,140.00,0,0,'2016-01-08 01:05:49','2016-01-08 01:05:49',''),(125,'DFLペーパレス対応　（２０１５年度下期）','','2015-12-01','2015-12-31','',4,NULL,4,NULL,NULL,'2',NULL,0,180.00,140.00,0,0,'2016-01-08 01:32:41','2016-01-08 01:32:41',''),(126,'H27/12末　拠点業績対応','','2015-12-01','2015-12-31','',4,NULL,4,NULL,NULL,'2',NULL,0,180.00,140.00,0,0,'2016-01-08 01:43:59','2016-01-08 01:43:59','');
/*!40000 ALTER TABLE `eb_project` ENABLE KEYS */;
UNLOCK TABLES;

--
-- Table structure for table `eb_project_os`
--

DROP TABLE IF EXISTS `eb_project_os`;
/*!40101 SET @saved_cs_client     = @@character_set_client */;
/*!40101 SET character_set_client = utf8 */;
CREATE TABLE `eb_project_os` (
  `id` int(11) NOT NULL AUTO_INCREMENT,
  `project_id` int(11) NOT NULL,
  `os_id` int(11) NOT NULL,
  PRIMARY KEY (`id`),
  UNIQUE KEY `project_id` (`project_id`,`os_id`),
  KEY `eb_project_os_os_id_2c108b91_fk_eb_os_id` (`os_id`),
  CONSTRAINT `eb_project_os_os_id_2c108b91_fk_eb_os_id` FOREIGN KEY (`os_id`) REFERENCES `eb_os` (`id`),
  CONSTRAINT `eb_project_os_project_id_7dcc6829_fk_eb_project_id` FOREIGN KEY (`project_id`) REFERENCES `eb_project` (`id`)
) ENGINE=InnoDB DEFAULT CHARSET=utf8;
/*!40101 SET character_set_client = @saved_cs_client */;

--
-- Dumping data for table `eb_project_os`
--

LOCK TABLES `eb_project_os` WRITE;
/*!40000 ALTER TABLE `eb_project_os` DISABLE KEYS */;
/*!40000 ALTER TABLE `eb_project_os` ENABLE KEYS */;
UNLOCK TABLES;

--
-- Table structure for table `eb_projectactivity`
--

DROP TABLE IF EXISTS `eb_projectactivity`;
/*!40101 SET @saved_cs_client     = @@character_set_client */;
/*!40101 SET character_set_client = utf8 */;
CREATE TABLE `eb_projectactivity` (
  `id` int(11) NOT NULL AUTO_INCREMENT,
  `name` varchar(30) NOT NULL,
  `open_date` datetime NOT NULL,
  `address` varchar(255) NOT NULL,
  `content` longtext NOT NULL,
  `created_date` datetime NOT NULL,
  `project_id` int(11) NOT NULL,
  `deleted_date` datetime,
  `is_deleted` tinyint(1) NOT NULL,
  PRIMARY KEY (`id`),
  KEY `eb_projectactivity_project_id_2c1c7eb0_fk_eb_project_id` (`project_id`),
  CONSTRAINT `eb_projectactivity_project_id_2c1c7eb0_fk_eb_project_id` FOREIGN KEY (`project_id`) REFERENCES `eb_project` (`id`)
) ENGINE=InnoDB DEFAULT CHARSET=utf8;
/*!40101 SET character_set_client = @saved_cs_client */;

--
-- Dumping data for table `eb_projectactivity`
--

LOCK TABLES `eb_projectactivity` WRITE;
/*!40000 ALTER TABLE `eb_projectactivity` DISABLE KEYS */;
/*!40000 ALTER TABLE `eb_projectactivity` ENABLE KEYS */;
UNLOCK TABLES;

--
-- Table structure for table `eb_projectactivity_client_members`
--

DROP TABLE IF EXISTS `eb_projectactivity_client_members`;
/*!40101 SET @saved_cs_client     = @@character_set_client */;
/*!40101 SET character_set_client = utf8 */;
CREATE TABLE `eb_projectactivity_client_members` (
  `id` int(11) NOT NULL AUTO_INCREMENT,
  `projectactivity_id` int(11) NOT NULL,
  `clientmember_id` int(11) NOT NULL,
  PRIMARY KEY (`id`),
  UNIQUE KEY `projectactivity_id` (`projectactivity_id`,`clientmember_id`),
  KEY `eb_projectactivit_clientmember_id_4f496602_fk_eb_clientmember_id` (`clientmember_id`),
  CONSTRAINT `eb_projecta_projectactivity_id_27f4ae72_fk_eb_projectactivity_id` FOREIGN KEY (`projectactivity_id`) REFERENCES `eb_projectactivity` (`id`),
  CONSTRAINT `eb_projectactivit_clientmember_id_4f496602_fk_eb_clientmember_id` FOREIGN KEY (`clientmember_id`) REFERENCES `eb_clientmember` (`id`)
) ENGINE=InnoDB DEFAULT CHARSET=utf8;
/*!40101 SET character_set_client = @saved_cs_client */;

--
-- Dumping data for table `eb_projectactivity_client_members`
--

LOCK TABLES `eb_projectactivity_client_members` WRITE;
/*!40000 ALTER TABLE `eb_projectactivity_client_members` DISABLE KEYS */;
/*!40000 ALTER TABLE `eb_projectactivity_client_members` ENABLE KEYS */;
UNLOCK TABLES;

--
-- Table structure for table `eb_projectactivity_members`
--

DROP TABLE IF EXISTS `eb_projectactivity_members`;
/*!40101 SET @saved_cs_client     = @@character_set_client */;
/*!40101 SET character_set_client = utf8 */;
CREATE TABLE `eb_projectactivity_members` (
  `id` int(11) NOT NULL AUTO_INCREMENT,
  `projectactivity_id` int(11) NOT NULL,
  `member_id` int(11) NOT NULL,
  PRIMARY KEY (`id`),
  UNIQUE KEY `projectactivity_id` (`projectactivity_id`,`member_id`),
  KEY `eb_projectactivity_members_member_id_13aa36d4_fk_eb_member_id` (`member_id`),
  CONSTRAINT `eb_projecta_projectactivity_id_661d3247_fk_eb_projectactivity_id` FOREIGN KEY (`projectactivity_id`) REFERENCES `eb_projectactivity` (`id`),
  CONSTRAINT `eb_projectactivity_members_member_id_13aa36d4_fk_eb_member_id` FOREIGN KEY (`member_id`) REFERENCES `eb_member` (`id`)
) ENGINE=InnoDB DEFAULT CHARSET=utf8;
/*!40101 SET character_set_client = @saved_cs_client */;

--
-- Dumping data for table `eb_projectactivity_members`
--

LOCK TABLES `eb_projectactivity_members` WRITE;
/*!40000 ALTER TABLE `eb_projectactivity_members` DISABLE KEYS */;
/*!40000 ALTER TABLE `eb_projectactivity_members` ENABLE KEYS */;
UNLOCK TABLES;

--
-- Table structure for table `eb_projectactivity_salesperson`
--

DROP TABLE IF EXISTS `eb_projectactivity_salesperson`;
/*!40101 SET @saved_cs_client     = @@character_set_client */;
/*!40101 SET character_set_client = utf8 */;
CREATE TABLE `eb_projectactivity_salesperson` (
  `id` int(11) NOT NULL AUTO_INCREMENT,
  `projectactivity_id` int(11) NOT NULL,
  `salesperson_id` int(11) NOT NULL,
  PRIMARY KEY (`id`),
  UNIQUE KEY `projectactivity_id` (`projectactivity_id`,`salesperson_id`),
  KEY `eb_projectactivity__salesperson_id_5c2012d6_fk_eb_salesperson_id` (`salesperson_id`),
  CONSTRAINT `eb_projecta_projectactivity_id_48f03433_fk_eb_projectactivity_id` FOREIGN KEY (`projectactivity_id`) REFERENCES `eb_projectactivity` (`id`),
  CONSTRAINT `eb_projectactivity__salesperson_id_5c2012d6_fk_eb_salesperson_id` FOREIGN KEY (`salesperson_id`) REFERENCES `eb_salesperson` (`id`)
) ENGINE=InnoDB DEFAULT CHARSET=utf8;
/*!40101 SET character_set_client = @saved_cs_client */;

--
-- Dumping data for table `eb_projectactivity_salesperson`
--

LOCK TABLES `eb_projectactivity_salesperson` WRITE;
/*!40000 ALTER TABLE `eb_projectactivity_salesperson` DISABLE KEYS */;
/*!40000 ALTER TABLE `eb_projectactivity_salesperson` ENABLE KEYS */;
UNLOCK TABLES;

--
-- Table structure for table `eb_projectmember`
--

DROP TABLE IF EXISTS `eb_projectmember`;
/*!40101 SET @saved_cs_client     = @@character_set_client */;
/*!40101 SET character_set_client = utf8 */;
CREATE TABLE `eb_projectmember` (
  `id` int(11) NOT NULL AUTO_INCREMENT,
  `start_date` date DEFAULT NULL,
  `end_date` date DEFAULT NULL,
  `price` int(11) NOT NULL,
  `min_hours` decimal(5,2) NOT NULL,
  `max_hours` decimal(5,2) NOT NULL,
  `status` int(11) NOT NULL,
  `role` varchar(2) NOT NULL,
  `member_id` int(11) NOT NULL,
  `project_id` int(11) NOT NULL,
  `deleted_date` datetime,
  `is_deleted` tinyint(1) NOT NULL,
  `minus_per_hour` int(11) NOT NULL,
  `plus_per_hour` int(11) NOT NULL,
  PRIMARY KEY (`id`),
  KEY `eb_projectmember_member_id_24528a0f_fk_eb_member_id` (`member_id`),
  KEY `eb_projectmember_project_id_263d0fbd_fk_eb_project_id` (`project_id`),
  CONSTRAINT `eb_projectmember_member_id_24528a0f_fk_eb_member_id` FOREIGN KEY (`member_id`) REFERENCES `eb_member` (`id`),
  CONSTRAINT `eb_projectmember_project_id_263d0fbd_fk_eb_project_id` FOREIGN KEY (`project_id`) REFERENCES `eb_project` (`id`)
) ENGINE=InnoDB AUTO_INCREMENT=297 DEFAULT CHARSET=utf8;
/*!40101 SET character_set_client = @saved_cs_client */;

--
-- Dumping data for table `eb_projectmember`
--

LOCK TABLES `eb_projectmember` WRITE;
/*!40000 ALTER TABLE `eb_projectmember` DISABLE KEYS */;
INSERT INTO `eb_projectmember` VALUES (1,'2015-08-01','2015-11-30',660000,150.00,190.00,2,'SE',575,1,NULL,0,0,0),(2,'2015-11-01','2015-11-30',600000,150.00,190.00,2,'SE',527,1,NULL,0,0,0),(3,'2015-10-01','2015-12-31',550000,160.00,180.00,2,'PG',452,3,NULL,0,0,0),(4,'2015-10-01','2015-12-31',607000,160.00,180.00,2,'SE',598,4,NULL,0,0,0),(5,'2015-10-01','2015-12-31',650000,140.00,180.00,2,'SE',440,5,NULL,0,4640,3610),(6,'2015-11-01','2015-11-30',640000,150.00,200.00,2,'PG',715,2,NULL,0,4260,3200),(7,'2015-10-01','2016-03-31',680000,150.00,190.00,2,'SE',616,6,NULL,0,4530,3570),(8,'2015-11-01','2015-12-31',680000,150.00,200.00,2,'SE',417,2,NULL,0,4530,3400),(9,'2015-11-01','2015-12-31',580000,150.00,190.00,2,'SE',574,7,NULL,0,0,2500),(10,'2015-11-01','2015-12-31',580000,150.00,190.00,2,'SE',524,7,NULL,0,2500,2500),(11,'2015-11-01','2015-12-31',580000,150.00,190.00,2,'PG',637,7,NULL,0,2500,2500),(12,'2015-11-01','2015-12-31',560000,150.00,190.00,2,'SE',669,7,NULL,0,2500,2500),(13,'2015-11-01','2015-11-30',580000,150.00,190.00,2,'SE',480,7,NULL,0,2500,2500),(14,'2015-11-01','2015-12-31',650000,140.00,180.00,2,'SE',717,8,NULL,0,4600,3000),(15,'2015-11-01','2015-12-31',570000,140.00,180.00,2,'SE',718,8,NULL,0,4000,3100),(16,'2015-10-01','2016-01-31',620000,150.00,190.00,2,'SE',719,9,NULL,0,4130,3260),(17,'2015-10-01','2016-01-31',570000,150.00,190.00,2,'PG',606,9,NULL,0,3800,3000),(18,'2015-10-01','2016-01-31',530000,150.00,190.00,2,'PG',360,9,NULL,0,3530,2790),(19,'2015-10-01','2015-12-31',650000,150.00,190.00,2,'PG',631,10,NULL,0,0,0),(20,'2015-10-01','2015-12-31',580000,150.00,190.00,2,'PG',382,10,NULL,0,0,0),(21,'2015-11-01','2015-12-31',650000,150.00,190.00,2,'SE',720,11,NULL,0,4330,3420),(22,'2015-11-01','2015-12-31',650000,150.00,190.00,2,'PG',721,11,NULL,0,4330,3420),(23,'2015-11-01','2015-12-06',147368,32.00,40.00,2,'SE',390,12,'2015-12-16 07:55:42',1,4660,3680),(24,'2015-11-01','2015-12-31',650000,150.00,190.00,2,'SE',722,12,NULL,0,4330,3420),(25,'2015-11-01','2015-12-06',132632,32.00,40.00,2,'SE',377,12,'2015-12-16 07:55:42',1,4200,3310),(26,'2015-10-01','2016-03-31',630000,150.00,190.00,2,'SE',723,6,NULL,0,4200,3310),(27,'2015-10-01','2015-12-31',620000,140.00,200.00,2,'SE',458,13,NULL,0,3647,3647),(28,'2015-10-01','2015-12-31',650000,140.00,200.00,2,'SE',512,13,NULL,0,3823,3823),(29,'2015-10-01','2015-12-31',630000,140.00,200.00,2,'SE',576,13,NULL,0,3705,3705),(30,'2015-10-01','2015-12-31',630000,140.00,200.00,2,'SE',431,13,NULL,0,3705,3705),(31,'2015-10-01','2015-12-31',640000,140.00,200.00,2,'PG',441,13,NULL,0,3764,3764),(32,'2015-10-01','2015-12-31',600000,140.00,200.00,2,'SE',426,13,NULL,0,3529,3529),(33,'2015-10-01','2015-12-31',620000,140.00,200.00,2,'SE',724,13,NULL,0,3647,3647),(34,'2015-10-01','2015-12-31',600000,140.00,200.00,2,'PG',617,13,NULL,0,3529,3529),(35,'2015-10-01','2015-12-31',650000,140.00,200.00,2,'SE',554,13,NULL,0,3823,3823),(36,'2015-10-01','2015-12-31',640000,140.00,200.00,2,'SE',473,13,NULL,0,3764,3764),(37,'2015-10-01','2015-12-31',580000,140.00,200.00,2,'SE',356,13,NULL,0,3411,3411),(38,'2015-10-01','2015-12-31',620000,140.00,200.00,2,'PG',474,13,NULL,0,3647,3647),(39,'2015-10-01','2015-12-31',630000,140.00,200.00,2,'SE',592,13,NULL,0,3705,3705),(40,'2015-10-01','2015-12-31',550000,140.00,200.00,2,'PG',392,13,NULL,0,3235,3235),(41,'2015-12-01','2016-01-31',600000,150.00,200.00,2,'SE',467,14,NULL,0,4000,3000),(42,'2015-10-01','2015-12-31',950000,140.00,180.00,2,'SE',499,15,NULL,0,6780,5270),(43,'2015-10-01','2015-12-31',900000,140.00,180.00,2,'SE',545,15,NULL,0,6420,5000),(44,'2015-12-04','2015-12-31',552500,119.00,153.00,2,'PG',438,16,NULL,0,4640,3610),(45,'2015-12-01','2015-12-31',750000,140.00,180.00,2,'SE',725,17,NULL,0,5360,4170),(46,'2015-10-01','2015-12-31',760000,150.00,200.00,2,'L',597,18,NULL,0,5060,3800),(47,'2015-10-01','2015-12-31',630000,150.00,200.00,2,'SE',700,18,NULL,0,4200,3150),(48,'2015-10-01','2015-12-31',630000,150.00,200.00,2,'SE',687,18,NULL,0,4200,3150),(49,'2015-10-01','2015-12-31',610000,150.00,200.00,2,'PG',686,18,NULL,0,4060,3050),(50,'2015-10-01','2015-12-31',580000,150.00,200.00,2,'PG',692,18,NULL,0,3860,2900),(51,'2015-10-01','2015-12-31',510000,150.00,200.00,2,'PG',688,18,NULL,0,3400,2550),(52,'2015-11-01','2015-12-31',900000,150.00,200.00,2,'M',601,19,NULL,0,6000,4500),(53,'2015-11-01','2015-12-31',670000,150.00,200.00,2,'PG',726,20,NULL,0,4460,3350),(54,'2015-11-01','2015-12-31',550000,150.00,200.00,2,'PG',348,20,NULL,0,3660,2750),(55,'2015-11-01','2015-12-31',600000,150.00,200.00,2,'PG',727,20,NULL,0,4000,3000),(56,'2015-11-01','2015-12-31',690000,150.00,200.00,2,'SE',568,20,NULL,0,4600,3450),(57,'2015-10-01','2015-12-31',750000,150.00,200.00,2,'L',683,21,NULL,0,5000,3750),(58,'2015-10-01','2015-12-31',630000,150.00,200.00,2,'SE',506,21,NULL,0,4200,3150),(59,'2015-10-01','2015-12-31',750000,160.00,180.00,2,'SE',422,15,NULL,0,5350,4160),(60,'2015-10-01','2015-12-31',720000,160.00,180.00,2,'SE',414,15,NULL,0,5140,4000),(61,'2015-10-01','2015-12-31',880000,160.00,180.00,2,'PG',523,15,NULL,0,6280,4880),(62,'2015-10-01','2015-12-31',880000,160.00,180.00,2,'SE',579,15,NULL,0,6280,4880),(63,'2015-10-01','2015-12-31',670000,160.00,180.00,2,'SE',427,15,NULL,0,4780,3720),(64,'2015-10-01','2015-12-31',700000,150.00,190.00,2,'SE',530,22,NULL,0,4667,2500),(65,'2015-10-01','2015-12-31',630000,150.00,190.00,2,'SE',675,22,NULL,0,4200,2500),(67,'2015-10-19','2015-12-31',680000,150.00,190.00,2,'SE',594,23,NULL,0,4533,2500),(68,'2015-10-01','2015-12-31',600000,150.00,190.00,2,'SE',663,24,NULL,0,4000,2500),(69,'2015-10-01','2015-12-31',600000,150.00,190.00,2,'SE',479,24,NULL,0,4000,2500),(70,'2015-08-01','2016-01-31',650000,150.00,190.00,2,'SE',443,25,NULL,0,4330,3420),(71,'2015-09-01','2016-01-31',600000,150.00,190.00,2,'SE',728,26,NULL,0,3860,3050),(72,'2015-12-01','2016-03-31',720000,160.00,180.00,2,'SE',393,27,NULL,0,4500,3600),(73,'2015-12-01','2015-12-31',700000,140.00,180.00,2,'SE',490,28,NULL,0,5000,3800),(74,'2015-12-01','2015-12-31',750000,140.00,180.00,2,'SE',709,29,NULL,0,5300,4100),(75,'2015-12-01','2015-12-31',700000,140.00,180.00,2,'SE',466,30,NULL,0,5000,3800),(76,'2015-10-01','2015-12-31',700000,160.00,200.00,2,'SE',481,31,NULL,0,0,0),(77,'2015-12-01','2015-12-31',800000,140.00,180.00,2,'SE',494,32,NULL,0,5700,4400),(78,'2015-12-01','2016-02-29',650000,140.00,180.00,2,'SE',578,33,NULL,0,4643,3610),(79,'2015-12-01','2015-12-31',540000,150.00,200.00,2,'PG',522,34,NULL,0,3600,2700),(80,'2015-12-01','2015-12-31',600000,150.00,190.00,2,'SE',530,34,NULL,0,4000,3158),(81,'2015-12-01','2015-12-31',590000,150.00,190.00,2,'SE',533,34,NULL,0,3930,3100),(82,'2015-12-01','2015-12-31',700000,140.00,200.00,2,'SE',694,36,NULL,0,5000,3500),(83,'2015-12-01','2015-12-22',300000,70.00,90.00,2,'SE',404,35,NULL,0,4280,3330),(84,'2015-12-07','2015-12-31',435000,120.00,150.00,2,'SE',468,37,NULL,0,3750,2900),(85,'2015-12-01','2015-12-31',580000,160.00,180.00,2,'SE',469,38,NULL,0,3625,2900),(86,'2015-12-01','2015-12-31',680000,160.00,200.00,2,'SE',565,39,NULL,0,4250,0),(87,'2015-10-01','2015-12-31',610000,160.00,200.00,2,'SE',561,40,NULL,0,3810,3050),(88,'2015-11-25','2015-12-31',635000,140.00,200.00,2,'PG',636,41,NULL,0,4530,3170),(89,'2015-12-01','2015-12-31',610000,140.00,180.00,2,'SE',397,42,NULL,0,3860,3050),(90,'2015-12-01','2015-12-31',680000,150.00,190.00,2,'SE',594,43,NULL,0,4530,2500),(91,'2015-12-01','2015-12-31',600000,150.00,190.00,2,'SE',729,43,NULL,0,4000,2500),(92,'2015-12-01','2015-12-20',452600,102.00,131.00,2,'SE',560,45,NULL,0,4400,3400),(93,'2015-10-01','2015-12-31',780000,140.00,180.00,2,'SE',553,46,NULL,0,5500,4300),(94,'2015-12-01','2015-12-31',800000,140.00,180.00,2,'SE',455,47,NULL,0,5710,4440),(95,'2015-12-01','2015-12-31',650000,140.00,180.00,2,'SE',517,48,NULL,0,4060,4060),(96,'2015-12-01','2015-12-31',650000,140.00,180.00,2,'PG',704,48,NULL,0,4060,4060),(97,'2015-12-01','2015-12-31',680000,140.00,180.00,2,'SE',562,48,NULL,0,4250,4250),(98,'2015-10-01','2015-12-31',650000,140.00,180.00,2,'SE',408,49,NULL,0,4640,3610),(99,'2015-10-01','2015-12-31',700000,140.00,180.00,2,'L',437,50,NULL,0,5000,3880),(100,'2015-12-01','2015-12-31',600000,150.00,190.00,2,'SE',527,51,NULL,0,4000,3150),(101,'2015-12-01','2015-12-31',600000,155.00,200.00,2,'SE',693,52,NULL,0,3870,3000),(102,'2015-12-07','2015-12-31',552632,118.00,150.00,2,'SE',390,53,NULL,0,4660,3680),(103,'2015-12-01','2015-12-31',630000,155.00,200.00,2,'SL',633,54,NULL,0,4060,3150),(104,'2015-12-07','2015-12-31',497368,118.00,150.00,2,'SE',377,53,NULL,0,4200,3310),(105,'2015-12-01','2016-03-31',680000,140.00,200.00,2,'SE',575,55,NULL,0,4000,4000),(106,'2015-12-01','2016-03-31',680000,140.00,200.00,2,'SE',715,55,NULL,0,4000,4000),(107,'2015-11-04','2015-12-31',780000,140.00,180.00,2,'L',342,56,NULL,0,5572,4334),(108,'2015-11-04','2015-12-31',680000,140.00,180.00,2,'SE',378,56,NULL,0,4858,3778),(109,'2015-11-04','2015-12-31',650000,140.00,180.00,2,'SE',624,56,NULL,0,4643,3612),(110,'2015-12-01','2015-12-31',600000,150.00,200.00,2,'SE',354,2,NULL,0,4000,3000),(111,'2015-11-04','2015-12-31',540000,140.00,180.00,2,'PG',421,56,NULL,0,3858,3000),(112,'2015-11-04','2015-12-31',550000,140.00,180.00,2,'PG',344,56,NULL,0,3929,3056),(113,'2015-12-01','2015-12-31',650000,0.00,0.00,2,'L',459,57,NULL,0,0,0),(114,'2015-12-01','2016-01-31',700000,150.00,190.00,2,'SE',602,58,NULL,0,4660,3680),(115,'2015-12-01','2016-01-31',700000,150.00,190.00,2,'SE',730,58,NULL,0,4660,3680),(116,'2015-12-01','2015-12-31',750000,140.00,200.00,2,'L',497,60,NULL,0,5350,3750),(117,'2015-10-01','2015-12-31',740000,140.00,190.00,2,'L',436,61,NULL,0,5280,3890),(118,'2015-12-01','2015-12-31',450000,160.00,180.00,2,'PG',653,62,NULL,0,2820,2250),(119,'2015-12-01','2015-12-31',670000,160.00,180.00,2,'L',649,62,NULL,0,4190,3350),(120,'2015-12-01','2015-12-31',460000,160.00,180.00,2,'PG',701,62,NULL,0,2880,2300),(121,'2015-12-01','2015-12-31',570000,160.00,180.00,2,'PG',650,63,NULL,0,3570,2850),(122,'2015-12-01','2015-12-31',670000,160.00,180.00,2,'L',432,63,NULL,0,4190,3350),(123,'2015-12-01','2015-12-31',620000,160.00,180.00,2,'SE',646,63,NULL,0,3880,3100),(124,'2015-12-01','2015-12-31',610000,160.00,180.00,2,'SE',558,64,NULL,0,3820,3050),(125,'2015-10-01','2015-12-31',640000,150.00,190.00,2,'SE',570,65,NULL,0,4260,3360),(126,'2015-10-01','2015-12-31',700000,150.00,190.00,2,'SE',371,65,NULL,0,4660,3680),(127,'2015-10-01','2015-12-31',640000,150.00,190.00,2,'SE',613,65,NULL,0,4260,3360),(128,'2015-12-01','2015-12-31',600000,0.00,0.00,2,'SE',368,66,NULL,0,0,0),(129,'2015-12-01','2015-12-31',630000,0.00,0.00,2,'SE',696,66,NULL,0,0,0),(130,'2015-12-01','2015-12-31',350000,0.00,0.00,2,'PG',699,67,NULL,0,0,0),(131,'2015-10-01','2015-12-31',600000,150.00,190.00,2,'SE',399,65,NULL,0,4000,3150),(132,'2015-10-01','2015-12-31',600000,150.00,190.00,2,'SE',731,65,NULL,0,4000,3150),(133,'2015-10-01','2015-12-31',600000,150.00,190.00,2,'SE',732,65,NULL,0,4000,3150),(134,'2015-10-01','2015-12-31',600000,150.00,190.00,2,'SE',733,65,NULL,0,4000,3150),(135,'2015-10-01','2015-12-31',590000,150.00,190.00,2,'SE',734,65,NULL,0,3930,3100),(136,'2015-10-01','2015-12-31',650000,150.00,190.00,2,'SE',735,65,NULL,0,4330,3420),(137,'2015-10-01','2015-12-31',500000,150.00,190.00,2,'SE',736,65,NULL,0,3330,2630),(138,'2015-12-01','2015-12-31',680000,160.00,200.00,2,'SE',475,68,NULL,0,3700,3700),(139,'2015-12-01','2015-12-31',680000,160.00,200.00,2,'SE',716,68,NULL,0,3700,3700),(140,'2015-12-01','2015-12-31',495000,160.00,200.00,2,'SE',737,69,NULL,0,2750,2750),(141,'2015-12-01','2015-12-31',730000,155.00,200.00,2,'SE',603,70,NULL,0,4055,4056),(142,'2015-12-01','2015-12-31',550000,155.00,200.00,2,'SE',614,70,NULL,0,3055,3056),(143,'2015-12-01','2015-12-31',680000,155.00,200.00,2,'SE',572,70,NULL,0,3777,3778),(144,'2015-12-01','2015-12-31',690000,155.00,200.00,2,'SE',738,70,NULL,0,3833,3834),(145,'2015-12-01','2015-12-31',660000,155.00,200.00,2,'SE',641,71,NULL,0,3666,3667),(146,'2015-12-01','2015-12-31',620000,155.00,200.00,2,'SE',493,71,NULL,0,3444,3445),(147,'2015-12-01','2015-12-31',590000,155.00,200.00,2,'SE',667,71,NULL,0,3277,3278),(148,'2015-12-01','2015-12-31',550000,155.00,200.00,2,'SE',423,71,NULL,0,3055,3056),(149,'2015-12-01','2015-12-31',660000,150.00,200.00,2,'SE',538,72,NULL,0,0,0),(150,'2015-12-01','2015-12-31',720000,150.00,200.00,2,'SE',739,72,NULL,0,0,0),(151,'2015-12-01','2015-12-31',620000,150.00,200.00,2,'SE',630,72,NULL,0,0,0),(152,'2015-12-01','2015-12-31',620000,150.00,200.00,2,'SE',740,72,NULL,0,0,0),(153,'2015-12-01','2015-12-31',620000,150.00,200.00,2,'SE',425,72,NULL,0,0,0),(154,'2015-12-01','2015-12-31',600000,150.00,200.00,2,'SE',741,72,NULL,0,4000,3000),(155,'2015-12-01','2015-12-31',720000,150.00,200.00,2,'SE',599,73,NULL,0,0,0),(156,'2015-12-01','2015-12-31',650000,150.00,200.00,2,'SE',507,73,NULL,0,0,0),(157,'2015-12-01','2015-12-31',630000,150.00,200.00,2,'SE',472,73,NULL,0,0,0),(158,'2015-12-01','2015-12-31',630000,150.00,200.00,2,'SE',742,73,NULL,0,0,0),(159,'2015-12-01','2015-12-31',700000,150.00,200.00,2,'SE',571,73,NULL,0,0,0),(160,'2015-12-01','2015-12-31',700000,150.00,200.00,2,'SE',487,74,NULL,0,0,0),(161,'2015-10-01','2015-12-31',607000,0.00,0.00,2,'SE',598,75,NULL,0,0,0),(162,'2015-12-01','2015-12-31',690000,150.00,200.00,2,'SE',672,74,NULL,0,0,0),(163,'2015-12-01','2015-12-31',600000,150.00,200.00,2,'PG',648,74,NULL,0,0,0),(164,'2015-12-01','2015-12-31',610000,150.00,200.00,2,'SE',485,74,NULL,0,0,0),(165,'2015-12-01','2015-12-31',640000,150.00,200.00,2,'SE',596,74,NULL,0,0,0),(166,'2015-12-01','2015-12-31',650000,150.00,200.00,2,'SE',357,74,NULL,0,0,0),(167,'2015-12-01','2015-12-31',600000,0.00,0.00,2,'PG',518,76,NULL,0,0,0),(168,'2015-12-01','2015-12-31',600000,0.00,0.00,2,'PG',381,76,NULL,0,0,0),(169,'2015-12-01','2015-12-31',660000,150.00,190.00,2,'SE',429,77,NULL,0,4400,3474),(170,'2015-12-01','2015-12-31',600000,150.00,190.00,2,'SE',743,77,NULL,0,4000,3158),(171,'2015-12-01','2015-12-31',590000,150.00,190.00,2,'SE',744,77,NULL,0,3933,3106),(172,'2015-12-01','2015-12-31',510000,150.00,190.00,2,'SE',745,77,NULL,0,3400,2685),(173,'2015-12-01','2015-12-31',650000,0.00,0.00,2,'M',586,78,NULL,0,0,0),(174,'2015-12-01','2015-12-31',560000,150.00,200.00,2,'SE',513,79,NULL,0,3733,2800),(175,'2015-12-01','2015-12-31',650000,0.00,0.00,2,'L',483,78,NULL,0,0,0),(176,'2015-12-01','2015-12-31',600000,0.00,0.00,2,'PG',697,78,NULL,0,0,0),(177,'2015-12-01','2015-12-31',650000,0.00,0.00,2,'SE',424,78,NULL,0,0,0),(178,'2015-12-01','2015-12-31',550000,0.00,0.00,2,'SE',525,78,NULL,0,0,0),(179,'2015-12-01','2015-12-31',580000,0.00,0.00,2,'PG',445,78,NULL,0,0,0),(180,'2015-11-01','2015-12-31',560000,150.00,190.00,2,'SE',746,80,NULL,0,3733,2948),(181,'2015-11-01','2015-12-31',560000,150.00,190.00,2,'SE',520,81,NULL,0,0,0),(182,'2015-11-01','2015-12-31',620000,150.00,190.00,2,'PG',460,82,NULL,0,4134,3263),(183,'2015-10-01','2015-12-31',630000,150.00,190.00,2,'SE',486,83,NULL,0,4200,3316),(184,'2015-10-01','2015-12-31',510000,150.00,190.00,2,'SE',747,83,NULL,0,3400,2685),(185,'2015-10-01','2015-12-31',650000,150.00,190.00,2,'SE',398,84,NULL,0,4333,3422),(186,'2015-10-01','2015-12-31',630000,150.00,190.00,2,'SE',355,84,NULL,0,4200,3316),(187,'2015-12-01','2015-12-31',560000,0.00,0.00,2,'PG',690,85,NULL,0,0,0),(188,'2015-10-01','2015-12-31',550000,150.00,190.00,2,'SE',416,86,NULL,0,3666,2895),(189,'2015-12-01','2015-12-31',600000,0.00,0.00,2,'PG',526,85,NULL,0,0,0),(190,'2015-12-01','2015-12-31',590000,0.00,0.00,2,'PG',691,85,NULL,0,0,0),(191,'2015-12-01','2015-12-31',560000,0.00,0.00,2,'PG',684,85,NULL,0,0,0),(192,'2015-10-01','2015-12-31',530000,150.00,190.00,2,'SE',640,87,NULL,0,3533,2790),(193,'2015-10-01','2015-12-31',640000,150.00,190.00,2,'SE',482,87,NULL,0,4266,3369),(194,'2015-10-01','2015-12-31',680000,140.00,200.00,2,'SE',534,88,NULL,0,4857,3400),(195,'2015-10-01','2015-12-31',620000,120.00,180.00,2,'SE',519,90,NULL,0,5166,3445),(196,'2015-10-01','2015-12-31',600000,120.00,180.00,2,'SE',748,90,NULL,0,5000,3334),(197,'2015-12-01','2015-12-31',580000,160.00,180.00,2,'SE',749,93,NULL,0,3625,3222),(198,'2015-12-01','2015-12-31',550000,160.00,180.00,2,'SE',395,93,NULL,0,3438,3056),(199,'2015-12-01','2015-12-31',550000,160.00,180.00,2,'SE',386,94,NULL,0,3440,2200),(200,'2015-12-01','2015-12-31',680000,160.00,180.00,2,'SE',750,94,NULL,0,4250,2720),(201,'2015-12-01','2015-12-31',590000,160.00,180.00,2,'SE',751,94,NULL,0,3690,2360),(202,'2015-12-01','2016-03-31',616176,160.00,180.00,2,'SE',352,95,NULL,0,3890,3890),(203,'2015-12-01','2015-12-31',580000,140.00,180.00,2,'SE',752,96,NULL,0,4143,2630),(204,'2015-12-01','2015-12-31',580000,140.00,180.00,2,'SE',531,96,NULL,0,4143,2630),(205,'2015-12-01','2015-12-31',650000,140.00,180.00,2,'SE',583,96,NULL,0,4643,2950),(206,'2015-12-01','2015-12-31',580000,140.00,180.00,2,'SE',753,96,NULL,0,4143,2630),(207,'2015-12-01','2016-01-31',930000,150.00,200.00,2,'L',754,97,NULL,0,6200,4650),(208,'2015-12-01','2016-01-31',800000,150.00,200.00,2,'SE',712,97,NULL,0,5330,4000),(209,'2015-12-01','2015-12-31',620000,160.00,200.00,2,'L',584,98,NULL,0,3875,3100),(210,'2015-12-01','2015-12-31',550000,160.00,200.00,2,'PG',439,98,NULL,0,3438,2750),(211,'2015-12-01','2015-12-31',700000,140.00,180.00,2,'SE',755,96,NULL,0,5000,3180),(212,'2015-12-01','2015-12-31',580000,160.00,200.00,2,'SE',528,98,NULL,0,3625,2900),(213,'2015-12-01','2015-12-31',500000,140.00,180.00,2,'SE',412,96,NULL,0,3571,2270),(214,'2015-12-01','2015-12-31',580000,140.00,180.00,2,'SE',607,96,NULL,0,4143,2630),(215,'2015-12-01','2015-12-31',520000,160.00,200.00,2,'PG',394,98,NULL,0,3250,2600),(216,'2015-12-01','2015-12-31',650000,160.00,180.00,2,'SE',557,99,NULL,0,4110,2950),(217,'2015-12-01','2015-12-31',520000,160.00,200.00,2,'PG',689,98,NULL,0,3250,2600),(218,'2015-12-01','2015-12-31',530000,140.00,180.00,2,'PG',492,100,NULL,0,3780,2940),(219,'2015-12-01','2015-12-31',500000,160.00,180.00,2,'SE',756,99,NULL,0,3160,2270),(220,'2015-12-01','2015-12-31',580000,160.00,180.00,2,'SE',384,99,NULL,0,3670,2630),(221,'2015-12-01','2015-12-31',650000,160.00,180.00,2,'SE',367,99,NULL,0,4110,2950),(222,'2015-12-01','2015-12-31',680000,160.00,180.00,2,'SE',380,99,NULL,0,4300,3090),(223,'2015-12-01','2015-12-31',500000,160.00,180.00,2,'SE',383,99,NULL,0,3160,2270),(224,'2015-12-01','2015-12-31',560000,160.00,180.00,2,'SE',364,99,NULL,0,3540,2540),(225,'2015-12-01','2015-12-31',630000,160.00,180.00,2,'SE',757,99,NULL,0,3980,2860),(226,'2015-12-01','2015-12-31',610000,160.00,180.00,2,'SE',351,99,NULL,0,3860,2770),(227,'2015-12-01','2015-12-31',630000,160.00,180.00,2,'SE',638,99,NULL,0,3980,2860),(228,'2015-12-01','2015-12-31',580000,160.00,180.00,2,'SE',610,99,NULL,0,3670,2630),(229,'2015-12-01','2015-12-31',550000,160.00,180.00,2,'SE',403,99,NULL,0,3480,2500),(230,'2015-12-01','2015-12-31',680000,160.00,180.00,2,'SE',549,99,NULL,0,4300,3090),(231,'2015-12-01','2015-12-31',600000,160.00,180.00,2,'SE',714,99,NULL,0,3790,2720),(232,'2015-12-01','2015-12-31',600000,160.00,180.00,2,'SE',673,99,NULL,0,3790,2720),(233,'2015-12-01','2015-12-31',590000,160.00,200.00,2,'SE',463,101,NULL,0,3680,2950),(235,'2015-12-01','2015-12-31',580000,160.00,180.00,2,'SE',758,99,NULL,0,3670,2630),(236,'2015-12-01','2015-12-31',680000,160.00,180.00,2,'SE',620,99,NULL,0,4300,3090),(237,'2015-12-01','2016-03-31',680000,160.00,180.00,2,'SE',582,102,NULL,0,4300,3090),(238,'2015-12-01','2016-03-31',550000,160.00,180.00,2,'SE',759,102,NULL,0,3480,2500),(239,'2015-12-01','2016-03-31',700000,160.00,180.00,2,'SE',760,102,NULL,0,4430,3180),(240,'2015-12-01','2016-01-31',650000,160.00,180.00,2,'SE',761,102,NULL,0,4110,2950),(241,'2015-12-01','2016-03-31',680000,160.00,180.00,2,'SE',564,102,NULL,0,4300,3090),(242,'2015-12-01','2016-03-31',630000,160.00,180.00,2,'SE',447,102,NULL,0,3980,2860),(243,'2015-12-01','2015-12-31',500000,150.00,200.00,2,'PG',609,103,NULL,0,3330,2500),(244,'2015-12-01','2016-01-31',600000,160.00,180.00,2,'SE',762,102,NULL,0,3790,2720),(245,'2015-12-01','2016-03-31',570000,160.00,180.00,2,'SE',763,102,NULL,0,3600,2590),(246,'2015-12-01','2016-01-31',680000,160.00,180.00,2,'SE',590,102,NULL,0,4300,3090),(247,'2015-12-01','2016-03-31',650000,160.00,180.00,2,'SE',764,102,NULL,0,4110,2950),(248,'2015-12-01','2016-03-31',550000,160.00,180.00,2,'SE',765,102,NULL,0,3480,2500),(249,'2015-12-01','2016-03-31',560000,160.00,180.00,2,'SE',766,102,NULL,0,3540,2540),(250,'2015-12-01','2016-03-31',560000,160.00,180.00,2,'SE',767,102,NULL,0,3540,2540),(251,'2015-12-01','2015-12-31',890000,150.00,180.00,2,'M',347,104,NULL,0,5940,3460),(252,'2015-12-01','2015-12-31',700000,150.00,180.00,2,'SE',346,104,NULL,0,4670,2720),(253,'2015-12-01','2016-03-31',530000,160.00,180.00,2,'SE',768,102,NULL,0,3350,2400),(254,'2015-12-01','2016-03-31',580000,160.00,180.00,2,'SE',372,102,NULL,0,3670,2630),(255,'2015-12-01','2016-03-31',630000,160.00,180.00,2,'SE',769,102,NULL,0,3980,2860),(256,'2015-12-01','2016-01-31',640000,160.00,180.00,2,'SE',770,102,NULL,0,4050,2900),(257,'2015-12-01','2015-12-31',600000,160.00,180.00,2,'SE',771,102,NULL,0,3790,2720),(258,'2015-12-01','2015-12-31',650000,0.00,0.00,2,'SE',587,105,NULL,0,0,0),(259,'2015-12-01','2016-01-31',630000,160.00,180.00,2,'SE',772,102,NULL,0,3980,2860),(261,'2015-12-01','2015-12-31',450000,0.00,0.00,2,'PG',515,105,NULL,0,0,0),(262,'2015-12-01','2015-12-31',580000,160.00,180.00,2,'SE',500,102,NULL,0,3670,2630),(263,'2015-12-01','2015-12-31',560000,160.00,180.00,2,'SE',480,106,NULL,0,3500,2800),(264,'2015-12-01','2015-12-31',630000,140.00,180.00,2,'SE',625,107,NULL,0,4500,2870),(265,'2015-12-01','2015-12-31',540000,140.00,180.00,2,'SE',396,107,NULL,0,3857,2450),(266,'2015-12-01','2015-12-31',550000,140.00,180.00,2,'SE',585,107,NULL,0,3929,2500),(267,'2015-12-01','2015-12-31',510000,140.00,180.00,2,'SE',385,107,NULL,0,3643,2310),(268,'2015-12-03','2015-12-31',522000,122.00,162.00,2,'SE',670,108,NULL,0,4279,3222),(269,'2015-12-01','2015-12-31',640000,150.00,190.00,2,'SE',470,109,NULL,0,4267,2500),(270,'2015-10-01','2015-12-31',750000,140.00,180.00,1,'SE',643,110,NULL,0,5357,4167),(271,'2015-12-01','2015-12-31',550000,150.00,180.00,2,'SE',665,111,NULL,0,0,0),(272,'2015-12-01','2015-12-31',395000,160.00,180.00,2,'SE',591,112,NULL,0,2821,2194),(273,'2015-12-01','2015-12-31',500000,140.00,200.00,2,'SE',622,113,NULL,0,3571,2500),(274,'2015-12-01','2015-12-31',473000,0.00,0.00,2,'SE',540,114,NULL,0,0,0),(275,'2015-10-01','2015-12-31',540000,150.00,200.00,2,'SE',543,115,NULL,0,3600,2700),(276,'2015-12-01','2015-12-06',147368,32.00,40.00,2,'PG',390,12,NULL,0,4660,3680),(277,'2015-12-01','2015-12-06',132632,32.00,40.00,2,'SE',377,12,NULL,0,4200,3310),(278,'2015-12-01','2015-12-31',560000,150.00,200.00,2,'PG',461,116,NULL,0,3730,2800),(279,'2015-11-20','2016-01-31',550000,140.00,180.00,2,'PG',340,59,NULL,0,3930,3060),(280,'2015-12-01','2015-12-31',550000,140.00,200.00,2,'SE',581,117,NULL,0,3920,2750),(281,'2015-12-01','2015-12-31',670000,140.00,180.00,2,'PG',555,119,NULL,0,4190,3720),(282,'2015-12-01','2015-12-31',575000,160.00,180.00,2,'PG',774,119,NULL,0,3600,3190),(283,'2015-12-01','2015-12-31',580000,160.00,180.00,2,'PG',707,119,NULL,0,3630,3220),(284,'2015-12-01','2015-12-31',620000,160.00,180.00,2,'PG',775,119,NULL,0,3880,3440),(285,'2015-12-01','2015-12-31',560000,140.00,180.00,2,'SE',635,120,NULL,0,3690,2800),(286,'2015-12-01','2015-12-31',560000,140.00,180.00,2,'SE',676,120,NULL,0,3690,2800),(287,'2015-12-01','2015-12-31',630000,160.00,180.00,2,'PG',535,121,NULL,0,3938,2860),(288,'2015-12-01','2015-12-31',530000,160.00,180.00,2,'PG',366,121,NULL,0,3313,1400),(289,'2015-12-01','2015-12-31',580000,160.00,180.00,2,'PG',654,121,NULL,0,3625,2630),(290,'2015-12-01','2015-12-31',550000,140.00,180.00,2,'PG',450,122,NULL,0,3670,2500),(291,'2015-12-01','2015-12-31',580000,140.00,180.00,2,'SE',343,122,NULL,0,3870,2630),(292,'2015-12-01','2015-12-31',680000,140.00,180.00,2,'SE',713,123,NULL,0,4250,3778),(293,'2015-12-01','2015-12-31',580000,140.00,180.00,2,'SE',776,124,NULL,0,3670,2640),(294,'2015-12-01','2015-12-31',680000,140.00,180.00,2,'SE',777,124,NULL,0,4300,3090),(295,'2015-12-01','2015-12-31',450000,140.00,180.00,2,'SE',778,125,NULL,0,2920,2040),(296,'2015-12-01','2015-12-31',490000,140.00,180.00,2,'PG',387,126,NULL,0,0,0);
/*!40000 ALTER TABLE `eb_projectmember` ENABLE KEYS */;
UNLOCK TABLES;

--
-- Table structure for table `eb_projectmember_stages`
--

DROP TABLE IF EXISTS `eb_projectmember_stages`;
/*!40101 SET @saved_cs_client     = @@character_set_client */;
/*!40101 SET character_set_client = utf8 */;
CREATE TABLE `eb_projectmember_stages` (
  `id` int(11) NOT NULL AUTO_INCREMENT,
  `projectmember_id` int(11) NOT NULL,
  `projectstage_id` int(11) NOT NULL,
  PRIMARY KEY (`id`),
  UNIQUE KEY `projectmember_id` (`projectmember_id`,`projectstage_id`),
  KEY `eb_projectmember__projectstage_id_6a31b8e1_fk_eb_projectstage_id` (`projectstage_id`),
  CONSTRAINT `eb_projectmembe_projectmember_id_13b01838_fk_eb_projectmember_id` FOREIGN KEY (`projectmember_id`) REFERENCES `eb_projectmember` (`id`),
  CONSTRAINT `eb_projectmember__projectstage_id_6a31b8e1_fk_eb_projectstage_id` FOREIGN KEY (`projectstage_id`) REFERENCES `eb_projectstage` (`id`)
) ENGINE=InnoDB DEFAULT CHARSET=utf8;
/*!40101 SET character_set_client = @saved_cs_client */;

--
-- Dumping data for table `eb_projectmember_stages`
--

LOCK TABLES `eb_projectmember_stages` WRITE;
/*!40000 ALTER TABLE `eb_projectmember_stages` DISABLE KEYS */;
/*!40000 ALTER TABLE `eb_projectmember_stages` ENABLE KEYS */;
UNLOCK TABLES;

--
-- Table structure for table `eb_projectrequest`
--

DROP TABLE IF EXISTS `eb_projectrequest`;
/*!40101 SET @saved_cs_client     = @@character_set_client */;
/*!40101 SET character_set_client = utf8 */;
CREATE TABLE `eb_projectrequest` (
  `id` int(11) NOT NULL AUTO_INCREMENT,
  `year` varchar(4) NOT NULL,
  `month` varchar(2) NOT NULL,
  `request_no` varchar(7) NOT NULL,
  `amount` int(11) NOT NULL,
  `project_id` int(11) NOT NULL,
  PRIMARY KEY (`id`),
  KEY `eb_projectrequest_project_id_7653cf51_fk_eb_project_id` (`project_id`),
  CONSTRAINT `eb_projectrequest_project_id_7653cf51_fk_eb_project_id` FOREIGN KEY (`project_id`) REFERENCES `eb_project` (`id`)
) ENGINE=InnoDB AUTO_INCREMENT=92 DEFAULT CHARSET=utf8;
/*!40101 SET character_set_client = @saved_cs_client */;

--
-- Dumping data for table `eb_projectrequest`
--

LOCK TABLES `eb_projectrequest` WRITE;
/*!40000 ALTER TABLE `eb_projectrequest` DISABLE KEYS */;
INSERT INTO `eb_projectrequest` VALUES (1,'2015','11','1511001',0,5),(2,'2015','11','1511002',1425600,2),(3,'2015','11','1511003',3110400,7),(4,'2015','11','1511004',1317600,8),(5,'2015','12','1512001',9649650,13),(6,'2015','12','1512002',1328400,10),(7,'2015','12','1512003',641866,5),(8,'2015','12','1512004',756000,31),(9,'2015','12','1512005',324000,35),(10,'2015','12','1512006',469800,37),(11,'2015','12','1512007',594000,3),(12,'2015','12','1512008',572400,100),(13,'2015','12','1512009',10024139,15),(14,'2015','12','1512010',1134000,53),(15,'2015','12','1512011',702000,33),(16,'2015','12','1512012',734400,39),(17,'2015','12','1512013',658800,40),(18,'2015','12','1512014',1209310,27),(19,'2015','12','1512015',2486026,7),(20,'2015','12','1512016',594000,111),(21,'2015','12','1512017',426600,112),(22,'2015','12','1512018',3456000,56),(23,'2015','12','1512019',685800,41),(24,'2015','12','1512020',898060,47),(25,'2015','12','1512021',540000,113),(26,'2015','12','1512022',702000,25),(27,'2015','12','1512023',648000,26),(28,'2015','12','1512024',756000,36),(29,'2015','12','1512025',4321909,18),(30,'2015','12','1512026',2186541,97),(31,'2015','12','1512027',1462360,19),(32,'2015','12','1512028',3495494,20),(33,'2015','12','1512029',1501542,21),(34,'2015','12','1512030',1550815,17),(35,'2015','12','1512031',954115,16),(36,'2015','12','1512032',583200,115),(37,'2015','12','1512033',416880,14),(38,'2015','12','1512034',1857600,9),(39,'2015','12','1512035',1004400,12),(40,'2015','12','1512036',2138400,48),(41,'2015','12','1512037',540000,103),(42,'2015','12','1512038',1936197,34),(43,'2015','12','1512039',604800,116),(44,'2015','12','1512040',594000,59),(45,'2015','12','1512041',810000,60),(46,'2015','12','1512042',799200,61),(47,'2015','12','1512043',665659,101),(48,'2015','12','1512044',680400,54),(49,'2015','12','1512045',648000,52),(50,'2015','12','1512046',3013200,98),(51,'2015','12','1512047',1188000,105),(52,'2015','12','1512048',756000,50),(53,'2015','12','1512049',817990,49),(54,'2015','12','1512050',1717200,104),(55,'2015','12','1512051',658800,64),(56,'2015','12','1512052',1645747,62),(57,'2015','12','1512053',2008800,63),(58,'2015','12','1512054',655560,4),(59,'2015','12','1512055',2495416,85),(60,'2015','12','1512056',702000,57),(61,'2015','12','1512057',4018498,78),(62,'2015','12','1512058',378000,67),(63,'2015','12','1512059',1328400,66),(64,'2015','12','1512060',1296000,76),(65,'2015','12','1512061',6609600,65),(66,'2015','12','1512062',1404000,11),(67,'2015','12','1512063',648000,51),(68,'2015','12','1512064',1382400,2),(69,'2015','12','1512065',1362960,55),(70,'2015','12','1512066',1414800,6),(71,'2015','12','1512067',757080,58),(72,'2015','12','1512068',594000,117),(73,'2015','12','1512069',1317600,8),(74,'2015','12','1512070',11457305,99),(75,'2015','12','1512071',308788,95),(76,'2015','12','1512072',13944924,102),(77,'2015','12','1512073',2702333,119),(78,'2015','12','1512074',604800,106),(79,'2015','12','1512075',719076,42),(80,'2015','12','1512076',1209600,120),(81,'2015','12','1512077',4668046,96),(82,'2015','12','1512078',2443435,94),(83,'2015','12','1512079',2408400,107),(84,'2015','12','1512080',1220400,93),(85,'2015','12','1512081',576542,108),(86,'2015','12','1512082',1813795,121),(87,'2015','12','1512083',1238863,122),(88,'2015','12','1512084',734400,123),(89,'2015','12','1512085',1362701,124),(90,'2015','12','1512086',486000,125),(91,'2015','12','1512087',529200,126);
/*!40000 ALTER TABLE `eb_projectrequest` ENABLE KEYS */;
UNLOCK TABLES;

--
-- Table structure for table `eb_projectskill`
--

DROP TABLE IF EXISTS `eb_projectskill`;
/*!40101 SET @saved_cs_client     = @@character_set_client */;
/*!40101 SET character_set_client = utf8 */;
CREATE TABLE `eb_projectskill` (
  `id` int(11) NOT NULL AUTO_INCREMENT,
  `period` int(11) DEFAULT NULL,
  `description` longtext,
  `project_id` int(11) NOT NULL,
  `skill_id` int(11) NOT NULL,
  `deleted_date` datetime,
  `is_deleted` tinyint(1) NOT NULL,
  PRIMARY KEY (`id`),
  KEY `eb_projectskill_project_id_8d3e5a7_fk_eb_project_id` (`project_id`),
  KEY `eb_projectskill_d38d4c39` (`skill_id`),
  CONSTRAINT `eb_projectskill_project_id_8d3e5a7_fk_eb_project_id` FOREIGN KEY (`project_id`) REFERENCES `eb_project` (`id`),
  CONSTRAINT `eb_projectskill_skill_id_32478b29_fk_eb_skill_id` FOREIGN KEY (`skill_id`) REFERENCES `eb_skill` (`id`)
) ENGINE=InnoDB DEFAULT CHARSET=utf8;
/*!40101 SET character_set_client = @saved_cs_client */;

--
-- Dumping data for table `eb_projectskill`
--

LOCK TABLES `eb_projectskill` WRITE;
/*!40000 ALTER TABLE `eb_projectskill` DISABLE KEYS */;
/*!40000 ALTER TABLE `eb_projectskill` ENABLE KEYS */;
UNLOCK TABLES;

--
-- Table structure for table `eb_projectstage`
--

DROP TABLE IF EXISTS `eb_projectstage`;
/*!40101 SET @saved_cs_client     = @@character_set_client */;
/*!40101 SET character_set_client = utf8 */;
CREATE TABLE `eb_projectstage` (
  `id` int(11) NOT NULL AUTO_INCREMENT,
  `name` varchar(15) NOT NULL,
  `deleted_date` datetime,
  `is_deleted` tinyint(1) NOT NULL,
  PRIMARY KEY (`id`),
  UNIQUE KEY `name` (`name`)
) ENGINE=InnoDB DEFAULT CHARSET=utf8;
/*!40101 SET character_set_client = @saved_cs_client */;

--
-- Dumping data for table `eb_projectstage`
--

LOCK TABLES `eb_projectstage` WRITE;
/*!40000 ALTER TABLE `eb_projectstage` DISABLE KEYS */;
/*!40000 ALTER TABLE `eb_projectstage` ENABLE KEYS */;
UNLOCK TABLES;

--
-- Table structure for table `eb_salesperson`
--

DROP TABLE IF EXISTS `eb_salesperson`;
/*!40101 SET @saved_cs_client     = @@character_set_client */;
/*!40101 SET character_set_client = utf8 */;
CREATE TABLE `eb_salesperson` (
  `id` int(11) NOT NULL AUTO_INCREMENT,
  `employee_id` varchar(30) NOT NULL,
  `first_name` varchar(30) NOT NULL,
  `last_name` varchar(30) NOT NULL,
  `first_name_ja` varchar(30) DEFAULT NULL,
  `last_name_ja` varchar(30) DEFAULT NULL,
  `first_name_en` varchar(30) DEFAULT NULL,
  `last_name_en` varchar(30) DEFAULT NULL,
  `sex` varchar(1) DEFAULT NULL,
  `country` varchar(20) DEFAULT NULL,
  `birthday` date,
  `graduate_date` date DEFAULT NULL,
  `join_date` date,
  `email` varchar(254) DEFAULT NULL,
  `private_email` varchar(254) DEFAULT NULL,
  `post_code` varchar(7) DEFAULT NULL,
  `address1` varchar(200) DEFAULT NULL,
  `address2` varchar(200) DEFAULT NULL,
  `nearest_station` varchar(15) DEFAULT NULL,
  `years_in_japan` int(11) DEFAULT NULL,
  `phone` varchar(11) DEFAULT NULL,
  `is_married` varchar(1) DEFAULT NULL,
  `japanese_description` longtext,
  `certificate` longtext,
  `skill_description` longtext,
  `comment` longtext,
  `member_type` int(11) NOT NULL,
  `company_id` int(11) DEFAULT NULL,
  `section_id` int(11),
  `user_id` int(11),
  `is_retired` tinyint(1) NOT NULL,
  `deleted_date` datetime,
  `is_deleted` tinyint(1) NOT NULL,
  `coordinate_update_date` datetime,
  `lat` varchar(25),
  `lng` varchar(25),
  PRIMARY KEY (`id`),
  UNIQUE KEY `employee_id` (`employee_id`),
  UNIQUE KEY `user_id` (`user_id`),
  KEY `eb_salesperson_company_id_61b3bc0f_fk_eb_company_id` (`company_id`),
  KEY `eb_salesperson_730f6511` (`section_id`),
  CONSTRAINT `eb_salesperson_company_id_61b3bc0f_fk_eb_company_id` FOREIGN KEY (`company_id`) REFERENCES `eb_company` (`id`),
  CONSTRAINT `eb_salesperson_section_id_4fce9791_fk_eb_section_id` FOREIGN KEY (`section_id`) REFERENCES `eb_section` (`id`),
  CONSTRAINT `eb_salesperson_user_id_d5efd5a_fk_auth_user_id` FOREIGN KEY (`user_id`) REFERENCES `auth_user` (`id`)
) ENGINE=InnoDB AUTO_INCREMENT=19 DEFAULT CHARSET=utf8;
/*!40101 SET character_set_client = @saved_cs_client */;

--
-- Dumping data for table `eb_salesperson`
--

LOCK TABLES `eb_salesperson` WRITE;
/*!40000 ALTER TABLE `eb_salesperson` DISABLE KEYS */;
INSERT INTO `eb_salesperson` VALUES (1,'0087','趙','威','チョウ','イ','','','2','','1980-12-23',NULL,'2015-11-16','zhaowei@e-business.co.jp',NULL,'2470063','神奈川県鎌倉市梶原','',NULL,NULL,'08035151089',NULL,'','',NULL,'',0,1,13,2,0,NULL,0,NULL,NULL,NULL),(2,'0346','王','雅','オウヤ','','','','2','','1980-05-02',NULL,'2015-10-01','','akane0502@gmail.com','','','','',NULL,'',NULL,'','',NULL,'',5,1,2,NULL,0,NULL,0,NULL,NULL,NULL),(3,'0342','張','斯諾','チョウ','シダク','','','2','','1988-07-17',NULL,'2015-10-01','zhangsinuo@e-business.co.jp','zhangsinuo.royal@gmail.com','2770005','千葉県柏市柏6丁目5-24シティ島村102室','','',NULL,'08035992757',NULL,'','',NULL,'',5,1,2,8,0,NULL,0,NULL,NULL,NULL),(4,'0337','沈','漪帆','チン','イハン','','','2','','1982-08-22',NULL,'2015-09-01','shenyifan@e-business.co.jp','eb.shenyifan@gmail.com','3360936','埼玉県さいたま市緑区太田窪1-28-5','','',NULL,'08043216062',NULL,'','',NULL,'',5,1,2,3,0,NULL,0,NULL,NULL,NULL),(5,'0314','王','雅','オウマサ','','','','2','','1980-01-01',NULL,'2015-07-21','','akane0502@gmail.com','','','','',NULL,'',NULL,'','',NULL,'',5,1,2,NULL,0,NULL,0,NULL,NULL,NULL),(6,'0297','黄','蕾','コウライ','','','','1','','1984-10-11',NULL,'2015-05-18','','kou.rai@hotmail.com','','','','',NULL,'08098068866',NULL,'','',NULL,'',5,1,2,NULL,0,NULL,0,NULL,NULL,NULL),(7,'0278','金','銀順','キンギンジュン','','','','2','','1981-03-04',NULL,'2015-04-06','','','','','','',NULL,'',NULL,'','',NULL,'',5,1,2,NULL,0,NULL,0,NULL,NULL,NULL),(8,'0277','王','莉','オウリ','','','','2','',NULL,NULL,'2015-04-06','wangli@e-business.co.jp','','','','','',NULL,'',NULL,'','',NULL,'',5,1,2,9,0,NULL,0,NULL,NULL,NULL),(9,'0240','任','蕾','ニンライ','','','','1','','1982-03-29',NULL,'2014-12-01','','relein0305@yahoo.co.jp','','','','',NULL,'',NULL,'','',NULL,'',5,1,2,NULL,0,NULL,0,NULL,NULL,NULL),(10,'0236','楊','君儀','ヨウクンギ','','','','2','','1986-06-24',NULL,'2014-11-17','','junjun781126@gmail.com','','','','',NULL,'',NULL,'','',NULL,'',5,1,2,NULL,0,NULL,0,NULL,NULL,NULL),(11,'0089','荊','威','ケイ',NULL,NULL,NULL,'1',NULL,'1976-01-19',NULL,'2010-10-01','keii@e-business.co.jp','eb.jingwei@gmail.com','2130002','神奈川県川崎市高津区二子1丁目17番1-1209',NULL,'',NULL,'08043741089',NULL,NULL,NULL,NULL,NULL,0,1,2,11,0,NULL,0,NULL,NULL,NULL),(12,'0076','李','新文','リシンブン','','','','1','','1980-06-17',NULL,'2014-10-14','','lixinwen1@gmail.com','','','','',NULL,'',NULL,'','',NULL,'',5,1,2,NULL,0,NULL,0,NULL,NULL,NULL),(13,'0020','鄭','晶','テイショウ','','','','2','','1989-11-21',NULL,'2014-07-02','zhengjing@e-business.co.jp','teisyou66365@gmail.com','1430015','東京都大田区大森六丁目5番18号MKビル106','','',NULL,'08039780239',NULL,'','',NULL,'',5,1,2,10,0,NULL,0,NULL,NULL,NULL),(14,'0198','劉','暢','リュウ','チョウ','','','2','','1991-05-10',NULL,'2014-02-10','liuchang@e-business.co.jp','ll.milamiya@ezweb.ne.jp','1160014','東京都荒川区東日暮里3-27-5-501ワールドパレス東日暮里','','',NULL,'08046646712',NULL,'','',NULL,'',5,1,2,7,0,NULL,0,NULL,NULL,NULL),(15,'0150','孫','雲釵','ソン','ウンサイ','','','2','','1984-11-27',NULL,'2013-02-18','sunyunchai@e-business.co.jp','sunyunchai@gmail.co.jp','1740063','東京都板橋区前野町3-36-16ﾚｵﾊﾞﾚｽ壽光I　202号','','',NULL,'08048611119',NULL,'','',NULL,'',5,1,2,4,0,NULL,0,NULL,NULL,NULL),(16,'0126','丁','玲','テイ','レイ','','','2','','1986-02-09',NULL,'2012-07-01','dingling@e-business.co.jp','eb.dingling@gmail.com','2720133','千葉県市川市行徳駅前1-17-8フラッグK・K306号','','',NULL,'08030263213',NULL,'','',NULL,'',5,1,2,5,0,NULL,0,NULL,NULL,NULL),(17,'1234','齋藤','善次','','','','',NULL,'',NULL,NULL,'2015-12-21','saito@e-business.co.jp',NULL,'','','',NULL,NULL,'',NULL,'','',NULL,'',5,1,2,6,0,NULL,0,NULL,NULL,NULL),(18,'4445','五十住','晃一','','','','',NULL,'',NULL,NULL,'2016-01-04','',NULL,'','','',NULL,NULL,'',NULL,'','',NULL,'',5,1,2,NULL,0,NULL,0,NULL,NULL,NULL);
/*!40000 ALTER TABLE `eb_salesperson` ENABLE KEYS */;
UNLOCK TABLES;

--
-- Table structure for table `eb_section`
--

DROP TABLE IF EXISTS `eb_section`;
/*!40101 SET @saved_cs_client     = @@character_set_client */;
/*!40101 SET character_set_client = utf8 */;
CREATE TABLE `eb_section` (
  `id` int(11) NOT NULL AUTO_INCREMENT,
  `name` varchar(30) NOT NULL,
  `description` varchar(200) DEFAULT NULL,
  `company_id` int(11) NOT NULL,
  `is_on_sales` tinyint(1) NOT NULL,
  `deleted_date` datetime,
  `is_deleted` tinyint(1) NOT NULL,
  PRIMARY KEY (`id`),
  KEY `eb_section_company_id_1d56f41d_fk_eb_company_id` (`company_id`),
  CONSTRAINT `eb_section_company_id_1d56f41d_fk_eb_company_id` FOREIGN KEY (`company_id`) REFERENCES `eb_company` (`id`)
) ENGINE=InnoDB AUTO_INCREMENT=16 DEFAULT CHARSET=utf8;
/*!40101 SET character_set_client = @saved_cs_client */;

--
-- Dumping data for table `eb_section`
--

LOCK TABLES `eb_section` WRITE;
/*!40000 ALTER TABLE `eb_section` DISABLE KEYS */;
INSERT INTO `eb_section` VALUES (1,'開発部　2部','',1,1,NULL,0),(2,'営業部',NULL,1,0,NULL,0),(3,'EC 事業',NULL,1,0,NULL,0),(4,'開発部　1部','',1,1,NULL,0),(5,'開発部　5部','',1,1,NULL,0),(6,'総務部',NULL,1,0,NULL,0),(7,'開発部　3部','',1,1,NULL,0),(8,'メディア事業部',NULL,1,0,NULL,0),(9,'ソリューション事業部',NULL,1,0,NULL,0),(10,'開発部　4部','',1,1,NULL,0),(11,'技術推進部',NULL,1,0,NULL,0),(12,'大阪事務所',NULL,1,0,NULL,0),(13,'管理部',NULL,1,0,NULL,0),(14,'取締役',NULL,1,0,NULL,0),(15,'新規事業推進部',NULL,1,0,NULL,0);
/*!40000 ALTER TABLE `eb_section` ENABLE KEYS */;
UNLOCK TABLES;

--
-- Table structure for table `eb_skill`
--

DROP TABLE IF EXISTS `eb_skill`;
/*!40101 SET @saved_cs_client     = @@character_set_client */;
/*!40101 SET character_set_client = utf8 */;
CREATE TABLE `eb_skill` (
  `id` int(11) NOT NULL AUTO_INCREMENT,
  `name` varchar(30) NOT NULL,
  `deleted_date` datetime,
  `is_deleted` tinyint(1) NOT NULL,
  PRIMARY KEY (`id`),
  UNIQUE KEY `name` (`name`)
) ENGINE=InnoDB DEFAULT CHARSET=utf8;
/*!40101 SET character_set_client = @saved_cs_client */;

--
-- Dumping data for table `eb_skill`
--

LOCK TABLES `eb_skill` WRITE;
/*!40000 ALTER TABLE `eb_skill` DISABLE KEYS */;
/*!40000 ALTER TABLE `eb_skill` ENABLE KEYS */;
UNLOCK TABLES;

--
-- Table structure for table `eb_subcontractor`
--

DROP TABLE IF EXISTS `eb_subcontractor`;
/*!40101 SET @saved_cs_client     = @@character_set_client */;
/*!40101 SET character_set_client = utf8 */;
CREATE TABLE `eb_subcontractor` (
  `id` int(11) NOT NULL AUTO_INCREMENT,
  `name` varchar(30) NOT NULL,
  `japanese_spell` varchar(30) DEFAULT NULL,
  `found_date` date DEFAULT NULL,
  `capital` bigint(20) DEFAULT NULL,
  `post_code` varchar(7) DEFAULT NULL,
  `address1` varchar(200) DEFAULT NULL,
  `address2` varchar(200) DEFAULT NULL,
  `tel` varchar(15) DEFAULT NULL,
  `fax` varchar(15) DEFAULT NULL,
  `president` varchar(30) DEFAULT NULL,
  `employee_count` int(11) DEFAULT NULL,
  `sale_amount` bigint(20) DEFAULT NULL,
  `payment_day` varchar(2),
  `comment` longtext,
  `payment_month` varchar(1),
  `deleted_date` datetime,
  `is_deleted` tinyint(1) NOT NULL,
  PRIMARY KEY (`id`),
  UNIQUE KEY `eb_subcontractor_name_462a5613_uniq` (`name`)
) ENGINE=InnoDB AUTO_INCREMENT=52 DEFAULT CHARSET=utf8;
/*!40101 SET character_set_client = @saved_cs_client */;

--
-- Dumping data for table `eb_subcontractor`
--

LOCK TABLES `eb_subcontractor` WRITE;
/*!40000 ALTER TABLE `eb_subcontractor` DISABLE KEYS */;
INSERT INTO `eb_subcontractor` VALUES (1,'株式会社Maiasoft','',NULL,500,'1320034','東京都千代田区飯田橋1-7-8梶山ビル 4階 A号室','','03-6261-4173','','王　山鷹',17,NULL,NULL,'','1',NULL,0),(2,'みんなの未来株式会社','','2011-01-01',2500,'1010032','東京都千代田区岩本町2-19-4 博朋ビル6階','','０３－５８２９－９５１９','０３－５８２９－９８７２','李 遠軍',75,200000000,NULL,'','1',NULL,0),(5,'株式会社ネットコム','','2000-05-22',30000000,'1050014','東京都港区芝3-17-12第2Mビル7F','','03-3454-8017','03-3454-8018','張書明',NULL,NULL,NULL,'','1',NULL,0),(6,'エクセレント・ミーム株式会社','','2014-05-09',4000000,'1010047','東京都千代田区内神田1丁目14番6号福利久ビル6階','','０３−３２５９−０２０２','','侯 娜',NULL,NULL,NULL,'','1',NULL,0),(8,'株式会社ビー・シー・エル','','2009-11-10',10000000,'1010045','東京都千代田区神田鍛冶町３-３-９ 共同ビル８Ｆ','','０３－６２０６－４７９７','０３－６２０６－４３９７','伊藤 静香',30,200000000,NULL,'','1',NULL,0),(10,'株式会社NAP','','2014-02-04',7000000,'3350001','埼玉県蕨市北町1-3-2蕨ローズマンション5階501号室','','070-6976-3903','','楊 旭',NULL,NULL,NULL,'','1',NULL,0),(11,'合同会社D.G.M','',NULL,NULL,'1400001','東京都品川区北品川１丁目９番７号トップルーム品川１０１５','','050-5891-3129','','慈元杰',NULL,NULL,NULL,'','1',NULL,0),(12,'株式会社ライブブリッジ','','2009-01-01',10000000,'1500043','東京都渋谷区道玄坂２丁目１５番１号 ノア道玄坂２１５号','','050-3736-8382','050-3461-0358','申哲',NULL,NULL,NULL,'','1',NULL,0),(14,'たかしビジネス株式会社','',NULL,NULL,'','','','050-1073-8204','','徐玲玲',NULL,NULL,NULL,'','1',NULL,0),(16,'アプリワークス株式会社','','2015-03-01',8000000,'1100005','東京都台東区上野6-1-11 平岡ビル5F','','03-5826-8766','03-5826-8767','馬 莉',NULL,NULL,NULL,'','1',NULL,0),(17,'株式会社MICROTHINK','',NULL,NULL,'1700005','東京都豊島区南大塚','','080-4263-5724','','斉 日光',NULL,NULL,NULL,'','1',NULL,0),(20,'和通国際株式会社','',NULL,10000000,'2200072','神奈川県横浜市西区浅間町4丁目342番地1','','045-312-0944','045-620-6365','尤振宇',NULL,NULL,NULL,'','1',NULL,0),(22,'サンシャインパワー株式会社','','2015-02-01',3000000,'1010031','東京都千代田区東神田1丁目7-10　ＫＩビル5Ｆ','','03-5835-4436','03-5835-4437','郭 晟',NULL,NULL,'99','','2',NULL,0),(25,'future link','','2008-09-19',10000000,'1010021','東京都千代田区外神田6-14-9 秋葉原MFビル28号館2F','','03-3527-1668 ','','諏訪部　康成',NULL,NULL,NULL,'','1',NULL,0),(27,'北海情報産業 株式会社','','2003-01-01',70000000,'1010032','東京都千代田区岩本町１－３－３プロスパービル５F','','03-5835-0858','','範継軍',100,NULL,NULL,'','1',NULL,0),(28,'イーライフシステム株式会社','',NULL,NULL,'','','','','','',NULL,NULL,'99','','1',NULL,0),(29,'㈱イー・アルティ',NULL,NULL,NULL,'1160003','東京都荒川区南千住8-8-1-801',NULL,'03-6679-1568',NULL,NULL,NULL,NULL,'99',NULL,'1',NULL,0),(30,'ネオソフト',NULL,NULL,NULL,'1040033','東京都中央区新川1-3-23八重洲優和ビル２A',NULL,'03-6280-3671',NULL,NULL,NULL,NULL,'99',NULL,'1',NULL,0),(31,'フォワードソフト㈱',NULL,NULL,NULL,'1000044','東京都千代田区鍛冶町1-9-18 シャテニエ神田3F',NULL,'03-5856-9561',NULL,NULL,NULL,NULL,'99',NULL,'1',NULL,0),(32,'トリオシステムズ㈱',NULL,NULL,NULL,'1010047','東京都千代田区内神田1-5-6 小山第2ビル302号',NULL,'03-5577-6306',NULL,NULL,NULL,NULL,'99',NULL,'1',NULL,0),(33,'㈱漢唐国際',NULL,NULL,NULL,'1610033','東京都新宿区下落合2-1‐8　三栄ビル3F',NULL,'03-5906-5538',NULL,NULL,NULL,NULL,'99',NULL,'1',NULL,0),(34,'㈱H＆T',NULL,NULL,NULL,'2720102','千葉県市川市下新宿16-12',NULL,'047-314-1102',NULL,NULL,NULL,NULL,'99',NULL,'1',NULL,0),(35,'ベンチソリューション㈱',NULL,NULL,NULL,'1040033','東京都中央区新川1-3-23八重洲優和ビル5B',NULL,'03-3555-7558',NULL,NULL,NULL,NULL,'99',NULL,'1',NULL,0),(36,'株式会社セネット','',NULL,NULL,'1040004','東京都港区新橋6-5-4　DIK新橋317号','','03-6869-8298','03-5829-9388','',NULL,NULL,'99','','2',NULL,0),(37,'ネットコム',NULL,NULL,NULL,'1050014','東京都港区芝3-17-12  第2Mビル7F',NULL,'03-3454-8017',NULL,NULL,NULL,NULL,'99',NULL,'1',NULL,0),(38,'トラスト',NULL,NULL,NULL,'1710031','東京都豊島区目白3-13-18-205',NULL,'080-2064-8746',NULL,NULL,NULL,NULL,'99',NULL,'1',NULL,0),(39,'株式会社マイアソフト',NULL,NULL,NULL,'1040033','東京都台東区柳橋1-12-2ロイヤル浅草橋203室',NULL,'03-5823-4291',NULL,NULL,NULL,NULL,'99',NULL,'1',NULL,0),(40,'株式会社シーテク',NULL,NULL,NULL,'1010046','東京都千代田区神田多町2-11 カツミビ6F',NULL,'03-6206-4426',NULL,NULL,NULL,NULL,'99',NULL,'1',NULL,0),(41,'サニーソフト株式会社',NULL,NULL,NULL,'1050014','東京都港区芝３－３１－６ サンライズ芝 ２F',NULL,'03-6869-3122',NULL,NULL,NULL,NULL,'99',NULL,'1',NULL,0),(42,'スマートサービス株式会社','',NULL,NULL,'','東京都江戸川区南小岩','５－１７－２０　三好屋南小岩ビル４０３','03-6801-7026 ','','',NULL,NULL,'99','','1',NULL,0),(43,'株式会社　Conflux','',NULL,NULL,'1050014','東京都港区芝','２丁目３−１０','03-6809-6616','','',NULL,NULL,'99','','1',NULL,0),(44,'株式会社トークウォーカー','',NULL,NULL,'','','','','','',NULL,NULL,'99','','1',NULL,0),(45,'株式会社ヴェラ情報','',NULL,NULL,'','','','','','',NULL,NULL,'99','','2',NULL,0),(46,'ファーストレイン・テクノレジー株式会社','',NULL,NULL,'','','','','','',NULL,NULL,'99','','2',NULL,0),(47,'株式会社　協栄情報','',NULL,NULL,'','','','','','',NULL,NULL,'99','','2',NULL,0),(48,'株式会社C＆J','',NULL,NULL,'','川崎市川崎区日進町27-18','朝日サンライズ川崎1階','','','',NULL,NULL,'99','','2',NULL,0),(49,'UTO株式会社','',NULL,NULL,'','','','','','',NULL,NULL,'99','','2',NULL,0),(50,'株式会社　シンメトリクス','',NULL,NULL,'','','','','','',NULL,NULL,'99','','2',NULL,0),(51,'セッダー株式会社','',NULL,NULL,'','','','','','',NULL,NULL,'99','','2',NULL,0);
/*!40000 ALTER TABLE `eb_subcontractor` ENABLE KEYS */;
UNLOCK TABLES;
/*!40103 SET TIME_ZONE=@OLD_TIME_ZONE */;

/*!40101 SET SQL_MODE=@OLD_SQL_MODE */;
/*!40014 SET FOREIGN_KEY_CHECKS=@OLD_FOREIGN_KEY_CHECKS */;
/*!40014 SET UNIQUE_CHECKS=@OLD_UNIQUE_CHECKS */;
/*!40101 SET CHARACTER_SET_CLIENT=@OLD_CHARACTER_SET_CLIENT */;
/*!40101 SET CHARACTER_SET_RESULTS=@OLD_CHARACTER_SET_RESULTS */;
/*!40101 SET COLLATION_CONNECTION=@OLD_COLLATION_CONNECTION */;
/*!40111 SET SQL_NOTES=@OLD_SQL_NOTES */;

-- Dump completed on 2016-01-12 19:17:07
