{
    "employeeList": [
        {
            "address": "",
            "birthDate": "2014/01/01",
            "department": null,
            "departmentId": null,
            "ebMailAddress": "",
            "id": "0025",
            "insert_date": "2014-11-18 23:01:00.0",
            "introduction": null,
            "japanComeDate": "2014/01/01",
            "jobId": null,
            "joinDate": "2014/01/01",
            "kana": "ア",
            "mailAddress": "",
            "name": "ああああ",
            "phone": null,
            "postcode": "",
            "sex": "1",
            "station": "",
            "update_date": "2014-11-19 00:16:57.0"
        },
        {
            "address": "あああああああああああ",
            "birthDate": "1980/01/01",
            "department": null,
            "departmentId": null,
            "ebMailAddress": null,
            "id": "0023",
            "insert_date": "2014-11-18 20:10:40.0",
            "introduction": null,
            "japanComeDate": "2014/01/02",
            "jobId": null,
            "joinDate": "2014/01/01",
            "kana": "ア",
            "mailAddress": "sdfsdfdsfdsf@gmail.com",
            "name": "あああああ",
            "phone": "00000000",
            "postcode": "00000000",
            "sex": "1",
            "station": "ああああ",
            "update_date": "2014-11-19 00:16:57.0"
        },
        {
            "address": "ああああああ",
            "birthDate": "1980/01/01",
            "department": null,
            "departmentId": null,
            "ebMailAddress": null,
            "id": "0022",
            "insert_date": "2014-11-18 20:08:41.0",
            "introduction": null,
            "japanComeDate": "2014/01/01",
            "jobId": null,
            "joinDate": "2014/01/01",
            "kana": "ア",
            "mailAddress": "aadfsdfsdfdsf@gmail.com",
            "name": "ああああ",
            "phone": "00000000",
            "postcode": "00000000",
            "sex": "1",
            "station": "あああああ",
            "update_date": "2014-11-19 00:16:57.0"
        },
        {
            "address": "あああああああ",
            "birthDate": "1980/01/01",
            "department": null,
            "departmentId": null,
            "ebMailAddress": null,
            "id": "0021",
            "insert_date": "2014-11-18 20:03:00.0",
            "introduction": null,
            "japanComeDate": "",
            "jobId": null,
            "joinDate": "2014/01/01",
            "kana": "ア",
            "mailAddress": "adfdsfsdfsfdsf@gmail.com",
            "name": "あああああ",
            "phone": "00000000",
            "postcode": "00000000",
            "sex": "1",
            "station": "ああああ",
            "update_date": "2014-11-19 00:16:57.0"
        },
        {
            "address": "ああああああ",
            "birthDate": "1988/01/01",
            "department": null,
            "departmentId": null,
            "ebMailAddress": null,
            "id": "0020",
            "insert_date": "2014-11-18 19:51:30.0",
            "introduction": null,
            "japanComeDate": "",
            "jobId": null,
            "joinDate": "2014/01/01",
            "kana": "ア",
            "mailAddress": "dsdfsfdsfds@gmail.com",
            "name": "あああ",
            "phone": "00000000",
            "postcode": "00348888",
            "sex": "1",
            "station": "ああああああああ",
            "update_date": "2014-11-19 00:16:57.0"
        },
        {
            "address": "さああああ",
            "birthDate": "1980/01/01",
            "department": "管理部",
            "departmentId": "1",
            "ebMailAddress": "",
            "id": "0019",
            "insert_date": "2014-11-18 19:23:51.0",
            "introduction": null,
            "japanComeDate": "2011/11/12",
            "jobId": null,
            "joinDate": "1980/01/01",
            "kana": "ア",
            "mailAddress": "aaaaaaaa@gmail.com",
            "name": "あ",
            "phone": "00000000",
            "postcode": "00000000",
            "sex": "1",
            "station": "あああああ",
            "update_date": "2014-11-19 00:16:57.0"
        },
        {
            "address": "ああああああ",
            "birthDate": "1980/01/01",
            "department": "管理部",
            "departmentId": "1",
            "ebMailAddress": "",
            "id": "0018",
            "insert_date": "2014-11-18 19:21:32.0",
            "introduction": null,
            "japanComeDate": "2014/01/01",
            "jobId": null,
            "joinDate": "2014/01/01",
            "kana": "ア",
            "mailAddress": "sdsssssdss@gmail.com",
            "name": "ああ",
            "phone": "00000000",
            "postcode": "00000000",
            "sex": "1",
            "station": "ああああああ",
            "update_date": "2014-11-19 00:16:57.0"
        },
        {
            "address": "あああイ",
            "birthDate": "1980/01/01",
            "department": "管理部",
            "departmentId": "1",
            "ebMailAddress": "dsdfsfdsfds@gmail.com",
            "id": "0017",
            "insert_date": "2014-11-18 18:44:38.0",
            "introduction": null,
            "japanComeDate": "1980/01/03",
            "jobId": null,
            "joinDate": "1980/01/02",
            "kana": "シュウア",
            "mailAddress": "dsdfsfdsfds@gmail.com",
            "name": "周あああ",
            "phone": "08011111111",
            "postcode": "00348888",
            "sex": "1",
            "station": "東京",
            "update_date": "2014-11-19 00:16:57.0"
        },
        {
            "address": "品川シーサイド",
            "birthDate": "1989/01/01",
            "department": "管理部",
            "departmentId": "1",
            "ebMailAddress": "yinxueping@e-business.com",
            "id": "0016",
            "insert_date": "2014-11-11 19:12:05.0",
            "introduction": null,
            "japanComeDate": "",
            "jobId": null,
            "joinDate": "2014/01/23",
            "kana": "カタ",
            "mailAddress": "yinxueping@126.com",
            "name": "xp001",
            "phone": "080854255",
            "postcode": "135/0061",
            "sex": "1",
            "station": "品川シーサイド",
            "update_date": "2014-11-19 23:32:43.0"
        },
        {
            "address": "",
            "birthDate": "1980/01/01",
            "department": null,
            "departmentId": null,
            "ebMailAddress": null,
            "id": "0015",
            "insert_date": "2014-11-11 19:11:49.0",
            "introduction": null,
            "japanComeDate": "",
            "jobId": null,
            "joinDate": "2014/01/01",
            "kana": "カタ",
            "mailAddress": "",
            "name": "cb002",
            "phone": null,
            "postcode": "",
            "sex": "1",
            "station": "",
            "update_date": "2014-11-19 00:16:57.0"
        },
        {
            "address": "",
            "birthDate": "1980/01/01",
            "department": null,
            "departmentId": null,
            "ebMailAddress": null,
            "id": "0014",
            "insert_date": "2014-11-11 19:11:27.0",
            "introduction": null,
            "japanComeDate": "",
            "jobId": null,
            "joinDate": "2014/01/01",
            "kana": "カタ",
            "mailAddress": "",
            "name": "cb001",
            "phone": null,
            "postcode": "",
            "sex": "1",
            "station": "",
            "update_date": "2014-11-19 00:16:57.0"
        },
        {
            "address": "",
            "birthDate": "1980/01/01",
            "department": null,
            "departmentId": null,
            "ebMailAddress": null,
            "id": "0013",
            "insert_date": "2014-11-11 00:02:34.0",
            "introduction": null,
            "japanComeDate": "",
            "jobId": null,
            "joinDate": "2014/01/01",
            "kana": "ウクィ",
            "mailAddress": "",
            "name": "yin002",
            "phone": null,
            "postcode": "",
            "sex": "1",
            "station": "",
            "update_date": "2014-11-19 00:16:57.0"
        },
        {
            "address": "",
            "birthDate": "1980/01/01",
            "department": null,
            "departmentId": null,
            "ebMailAddress": null,
            "id": "0012",
            "insert_date": "2014-11-11 00:01:52.0",
            "introduction": null,
            "japanComeDate": "",
            "jobId": null,
            "joinDate": "2014/01/01",
            "kana": "ハナ",
            "mailAddress": "",
            "name": "yin001",
            "phone": null,
            "postcode": "",
            "sex": "1",
            "station": "",
            "update_date": "2014-11-19 00:16:57.0"
        },
        {
            "address": "3333",
            "birthDate": "1989/01/01",
            "department": "管理部",
            "departmentId": "1",
            "ebMailAddress": "",
            "id": "0011",
            "insert_date": "2014-06-16 22:04:33.0",
            "introduction": null,
            "japanComeDate": "",
            "jobId": null,
            "joinDate": "2014/04/10",
            "kana": "フリガナ",
            "mailAddress": "",
            "name": "as001",
            "phone": "08001010101",
            "postcode": "135/0061",
            "sex": "1",
            "station": "最寄駅最寄駅最寄駅最寄駅",
            "update_date": "2014-11-19 00:16:57.0"
        },
        {
            "address": "1980/01/01",
            "birthDate": "1980/01/01",
            "department": "管理部",
            "departmentId": "1",
            "ebMailAddress": null,
            "id": "0007",
            "insert_date": "2014-06-12 02:07:14.0",
            "introduction": null,
            "japanComeDate": "",
            "jobId": null,
            "joinDate": "1980/01/01",
            "kana": "マキ",
            "mailAddress": "adsfaf@eb.com",
            "name": "asdfasdf",
            "phone": "123123123",
            "postcode": "114/0012",
            "sex": "1",
            "station": "1980/01/01",
            "update_date": "2014-06-12 02:14:13.0"
        },
        {
            "address": "フリガナ1-27-12",
            "birthDate": "1980/01/01",
            "department": "開発部　4部",
            "departmentId": "7",
            "ebMailAddress": "",
            "id": "0006",
            "insert_date": "2014-06-12 02:00:22.0",
            "introduction": null,
            "japanComeDate": "",
            "jobId": null,
            "joinDate": "2014/01/12",
            "kana": "フリ　 ガナ",
            "mailAddress": "1212@12.com",
            "name": "フリガナ",
            "phone": "080-4058-8301",
            "postcode": "114/0012",
            "sex": "1",
            "station": "fh",
            "update_date": "2014-11-19 00:16:57.0"
        }
    ],
    "error": null,
    "serverTime": "Wed Jun 03 14:51:21 JST 2015",
    "statusCd": "1",
    "token": "13C11C51C7D81A4225337D5D2EB89236"
}