{
    "contractDetail": null,
    "employeeDetail": {
        "INSERT_DATE": null,
        "UPDATE_DATE": null,
        "address": "田端新町1-27-112",
        "birthDate": "1988/10/19",
        "department": "開発部　2部",
        "departmentId": "5",
        "id": "0004",
        "introduction": null,
        "jobId": null,
        "joinDate": "",
        "kana": "アイ",
        "mailAddress": "aaasdf@676.com",
        "name": "abｄc",
        "phone": "818040588301",
        "postcode": "114/0012",
        "sex": "1",
        "station": "warabi"
    },
    "error": "契約存在していません",
    "serverTime": "Wed Jun 03 12:31:02 JST 2015",
    "statusCd": "0",
    "token": "CED3CF2E34E3AA683F86CDEDB9184A52"
}