{
    "contractDetail": {
        "ABOUT_DISCHARGE": "１、就業期間中、業務能力が著しく劣り、又は業務実績が著しく不良のとき、会社の業務命令が従わないとき、減給、降職又は諭旨解雇とする。\r\n２、自己都合退職の際は退職する３０日前までに届け出ること。\r\n３、解雇の事由及び手続きは、就業規格の定めるところによる。",
        "ALLOWANCE_BASE": "150000",
        "ALLOWANCE_CHANGE": "会社の業績及び社員各人の業績その他の状況を勘案し、昇給または降給を行うことがある。",
        "ALLOWANCE_DATE": "１、締切日及び支払日：毎月末日×、翌月末日払\r\n２、支払時の控除：所得税・社会保険",
        "ALLOWANCE_TICKET": "",
        "ALLOWANLE_COST": "219500",
        "ALLOWANLE_INFO": null,
        "BONUS": "１、会社の業績及び社員各人の業績その他の状況を勘案し、賞与支給要件を満たした者に対し、\r\n　　０１月及び０７に賞与を支給する。\r\n２、賞与の額は、１年２ヵ月分とする。\r\n　　ただし会社業績、本人業績、勤怠状況及び将来への期待度により、変更の可能がある。",
        "BRANCHOFFICEID": "1",
        "BRANCHOFFICENAME": "株式会社イー･ビジネス",
        "BRANCHPRESIDENT": "花　東江",
        "BUSINESS_ADDR": "就業の場所（当社社内及び雇用者が指定した場所）",
        "BUSINESS_OTHER": "就業の場所及び業務の種類は、業務の都合により変更することがある。\r\n出向、転勤、配置転換等の業務命令が発令されることがある。",
        "BUSINESS_TIME": "始業及び終業時刻　午前　９時００分　～　午後　６時００分\r\n休憩時間　　　　　正午～午後１時\r\n就業時間の変更　　前記にかかわらず業務の都合または就業場所変更により\r\n　　　　　　　　　始業及び終業時刻の変更を行うことがある。\r\n所定労働時間を越える労働の有無　有",
        "BUSINESS_TYPE": "業務の種類（プログラマー）",
        "CONTRACT_DATE": "2015-05-28 00:00:00.0",
        "CONTRACT_NO": "EB002520150529",
        "CONTRACT_STATUS": "登録済み",
        "EMPLOYER_NAME": "ああああ",
        "EMPLOYER_NO": "0025",
        "EMPLOYER_TYPE": "契約社員",
        "EMPLOYMENT_DATE": "2015-05-28 00:00:00.0",
        "EMPLOYMENT_PERIOD": "雇用期間",
        "ENDOWMENT_INSURANCE": "2",
        "HOLIDAY": "週休2日制（土・日・祝祭日休み）",
        "INSERT_DATE": "2015-05-29 23:21:54.0",
        "MEMO": "上記以外の雇用条件については、就業規則の定めるところによる",
        "MOVE_FLG": "0",
        "NOT_PAID_VACATION": "産前産後、育児・介護休業、生理休暇、その他就業規格に定めがあるときは当該休暇。",
        "PAID_VACATION": "年次有給休暇：労働基準法の定めによる。",
        "UPDATE_DATE": "2015-05-29 23:21:54.0",
        "allowanleInfoList": [
            {
                "ALLOWANLE": "90000",
                "ALLOWANLE_ID": "1",
                "ALLOWANLE_MEMO": "役職手当",
                "ALLOWANLE_NM": "役職手当",
                "BRANCHOFFICEID": "1",
                "CONTRACT_NO": "EB002520150529",
                "DISPLAY_FLG": "0",
                "INSERT_DATE": null,
                "UPDATE_DATE": null
            },
            {
                "ALLOWANLE": "0",
                "ALLOWANLE_ID": "2",
                "ALLOWANLE_MEMO": "",
                "ALLOWANLE_NM": "職業手当",
                "BRANCHOFFICEID": "1",
                "CONTRACT_NO": "EB002520150529",
                "DISPLAY_FLG": "0",
                "INSERT_DATE": null,
                "UPDATE_DATE": null
            },
            {
                "ALLOWANLE": "20000",
                "ALLOWANLE_ID": "3",
                "ALLOWANLE_MEMO": "",
                "ALLOWANLE_NM": "精勤手当",
                "BRANCHOFFICEID": "1",
                "CONTRACT_NO": "EB002520150529",
                "DISPLAY_FLG": "1",
                "INSERT_DATE": null,
                "UPDATE_DATE": null
            },
            {
                "ALLOWANLE": "20000",
                "ALLOWANLE_ID": "4",
                "ALLOWANLE_MEMO": "",
                "ALLOWANLE_NM": "安全手当",
                "BRANCHOFFICEID": "1",
                "CONTRACT_NO": "EB002520150529",
                "DISPLAY_FLG": "1",
                "INSERT_DATE": null,
                "UPDATE_DATE": null
            },
            {
                "ALLOWANLE": "0",
                "ALLOWANLE_ID": "5",
                "ALLOWANLE_MEMO": "",
                "ALLOWANLE_NM": "資格手当",
                "BRANCHOFFICEID": "1",
                "CONTRACT_NO": "EB002520150529",
                "DISPLAY_FLG": "0",
                "INSERT_DATE": null,
                "UPDATE_DATE": null
            },
            {
                "ALLOWANLE": "",
                "ALLOWANLE_ID": "6",
                "ALLOWANLE_MEMO": "通勤手当",
                "ALLOWANLE_NM": "通勤手当",
                "BRANCHOFFICEID": "1",
                "CONTRACT_NO": "EB002520150529",
                "DISPLAY_FLG": "2",
                "INSERT_DATE": null,
                "UPDATE_DATE": null
            },
            {
                "ALLOWANLE": "",
                "ALLOWANLE_ID": "7",
                "ALLOWANLE_MEMO": "精算条件",
                "ALLOWANLE_NM": "精算条件",
                "BRANCHOFFICEID": "1",
                "CONTRACT_NO": "EB002520150529",
                "DISPLAY_FLG": "2",
                "INSERT_DATE": null,
                "UPDATE_DATE": null
            },
            {
                "ALLOWANLE": "",
                "ALLOWANLE_ID": "8",
                "ALLOWANLE_MEMO": "残業手当",
                "ALLOWANLE_NM": "残業手当",
                "BRANCHOFFICEID": "1",
                "CONTRACT_NO": "EB002520150529",
                "DISPLAY_FLG": "2",
                "INSERT_DATE": null,
                "UPDATE_DATE": null
            },
            {
                "ALLOWANLE": "",
                "ALLOWANLE_ID": "9",
                "ALLOWANLE_MEMO": "欠勤控除",
                "ALLOWANLE_NM": "欠勤控除",
                "BRANCHOFFICEID": "1",
                "CONTRACT_NO": "EB002520150529",
                "DISPLAY_FLG": "2",
                "INSERT_DATE": null,
                "UPDATE_DATE": null
            }
        ]
    },
    "employeeDetail": {
        "INSERT_DATE": null,
        "UPDATE_DATE": null,
        "address": "",
        "birthDate": "2014/01/01",
        "department": null,
        "departmentId": null,
        "id": "0025",
        "introduction": null,
        "jobId": null,
        "joinDate": "2014/01/01",
        "kana": "ア",
        "mailAddress": "",
        "name": "ああああ",
        "phone": null,
        "postcode": "",
        "sex": "1",
        "station": ""
    },
    "error": null,
    "serverTime": "Wed Jun 03 13:01:59 JST 2015",
    "statusCd": "1",
    "token": "2870BC36C4B5BA76A41A6499378BF3D9"
}